Date,R_strat,R_market,XR_strat,XR_market,Beta_63,Beta_126,Corr_63,Corr_126
2015-02-03,0.0,-0.004643483770618517,-0.00023125256064071564,-0.004874736331259233,,,,
2015-02-04,0.0,-0.003751432939651078,-0.00023125256064071564,-0.003982685500291794,,,,
2015-02-05,0.0,-0.0013755630903555804,-0.00023125256064071564,-0.001606815650996296,,,,
2015-02-06,0.0,-0.005814064934449137,-0.00023125256064071564,-0.0060453174950898525,,,,
2015-02-09,0.0,-0.01555240973670402,-0.00023125256064071564,-0.015783662297344736,,,,
2015-02-10,0.0,0.0045975355349490155,-0.00023125256064071564,0.0043662829743083,,,,
2015-02-11,0.0,0.007220854159723844,-0.00023125256064071564,0.006989601599083128,,,,
2015-02-12,0.0,0.009753739278629103,-0.00023125256064071564,0.009522486717988388,,,,
2015-02-13,0.0,0.0107845558389561,-0.00023125256064071564,0.010553303278315385,,,,
2015-02-16,0.0,0.00043718237181300523,-0.00023125256064071564,0.0002059298111722896,,,,
2015-02-18,0.0,0.006782566551384539,-0.00023125256064071564,0.006551313990743823,,,,
2015-02-19,0.0,0.0029540986646272582,-0.00023125256064071564,0.0027228461039865426,,,,
2015-02-20,0.0,-0.006936269340802492,-0.00023125256064071564,-0.007167521901443208,,,,
2015-02-23,0.0,-0.008903438863023694,-0.00023125256064071564,-0.00913469142366441,,,,
2015-02-24,0.0,0.0008166139044774035,-0.00023125256064071564,0.0005853613438366878,,,,
2015-02-25,0.0,0.0005878032497472763,-0.00023125256064071564,0.0003565506891065606,,,,
2015-02-26,0.0,-0.00951271956713906,-0.00023125256064071564,-0.009743972127779776,,,,
2015-02-27,0.0,0.018511375395821705,-0.00023125256064071564,0.01828012283518099,,,,
2015-03-02,0.0,0.01268009809128312,-0.00023125256064071564,0.012448845530642405,,,,
2015-03-03,0.0,0.004410081781896391,-0.00023125256064071564,0.0041788292212556755,,,,
2015-03-04,0.0,-0.008181143184660233,-0.00023125256064071564,-0.008412395745300949,,,,
2015-03-05,0.0,0.0016922784950608172,-0.00023125256064071564,0.0014610259344201015,,,,
2015-03-09,0.0,-0.02025118178512486,-0.00023125256064071564,-0.020482434345765577,,,,
2015-03-10,0.0,-0.005104655872612551,-0.00023125256064071564,-0.005335908433253267,,,,
2015-03-11,0.0,-0.0013888361116221049,-0.00023125256064071564,-0.0016200886722628205,,,,
2015-03-12,0.0,0.008741406902360804,-0.00023125256064071564,0.008510154341720089,,,,
2015-03-13,0.0,-0.014613719234275346,-0.00023125256064071564,-0.014844971794916062,,,,
2015-03-16,0.0,-0.0016882552542568652,-0.00023125256064071564,-0.0019195078148975808,,,,
2015-03-17,0.0,0.010442238346779709,-0.00023125256064071564,0.010210985786138993,,,,
2015-03-18,0.0,-0.004287301239194297,-0.00023125256064071564,-0.004518553799835012,,,,
2015-03-19,0.0,-0.00590036699653107,-0.00023125256064071564,-0.006131619557171786,,,,
2015-03-20,0.0,-0.0073830435647072035,-0.00023125256064071564,-0.007614296125347919,,,,
2015-03-23,0.0,-0.002333477124745964,-0.00023125256064071564,-0.0025647296853866797,,,,
2015-03-24,0.0,-0.000929749494125387,-0.00023125256064071564,-0.0011610020547661026,,,,
2015-03-25,0.0,-0.0014222710360253243,-0.00023125256064071564,-0.00165352359666604,,,,
2015-03-26,0.0,-0.022113918786236364,-0.00023125256064071564,-0.02234517134687708,,,,
2015-03-27,0.0,-8.990487642646094e-05,-0.00023125256064071564,-0.0003211574370671766,,,,
2015-03-30,0.0,0.018090417315550278,-0.00023125256064071564,0.017859164754909562,,,,
2015-03-31,0.0,-0.0001530568535489385,-0.00023125256064071564,-0.00038430941418965414,,,,
2015-04-01,0.0,0.011217759981156483,-0.00023125256064071564,0.010986507420515768,,,,
2015-04-06,0.0,0.00857771327704171,-0.00023125256064071564,0.008346460716400994,,,,
2015-04-07,0.0,4.612224673294918e-05,-0.00023125256064071564,-0.00018513031390776646,,,,
2015-04-08,0.0,0.006246964557533818,-0.00023125256064071564,0.006015711996893103,,,,
2015-04-09,0.0,0.007332623152276119,-0.00023125256064071564,0.007101370591635403,,,,
2015-04-10,0.0,0.0002335081659441407,-0.00023125256064071564,2.2556053034250567e-06,,,,
2015-04-13,0.0,0.006110279546012176,-0.00023125256064071564,0.0058790269853714605,,,,
2015-04-16,0.0,-0.014410211080767454,-0.00023125256064071564,-0.01464146364140817,,,,
2015-04-17,0.0,-0.01156582781691673,-0.00023125256064071564,-0.011797080377557445,,,,
2015-04-20,0.0,-0.01834770981001632,-0.00023125256064071564,-0.018578962370657037,,,,
2015-04-21,0.0,-0.008327270348106652,-0.00023125256064071564,-0.008558522908747368,,,,
2015-04-22,0.0,0.006200972255378856,-0.00023125256064071564,0.00596971969473814,,,,
2015-04-23,0.0,-0.0037249712205020824,-0.00023125256064071564,-0.003956223781142798,,,,
2015-04-24,0.0,-0.011079600258562361,-0.00023125256064071564,-0.011310852819203077,,,,
2015-04-27,0.0,-0.011011130948797465,-0.00023125256064071564,-0.01124238350943818,,,,
2015-04-28,0.0,0.008741362876475867,-0.00023125256064071564,0.008510110315835151,,,,
2015-04-29,0.0,-0.005533650132347967,-0.00023125256064071564,-0.005764902692988683,,,,
2015-04-30,0.0,-0.007069389241178392,-0.00023125256064071564,-0.007300641801819108,,,,
2015-05-04,0.0,0.01838907233545184,-0.00023125256064071564,0.018157819774811124,,,,
2015-05-05,0.0,-0.0008581893143123631,-0.00023125256064071564,-0.0010894418749530788,,,,
2015-05-06,0.0,-0.02736399793773192,-0.00023125256064071564,-0.027595250498372637,,,,
2015-05-07,0.0,-0.004903074634123761,-0.00023125256064071564,-0.005134327194764476,,,,
2015-05-08,0.0,0.01665572816769534,-0.00023125256064071564,0.016424475607054623,,,,
2015-05-11,0.0,0.01632790087285607,-0.00023125256064071564,0.016096648312215356,0.0,,,
2015-05-12,0.0,-0.02381908107113906,-0.00023125256064071564,-0.024050333631779774,0.0,,,
2015-05-13,0.0,0.013350641678914421,-0.00023125256064071564,0.013119389118273705,0.0,,,
2015-05-14,0.0,-0.0013660455388829762,-0.00023125256064071564,-0.0015972980995236918,4.706426998735894e-19,,inf,
2015-05-15,0.0,0.004638677701966021,-0.00023125256064071564,0.004407425141325305,0.0,,,
2015-05-18,0.0,0.013470838987944989,-0.00023125256064071564,0.013239586427304273,1.1815679008571393e-19,,inf,
2015-05-19,0.0,-0.0009553778372400901,-0.00023125256064071564,-0.0011866303978808057,2.370956045612463e-19,,inf,
2015-05-20,0.0,0.006885251795789804,-0.00023125256064071564,0.006653999235149088,2.372625787955293e-19,,inf,
2015-05-21,0.0,-0.00026711779894939003,-0.00023125256064071564,-0.0004983703595901057,2.407966375105576e-19,,inf,
2015-05-22,0.0,0.004506613859696085,-0.00023125256064071564,0.004275361299055369,2.4442092980627976e-19,,inf,
2015-05-25,0.0,-0.010485957862909845,-0.00023125256064071564,-0.01071721042355056,4.821189866399322e-19,,inf,
2015-05-26,0.0,-0.0036916926764433144,-0.00023125256064071564,-0.00392294523708403,-4.856259823382589e-19,,-inf,
2015-05-27,0.0,-0.0005695887835976965,-0.00023125256064071564,-0.0008008413442384121,4.866960822123973e-19,,inf,
2015-05-28,0.0,-0.00187166871908917,-0.00023125256064071564,-0.0021029212797298857,-4.892021931646905e-19,,-inf,
2015-05-29,0.0,0.013781751487558669,-0.00023125256064071564,0.013550498926917953,2.395677224601241e-19,,inf,
2015-06-01,0.0,-2.964315431874809e-05,-0.00023125256064071564,-0.00026089571495946373,2.3962238087184943e-19,,inf,
2015-06-02,0.0,-0.023353592405198742,-0.00023125256064071564,-0.023584844965839458,0.0,,,
2015-06-03,0.0,-0.012305070176218624,-0.00023125256064071564,-0.01253632273685934,0.0,,,
2015-06-04,0.0,-0.0005470363313393456,-0.00023125256064071564,-0.0007782888919800612,4.671737580182573e-19,,inf,
2015-06-05,0.0,-0.001961676769116849,-0.00023125256064071564,-0.0021929293297575647,4.804843616606029e-19,,inf,
2015-06-08,0.0,-0.008694134258897646,-0.00023125256064071564,-0.008925386819538361,0.0,,,
2015-06-09,0.0,-0.0027038282806817193,-0.00023125256064071564,-0.002935080841322435,-4.823918354453717e-19,,-inf,
2015-06-10,0.0,0.012720668903445809,-0.00023125256064071564,0.012489416342805093,4.692908871718022e-19,,inf,
2015-06-11,0.0,-0.019582875620068996,-0.00023125256064071564,-0.01981412818070971,0.0,,,
2015-06-12,0.0,0.0022032684655837187,-0.00023125256064071564,0.001972015904943003,-4.709872834621902e-19,,-inf,
2015-06-15,0.0,0.003883300602441242,-0.00023125256064071564,0.0036520480418005263,0.0,,,
2015-06-16,0.0,0.004167746384501569,-0.00023125256064071564,0.003936493823860854,0.0,,,
2015-06-17,0.0,0.005498738840850059,-0.00023125256064071564,0.005267486280209344,4.833228976293273e-19,,inf,
2015-06-18,0.0,0.010263830165222254,-0.00023125256064071564,0.010032577604581538,0.0,,,
2015-06-19,0.0,0.006159334653041526,-0.00023125256064071564,0.00592808209240081,-4.801366355357253e-19,,-inf,
2015-06-22,0.0,0.015580570218593381,-0.00023125256064071564,0.015349317657952666,0.0,,,
2015-06-23,0.0,0.003405944696333929,-0.00023125256064071564,0.0031746921356932134,-2.320871048442065e-19,,-inf,
2015-06-24,0.0,-0.002469733616678238,-0.00023125256064071564,-0.0027009861773189536,2.3354050851068805e-19,,inf,
2015-06-25,0.0,0.00444337505883885,-0.00023125256064071564,0.004212122498198134,-1.1647443056510657e-19,,-inf,
2015-06-26,0.0,-0.0020124304149797823,-0.00023125256064071564,-0.002243682975620498,0.0,,,
2015-06-29,0.0,-0.00748102536329065,-0.00023125256064071564,-0.0077122779239313655,-2.3123547145495646e-19,,-inf,
2015-06-30,0.0,0.006022745602803914,-0.00023125256064071564,0.005791493042163198,9.242999904962704e-20,,inf,
2015-07-01,0.0,0.01010334046573469,-0.00023125256064071564,0.009872087905093974,7.592189457596269e-20,,inf,
2015-07-02,0.0,-0.0009640797405430224,-0.00023125256064071564,-0.001195332301183738,2.5490709188891625e-19,,inf,
2015-07-03,0.0,0.004736586359787687,-0.00023125256064071564,0.004505333799146971,1.2701879572694074e-19,,inf,
2015-07-06,0.0,0.004390151714822377,-0.00023125256064071564,0.004158899154181661,2.5823689970165917e-19,,inf,
2015-07-07,0.0,-0.0013318922357890006,-0.00023125256064071564,-0.0015631447964297163,1.3062952242251763e-19,,inf,
2015-07-08,0.0,-0.01736029555278973,-0.00023125256064071564,-0.017591548113430444,2.499519951642919e-19,,inf,
2015-07-09,0.0,-0.004125289314989233,-0.00023125256064071564,-0.004356541875629949,2.512364294383885e-19,,inf,
2015-07-10,0.0,0.0038422055160178825,-0.00023125256064071564,0.003610952955377167,-2.529070444636513e-19,,-inf,
2015-07-13,0.0,0.011853357524637564,-0.00023125256064071564,0.011622104963996849,-2.4709614563604713e-19,,-inf,
2015-07-14,0.0,-0.0006561478304294432,-0.00023125256064071564,-0.0008874003910701589,-2.4875089143983915e-19,,-inf,
2015-07-15,0.0,0.008244543893853207,-0.00023125256064071564,0.008013291333212491,2.532326254616718e-19,,inf,
2015-07-16,0.0,0.009884089482447456,-0.00023125256064071564,0.00965283692180674,-6.360926444447812e-20,,-inf,
2015-07-17,0.0,0.00020908390731189108,-0.00023125256064071564,-2.216865332882456e-05,-3.356716996230522e-20,,-inf,
2015-07-20,0.0,-0.0007432666484129546,-0.00023125256064071564,-0.0009745192090536703,0.0,,,
2015-07-21,0.0,-0.00860120048586066,-0.00023125256064071564,-0.008832453046501376,-3.794042088487471e-20,,-inf,
2015-07-22,0.0,0.012198887654526924,-0.00023125256064071564,0.011967635093886209,-6.612941199966578e-20,,-inf,
2015-07-23,0.0,-0.005061700968610694,-0.00023125256064071564,-0.00529295352925141,-1.3446844969956082e-19,,-inf,
2015-07-24,0.0,-0.00794547038951432,-0.00023125256064071564,-0.008176722950155035,-1.3582315545535672e-19,,-inf,
2015-07-27,0.0,-0.01884044667546103,-0.00023125256064071564,-0.019071699236101747,-1.6183363817442278e-19,,-inf,
2015-07-28,0.0,-0.002870470039468942,-0.00023125256064071564,-0.0031017226001096576,-1.5836649068313733e-19,,-inf,
2015-07-29,0.0,0.004563968416396724,-0.00023125256064071564,0.004332715855756009,-1.9603743376405442e-19,,-inf,
2015-07-30,0.0,0.005582056356707721,-0.00023125256064071564,0.005350803796067005,-2.485174775328108e-19,,-inf,
2015-07-31,0.0,0.013185994355469077,-0.00023125256064071564,0.012954741794828362,-2.0027316738447081e-19,,-inf,
2015-08-03,0.0,0.0011954031512864116,-0.00023125256064071564,0.000964150590645696,-3.0545291676963033e-19,,-inf,
2015-08-04,0.0,-0.00306089917070973,-0.00023125256064071564,-0.0032921517313504456,-3.064646063349877e-19,,-inf,
2015-08-05,0.0,0.005993941733038577,-0.00023125256064071564,0.005762689172397861,-3.1959652595941967e-19,,-inf,
2015-08-06,0.0,0.002416003226048735,-0.00023125256064071564,0.0021847506654080195,-3.3519594929523446e-19,0.0,-inf,
2015-08-07,0.0,-0.002800298085977815,-0.00023125256064071564,-0.0030315506466185305,-3.8020772853699983e-19,1.4628121842746007e-19,-inf,inf
2015-08-10,0.0,-0.004553627931107251,-0.00023125256064071564,-0.004784880491747967,-3.919608776564891e-19,-1.4619852893064512e-19,-inf,-inf
2015-08-11,0.0,-0.007418833032042493,-0.00023125256064071564,-0.007650085592683209,-5.798111896885004e-19,-1.4554518459695413e-19,-inf,-inf
2015-08-12,0.0,-0.013341379081930671,-0.00023125256064071564,-0.013572631642571387,-4.765990775065837e-19,0.0,-inf,
2015-08-13,0.0,0.0007664473603414823,-0.00023125256064071564,0.0005351947997007667,-5.810807063822939e-19,-1.467551352636543e-19,-inf,-inf
2015-08-14,0.0,0.01947141259339502,-0.00023125256064071564,0.019240160032754305,-4.903323288052384e-19,-7.112627607684935e-20,-inf,-inf
2015-08-17,0.0,-0.004842373519645449,-0.00023125256064071564,-0.005073626080286164,-6.265412812412367e-19,-1.4261478675844817e-19,-inf,-inf
2015-08-18,0.0,-0.0012680924643075908,-0.00023125256064071564,-0.0014993450249483065,-5.815638076084225e-19,0.0,-inf,
2015-08-19,0.0,0.0033780685872379923,-0.00023125256064071564,0.0031468160265972767,-6.274631580245708e-19,0.0,-inf,
2015-08-20,0.0,-0.014408266481082843,-0.00023125256064071564,-0.014639519041723559,-6.144861688795516e-19,0.0,-inf,
2015-08-21,0.0,-0.008694849922367243,-0.00023125256064071564,-0.008926102483007958,-6.932199670586189e-19,0.0,-inf,
2015-08-24,0.0,-0.05915098088055637,-0.00023125256064071564,-0.059382233441197085,-4.042226661395118e-19,0.0,-inf,
2015-08-25,0.0,0.009181738418811536,-0.00023125256064071564,0.00895048585817082,-3.9937100496476435e-19,-4.397354168190704e-19,-inf,-inf
2015-08-26,0.0,-0.011274391291918318,-0.00023125256064071564,-0.011505643852559033,-8.096435203150649e-19,0.0,-inf,
2015-08-27,0.0,0.02016210472317792,-0.00023125256064071564,0.019930852162537205,0.0,-4.2624555442352635e-19,,-inf
2015-08-28,0.0,0.006667547122292117,-0.00023125256064071564,0.006436294561651401,-2.0278099190933249e-19,-2.1241086014051107e-19,-inf,-inf
2015-08-31,0.0,-0.003830365083121179,-0.00023125256064071564,-0.0040616176437618945,-3.0910441265221924e-19,0.0,-inf,
2015-09-01,0.0,-0.023264675971940818,-0.00023125256064071564,-0.023495928532581534,-1.9360378593367318e-19,0.0,-inf,
2015-09-02,0.0,-0.0088429775544967,-0.00023125256064071564,-0.009074230115137416,-1.9215168788171984e-19,-4.26517502993709e-19,-inf,-inf
2015-09-03,0.0,0.013735907736166952,-0.00023125256064071564,0.013504655175526237,-1.8914988710227374e-19,-4.214137491318165e-19,-inf,-inf
2015-09-04,0.0,-0.021468770971813878,-0.00023125256064071564,-0.021700023532454593,-3.6054796492689507e-19,0.0,-inf,
2015-09-07,0.0,-0.01257339958011272,-0.00023125256064071564,-0.012804652140753436,-3.624179769666584e-19,-4.0887028587300374e-19,-inf,-inf
2015-09-08,0.0,0.017125760525132927,-0.00023125256064071564,0.01689450796449221,-3.637216637068845e-19,4.097102277954313e-19,-inf,inf
2015-09-09,0.0,0.01695445617094271,-0.00023125256064071564,0.016723203610301995,-3.5243928097077163e-19,-4.0229247750861823e-19,-inf,-inf
2015-09-10,0.0,-0.0039009540862875447,-0.00023125256064071564,-0.00413220664692826,-1.763086145891174e-19,-4.0206793944011034e-19,-inf,-inf
2015-09-11,0.0,0.00015404360706794407,-0.00023125256064071564,-7.720895357277158e-05,-3.533880620664954e-19,0.0,-inf,
2015-09-14,0.0,0.010649249276883932,-0.00023125256064071564,0.010417996716243216,-3.5014942447627354e-19,-2.0288885423281622e-19,-inf,-inf
2015-09-15,0.0,-0.005481266771729776,-0.00023125256064071564,-0.0057125193323704915,-1.767550665563923e-19,0.0,-inf,
2015-09-16,0.0,0.008947363530129149,-0.00023125256064071564,0.008716110969488433,-1.7590872786416551e-19,-2.0300245578128134e-19,-inf,-inf
2015-09-18,0.0,0.010475810818002973,-0.00023125256064071564,0.010244558257362257,-1.785300857563288e-19,0.0,-inf,
2015-09-21,0.0,-0.0006013361162410247,-0.00023125256064071564,-0.0008325886768817403,-1.7884929415927745e-19,0.0,-inf,
2015-09-22,0.0,-0.02069675641963653,-0.00023125256064071564,-0.020928008980277246,-3.432982758249376e-19,0.0,-inf,
2015-09-23,0.0,0.004345903137800811,-0.00023125256064071564,0.004114650577160095,-3.4333543939333254e-19,0.0,-inf,
2015-09-24,0.0,0.002874069312977845,-0.00023125256064071564,0.0026428167523371293,-3.4285511350932535e-19,0.0,-inf,
2015-09-28,0.0,-0.009252056260723118,-0.00023125256064071564,-0.009483308821363834,0.0,0.0,,
2015-09-29,0.0,0.006105879931557867,-0.00023125256064071564,0.0058746273709171515,0.0,0.0,,
2015-09-30,0.0,0.013463733413981993,-0.00023125256064071564,0.013232480853341277,-3.389222517901964e-19,-1.9915081129719693e-19,-inf,-inf
2015-10-01,0.0,0.00025160714370175974,-0.00023125256064071564,2.0354583061044096e-05,-3.3887783532036017e-19,0.0,-inf,
2015-10-05,0.0,0.02117998017986733,-0.00023125256064071564,0.020948727619226615,-3.2403849426805086e-19,0.0,-inf,
2015-10-06,0.0,0.004138299910646515,-0.00023125256064071564,0.003907047350005799,-3.2411593590625204e-19,-3.9805697884070126e-19,-inf,-inf
2015-10-07,0.0,0.0030050657181448504,-0.00023125256064071564,0.0027738131575041347,-3.237278358823342e-19,-1.9984690088252873e-19,-inf,-inf
2015-10-08,0.0,-0.005875926976951273,-0.00023125256064071564,-0.006107179537591989,-1.6599319846167338e-19,-3.9898493217704076e-19,-inf,-inf
2015-10-09,0.0,0.00742372968703231,-0.00023125256064071564,0.007192477126391594,-3.3052239354512403e-19,-1.9928862870373555e-19,-inf,-inf
2015-10-12,0.0,-0.005629033610123568,-0.00023125256064071564,-0.005860286170764284,-3.3013033096700216e-19,-1.9969970046249373e-19,-inf,-inf
2015-10-13,0.0,-0.0014612581906097155,-0.00023125256064071564,-0.0016925107512504312,-3.351101125090292e-19,0.0,-inf,
2015-10-14,0.0,-0.002926853228365389,-0.00023125256064071564,-0.003158105789006105,-1.6746135849448374e-19,-2.0016648582418483e-19,-inf,-inf
2015-10-15,0.0,0.008830905477206663,-0.00023125256064071564,0.008599652916565947,-3.3456352930493495e-19,0.0,-inf,
2015-10-16,0.0,0.007170412693318751,-0.00023125256064071564,0.006939160132678035,-5.043502895577717e-19,-2.0228480289100713e-19,-inf,-inf
2015-10-19,0.0,0.004479089639404021,-0.00023125256064071564,0.004247837078763306,-3.353882602427107e-19,-2.0613433116439876e-19,-inf,-inf
2015-10-20,0.0,-0.0016192547934769097,-0.00023125256064071564,-0.0018505073541176253,-1.6767566741805172e-19,-2.0697536310035092e-19,-inf,-inf
2015-10-21,0.0,-0.001204383487806604,-0.00023125256064071564,-0.0014356360484473196,-3.375597797536265e-19,-1.0373307896929772e-19,-inf,-inf
2015-10-23,0.0,0.005301937657024025,-0.00023125256064071564,0.0050706850963833094,-3.4197650457661694e-19,-1.0363327016644783e-19,-inf,-inf
2015-10-26,0.0,-0.004207172582956553,-0.00023125256064071564,-0.004438425143597269,-1.7111077023418195e-19,-2.0862756112660115e-19,-inf,-inf
2015-10-27,0.0,-0.0033471638954116756,-0.00023125256064071564,-0.0035784164560523912,-5.158348426954328e-19,-2.1008407833686589e-19,-inf,-inf
2015-10-28,0.0,-0.007494344931314734,-0.00023125256064071564,-0.007725597491955449,-1.772487197671409e-19,-3.155170992569961e-19,-inf,-inf
2015-10-29,0.0,-0.00727557689096936,-0.00023125256064071564,-0.007506829451610075,-1.7646389080446122e-19,-2.1005162010845213e-19,-inf,-inf
2015-10-30,0.0,-0.005664646384873739,-0.00023125256064071564,-0.005895898945514455,-3.528433071963767e-19,-3.154297215323211e-19,-inf,-inf
2015-11-02,0.0,-0.0018597039801661053,-0.00023125256064071564,-0.002090956540806821,-1.771024038211175e-19,-3.223388846693262e-19,-inf,-inf
2015-11-03,0.0,0.0012297400090901522,-0.00023125256064071564,0.0009984874484494366,-3.6149570740280796e-19,-2.1487017976604353e-19,-inf,-inf
2015-11-04,0.0,-0.0025432033822472278,-0.00023125256064071564,-0.0027744559428879434,-3.61549798256385e-19,-3.3838534921919807e-19,-inf,-inf
2015-11-05,0.0,-0.010540782311541208,-0.00023125256064071564,-0.010772034872181924,-3.581501166135154e-19,-3.364090252155187e-19,-inf,-inf
2015-11-06,0.0,-0.00014460408861305396,-0.00023125256064071564,-0.0003758566492537696,0.0,-3.4288861227699516e-19,,-inf
2015-11-09,0.0,-0.004915531264230055,-0.00023125256064071564,-0.005146783824870771,-3.599897199179969e-19,-6.979002194521346e-19,-inf,-inf
2015-11-10,0.0,-0.01665783484975325,-0.00023125256064071564,-0.016889087410393966,-3.511671643976909e-19,-4.747154985075901e-19,-inf,-inf
2015-11-13,0.0,-0.002710927478722036,-0.00023125256064071564,-0.0029421800393627517,-3.514680589961599e-19,-2.4047487706379497e-19,-inf,-inf
2015-11-16,0.0,0.005713562131630656,-0.00023125256064071564,0.0054823095709899405,-3.510264150735459e-19,-4.796962669690967e-19,-inf,-inf
2015-11-17,0.0,0.00396455648349936,-0.00023125256064071564,0.003733303922858644,0.0,-4.799131964413067e-19,,-inf
2015-11-18,0.0,-0.01349273722468125,-0.00023125256064071564,-0.013723989785321966,-7.001093773725034e-19,-2.403847933757164e-19,-inf,-inf
2015-11-19,0.0,0.014349853606560714,-0.00023125256064071564,0.014118601045919998,-3.5700397451276e-19,-4.732380217331023e-19,-inf,-inf
2015-11-20,0.0,0.0017595619760288894,-0.00023125256064071564,0.0015283094153881738,-3.571846516593573e-19,-2.374476574513573e-19,-inf,-inf
2015-11-23,0.0,-0.0009291361817810317,-0.00023125256064071564,-0.0011603887424217474,-3.5718387865257115e-19,-2.3744543633699542e-19,-inf,-inf
2015-11-24,0.0,-0.002248610038379506,-0.00023125256064071564,-0.0024798625990202217,-3.5793236382981107e-19,-2.3782455747447642e-19,-inf,-inf
2015-11-26,0.0,0.006665267171503286,-0.00023125256064071564,0.006434014610862571,-3.625631028547731e-19,-2.3865540315116975e-19,-inf,-inf
2015-11-27,0.0,0.0074710662477730505,-0.00023125256064071564,0.007239813687132335,-1.8119216912118698e-19,-4.755903700393351e-19,-inf,-inf
2015-11-30,0.0,-0.0009379927643368147,-0.00023125256064071564,-0.0011692453249775303,-5.098023885992161e-19,-4.755798290903822e-19,-inf,-inf
2015-12-01,0.0,0.0024762801857218797,-0.00023125256064071564,0.002245027625081164,-4.796608198802171e-19,-4.753975613995675e-19,-inf,-inf
2015-12-02,0.0,-0.00296041496142041,-0.00023125256064071564,-0.0031916675220611257,-4.148748200291179e-19,-2.410209770557887e-19,-inf,-inf
2015-12-03,0.0,-0.008472730932953976,-0.00023125256064071564,-0.008703983493594691,-3.2083076466799153e-19,-2.3991257881870982e-19,-inf,-inf
2015-12-04,0.0,-0.010458854551524621,-0.00023125256064071564,-0.010690107112165337,0.0,0.0,,
2015-12-07,0.0,-0.0021203048364873966,-0.00023125256064071564,-0.0023515573971281123,-3.1795519173779943e-19,-2.50059975667721e-19,-inf,-inf
2015-12-08,0.0,-0.00820301695113268,-0.00023125256064071564,-0.008434269511773396,-1.7449131708001107e-19,-2.489086399808141e-19,-inf,-inf
2015-12-09,0.0,-0.011581883616657795,-0.00023125256064071564,-0.011813136177298511,-3.45005432490482e-19,0.0,-inf,
2015-12-10,0.0,0.00930046695402309,-0.00023125256064071564,0.009069214393382374,-5.288954791471664e-19,-2.462084900728082e-19,-inf,-inf
2015-12-11,0.0,-0.00948155235730297,-0.00023125256064071564,-0.009712804917943685,0.0,-2.44798481752504e-19,,-inf
2015-12-14,0.0,0.005203320218742258,-0.00023125256064071564,0.004972067658101542,-2.0644446807349183e-19,-2.4735214417421094e-19,-inf,-inf
2015-12-15,0.0,0.006647028314128445,-0.00023125256064071564,0.006415775753487729,-1.0469553576969432e-19,-2.534144382228558e-19,-inf,-inf
2015-12-16,0.0,0.006492747683265243,-0.00023125256064071564,0.0062614951226245275,0.0,-2.5266569760465546e-19,,-inf
2015-12-17,0.0,0.012056689737954374,-0.00023125256064071564,0.011825437177313658,-1.6176648942621323e-19,-2.501506704568966e-19,-inf,-inf
2015-12-18,0.0,-0.010504363180879661,-0.00023125256064071564,-0.010735615741520377,-2.0963645191353146e-19,-3.727697289623344e-19,-inf,-inf
2015-12-21,0.0,0.009340436124388285,-0.00023125256064071564,0.00910918356374757,0.0,-2.4743132224034375e-19,,-inf
2015-12-22,0.0,-0.006171472975241898,-0.00023125256064071564,-0.006402725535882614,-2.1060441407805618e-19,0.0,-inf,
2015-12-23,0.0,0.01025546764808305,-0.00023125256064071564,0.010024215087442334,-2.092703407336524e-19,-4.9509108510960105e-19,-inf,-inf
2015-12-24,0.0,-0.0006229877514251081,-0.00023125256064071564,-0.0008542403120658237,-2.1532822417209912e-19,-2.523053994837019e-19,-inf,-inf
2015-12-28,0.0,0.008154139618607559,-0.00023125256064071564,0.007922887057966843,0.0,-5.023768289184038e-19,,-inf
2015-12-29,0.0,0.0004795231655652099,-0.00023125256064071564,0.00024827060492449426,-1.4852520288230952e-19,0.0,-inf,
2015-12-30,0.0,-0.004124151937772491,-0.00023125256064071564,-0.004355404498413207,-1.1877106682067367e-19,-2.514393066340353e-19,-inf,-inf
2015-12-31,0.0,0.006344796283837217,-0.00023125256064071564,0.006113543723196502,-1.766015649878536e-19,-5.012561882733689e-19,-inf,-inf
2016-01-04,0.0,-0.01951213966956744,-0.00023125256064071564,-0.019743392230208157,0.0,-4.896751879586069e-19,,-inf
2016-01-05,0.0,-0.0008535035886758635,-0.00023125256064071564,-0.0010847561493165792,-2.1934977241876127e-19,0.0,-inf,
2016-01-06,0.0,-0.005607176031205752,-0.00023125256064071564,-0.005838428591846467,0.0,-2.4721913937049863e-19,,-inf
2016-01-07,0.0,-0.022309804329221028,-0.00023125256064071564,-0.022541056889861744,0.0,0.0,,
2016-01-08,0.0,0.004366937597831466,-0.00023125256064071564,0.0041356850371907505,9.12521824976989e-19,-4.780762545169685e-19,inf,-inf
2016-01-11,0.0,-0.00493333414699082,-0.00023125256064071564,-0.0051645867076315355,0.0,-4.784482545308922e-19,,-inf
2016-01-12,0.0,-0.007079766557687717,-0.00023125256064071564,-0.007311019118328432,0.0,0.0,,
2016-01-13,0.0,0.006937152844914696,-0.00023125256064071564,0.00670590028427398,9.006041252482371e-19,-2.422581664320382e-19,inf,-inf
2016-01-14,0.0,-0.003385181686611949,-0.00023125256064071564,-0.0036164342472526645,9.178699722732434e-19,-2.423367249375836e-19,inf,-inf
2016-01-15,0.0,-0.013135548583687595,-0.00023125256064071564,-0.01336680114432831,0.0,4.801222987090146e-19,,inf
2016-01-18,0.0,-0.01167009155487031,-0.00023125256064071564,-0.011901344115511026,0.0,0.0,,
2016-01-19,0.0,0.011440633608522655,-0.00023125256064071564,0.011209381047881939,-8.292274647002232e-19,4.765147009230846e-19,-inf,inf
2016-01-20,0.0,-0.01691978471256972,-0.00023125256064071564,-0.017151037273210434,0.0,-4.709690500833516e-19,,-inf
2016-01-21,0.0,-0.004446390334017725,-0.00023125256064071564,-0.00467764289465844,1.6364086870439767e-18,0.0,inf,
2016-01-22,0.0,0.020015720445019758,-0.00023125256064071564,0.019784467884379042,7.390021507143076e-19,-4.600817426234367e-19,inf,-inf
2016-01-25,0.0,0.0018457122204607046,-0.00023125256064071564,0.001614459659819989,0.0,4.598091565797051e-19,,inf
2016-01-27,0.0,0.00021517824106065397,-0.00023125256064071564,-1.607431958006167e-05,-7.3647315703179385e-19,-4.61564923711604e-19,-inf,-inf
2016-01-28,0.0,-0.001761298464757477,-0.00023125256064071564,-0.0019925510253981926,1.4889114688019818e-18,4.672544802170672e-19,inf,inf
2016-01-29,0.0,0.018707939656508632,-0.00023125256064071564,0.018476687095867916,-6.830258736116551e-19,0.0,-inf,
2016-02-01,0.0,-0.0010047675458274563,-0.00023125256064071564,-0.001236020106468172,6.8357356812941645e-19,0.0,inf,
2016-02-02,0.0,-0.013287592960483763,-0.00023125256064071564,-0.013518845521124478,6.692341151465554e-19,0.0,inf,
2016-02-03,0.0,-0.01257452534768888,-0.00023125256064071564,-0.012805777908329596,0.0,4.579943739253684e-19,,inf
2016-02-04,0.0,0.005732320415128722,-0.00023125256064071564,0.0055010678544880065,6.53164041692183e-19,-4.57548636884084e-19,inf,-inf
2016-02-05,0.0,0.011493800331746407,-0.00023125256064071564,0.011262547771105691,0.0,0.0,,
2016-02-08,0.0,-0.013599777854234385,-0.00023125256064071564,-0.0138310304148751,0.0,-4.55355967795042e-19,,-inf
2016-02-09,0.0,-0.012054527014450533,-0.00023125256064071564,-0.012285779575091249,0.0,0.0,,
2016-02-10,0.0,-0.011304156886925099,-0.00023125256064071564,-0.011535409447565814,0.0,-4.488600207752089e-19,,-inf
2016-02-11,0.0,-0.03317073758299127,-0.00023125256064071564,-0.03340199014363199,0.0,0.0,,
2016-02-12,0.0,0.0006593845767279838,-0.00023125256064071564,0.00042813201608726814,0.0,0.0,,
2016-02-15,0.0,0.02607094949942601,-0.00023125256064071564,0.025839696938785295,4.722947836583936e-19,-4.0279769034562395e-19,inf,-inf
2016-02-16,0.0,-0.016012982386442,-0.00023125256064071564,-0.016244234947082714,4.584851661620579e-19,-3.9790386350482906e-19,inf,-inf
2016-02-17,0.0,0.008541154940942874,-0.00023125256064071564,0.008309902380302159,0.0,-3.9643956097379673e-19,,-inf
2016-02-18,0.0,0.011718419964794835,-0.00023125256064071564,0.01148716740415412,-4.467371406398751e-19,3.959625658447781e-19,-inf,inf
2016-02-19,0.0,0.0026419160844022294,-0.00023125256064071564,0.0024106635237615137,0.0,0.0,,
2016-02-22,0.0,0.0033006004489823937,-0.00023125256064071564,0.003069347888341678,0.0,0.0,,
2016-02-23,0.0,-0.017278200216274464,-0.00023125256064071564,-0.01750945277691518,0.0,0.0,,
2016-02-24,0.0,-0.012778531956425754,-0.00023125256064071564,-0.01300978451706647,4.46146786475763e-19,-3.964821259278196e-19,inf,-inf
2016-02-25,0.0,-0.006853134671341854,-0.00023125256064071564,-0.00708438723198257,4.446131035089119e-19,3.9634860399809903e-19,inf,inf
2016-02-26,0.0,0.008485625558068977,-0.00023125256064071564,0.008254372997428261,0.0,0.0,,
2016-02-29,0.0,-0.006074212498666354,-0.00023125256064071564,-0.006305465059307069,8.93446561146326e-19,3.987859431823271e-19,inf,inf
2016-03-01,0.0,0.03366943224623564,-0.00023125256064071564,0.033438179685594926,3.82641652258447e-19,2.2947158882961016e-19,inf,inf
2016-03-02,0.0,0.020291361052837242,-0.00023125256064071564,0.020060108492196527,0.0,0.0,,
2016-03-03,0.0,0.014486656477644022,-0.00023125256064071564,0.014255403917003306,-3.546707687360884e-19,0.0,-inf,
2016-03-04,0.0,0.0013042431206367056,-0.00023125256064071564,0.00107299055999599,1.7837300630862973e-19,-2.291082779262867e-19,inf,-inf
2016-03-08,0.0,-6.71885323921817e-06,-0.00023125256064071564,-0.0002379714138799338,-1.8022943928171192e-19,-2.2990429856709034e-19,-inf,-inf
2016-03-09,0.0,0.006212176026787919,-0.00023125256064071564,0.005980923466147203,0.0,0.0,,
2016-03-10,0.0,-0.006060955352974129,-0.00023125256064071564,-0.0062922079136148445,0.0,-1.1872298391113442e-19,,-inf
2016-03-11,0.0,0.0032126384433233124,-0.00023125256064071564,0.0029813858826825967,0.0,0.0,,
2016-03-14,0.0,0.0038014705260878134,-0.00023125256064071564,0.003570217965447098,-9.187271131143477e-20,-2.4159204197762293e-19,-inf,-inf
2016-03-15,0.0,-0.010366427105786724,-0.00023125256064071564,-0.01059767966642744,0.0,-1.239301093471255e-19,,-inf
2016-03-16,0.0,0.005113516586384925,-0.00023125256064071564,0.00488226402574421,-9.170927030157498e-20,-2.50261112534825e-19,-inf,-inf
2016-03-17,0.0,0.0018402806717785491,-0.00023125256064071564,0.0016090281111378335,0.0,0.0,,
2016-03-18,0.0,0.012219591930221929,-0.00023125256064071564,0.011988339369581213,-9.104033279230747e-20,-1.2931903067194752e-19,-inf,-inf
2016-03-21,0.0,0.013137204502793765,-0.00023125256064071564,0.012905951942153049,-9.076579721921498e-20,0.0,-inf,
2016-03-22,0.0,0.001382341219943628,-0.00023125256064071564,0.0011510886593029124,-4.591069409879179e-20,-6.385340657389151e-20,-inf,-inf
2016-03-23,0.0,0.00020740355370829633,-0.00023125256064071564,-2.3849006932419314e-05,-9.272994958824325e-20,-1.2883888933035351e-19,-inf,-inf
2016-03-28,0.0,-0.013140659929210097,-0.00023125256064071564,-0.013371912489850812,-9.139378312399e-20,0.0,-inf,
2016-03-29,0.0,-0.0023768693023248355,-0.00023125256064071564,-0.002608121862965551,-1.8500059511668457e-19,-1.2823162251061235e-19,-inf,-inf
2016-03-30,0.0,0.01819141704784788,-0.00023125256064071564,0.017960164487207164,0.0,-1.260536732436624e-19,,-inf
2016-03-31,0.0,0.00041365536126503066,-0.00023125256064071564,0.00018240280062431502,-1.7956392536496403e-19,-1.2605176240622492e-19,-inf,-inf
2016-04-01,0.0,-0.0032758836421172832,-0.00023125256064071564,-0.003507136202757999,-1.7940960149679077e-19,-2.602367329084466e-19,-inf,-inf
2016-04-04,0.0,0.005931505845093277,-0.00023125256064071564,0.005700253284452561,8.947475669745232e-20,-2.5990342562345137e-19,inf,-inf
2016-04-05,0.0,-0.02005459778469787,-0.00023125256064071564,-0.020285850345338585,0.0,-2.5227521211077243e-19,,-inf
2016-04-06,0.0,0.0014664749128432408,-0.00023125256064071564,0.0012352223522025252,0.0,-3.8070652205710835e-19,,-inf
2016-04-07,0.0,-0.00891736017820488,-0.00023125256064071564,-0.009148612738845596,0.0,0.0,,
2016-04-08,0.0,0.0011594855559287076,-0.00023125256064071564,0.000928232995287992,-1.784022849841816e-19,-5.135084935597264e-19,-inf,-inf
2016-04-11,0.0,0.015380096361092388,-0.00023125256064071564,0.015148843800451672,-1.2616427916299383e-19,-1.2599773727918597e-19,-inf,-inf
2016-04-12,0.0,0.004894842329530746,-0.00023125256064071564,0.004663589768890031,-1.3756439398626356e-19,-2.605445675424286e-19,-inf,-inf
2016-04-13,0.0,0.018355287868643932,-0.00023125256064071564,0.018124035308003217,-8.887266256564433e-20,0.0,-inf,
2016-04-18,0.0,0.008184244011682829,-0.00023125256064071564,0.007952991451042113,-1.7788063646694214e-19,-1.2643263941534282e-19,-inf,-inf
2016-04-20,0.0,6.292681500319475e-06,-0.00023125256064071564,-0.00022495987914039617,0.0,-2.534873564117144e-19,,-inf
2016-04-21,0.0,-0.0003411598992387743,-0.00023125256064071564,-0.00057241245987949,0.0,-1.2730448063333837e-19,,-inf
2016-04-22,0.0,-0.0016114660947212922,-0.00023125256064071564,-0.0018427186553620079,0.0,-2.5514334373364666e-19,,-inf
2016-04-25,0.0,-0.005601762319964343,-0.00023125256064071564,-0.005833014880605059,0.0,-1.2730350266463772e-19,,-inf
2016-04-26,0.0,0.013698206928241197,-0.00023125256064071564,0.013466954367600481,-1.8397354406886627e-19,0.0,-inf,
2016-04-27,0.0,0.0021663642394880167,-0.00023125256064071564,0.001935111678847301,0.0,0.0,,
2016-04-28,0.0,-0.016623003291656557,-0.00023125256064071564,-0.016854255852297273,0.0,-2.4847984406447517e-19,,-inf
2016-04-29,0.0,0.00032492971263820003,-0.00023125256064071564,9.367715199748439e-05,-1.9243321716369903e-19,0.0,-inf,
2016-05-02,0.0,-0.005592486870497626,-0.00023125256064071564,-0.005823739431138342,0.0,0.0,,
2016-05-03,0.0,-0.0075455620851691,-0.00023125256064071564,-0.007776814645809815,-1.9001679363592705e-19,2.4750439671251315e-19,-inf,inf
2016-05-04,0.0,-0.0052214012278947175,-0.00023125256064071564,-0.005452653788535433,-9.469624902604657e-20,-2.4770919746875416e-19,-inf,-inf
2016-05-05,0.0,0.003756570196288278,-0.00023125256064071564,0.0035253176356475624,-4.913173254508335e-20,-2.4762895145125367e-19,-inf,-inf
2016-05-06,0.0,-0.00026498670900398924,-0.00023125256064071564,-0.0004962392696447049,-4.914085730246199e-20,0.0,-inf,
2016-05-09,0.0,0.01714624210748439,-0.00023125256064071564,0.016914989546843673,0.0,0.0,,
2016-05-10,0.0,0.002765047328716186,-0.00023125256064071564,0.00253379476807547,0.0,-1.2195455111530104e-19,,-inf
2016-05-11,0.0,-0.00493796850778383,-0.00023125256064071564,-0.005169221068424545,1.9871076411465778e-19,-1.2202116449392476e-19,inf,-inf
2016-05-12,0.0,0.006567816182767139,-0.00023125256064071564,0.006336563622126423,0.0,0.0,,
2016-05-13,0.0,-0.010822236982540034,-0.00023125256064071564,-0.01105348954318075,2.0239126081874686e-19,0.0,inf,
2016-05-16,0.0,0.005867010227795566,-0.00023125256064071564,0.00563575766715485,-2.0615333616559135e-19,0.0,-inf,
2016-05-17,0.0,0.003816429729987636,-0.00023125256064071564,0.0035851771693469203,0.0,0.0,,
2016-05-18,0.0,-0.002610664088489645,-0.00023125256064071564,-0.0028419166491303605,0.0,-1.211639019164384e-19,,-inf
2016-05-19,0.0,-0.011022661712474568,-0.00023125256064071564,-0.011253914273115284,0.0,-1.2031874584082904e-19,,-inf
2016-05-20,0.0,-0.0043296897826234915,-0.00023125256064071564,-0.004560942343264207,0.0,-6.1300539855263e-20,,-inf
2016-05-23,0.0,-0.0024065951139995434,-0.00023125256064071564,-0.002637847674640259,-5.517810530833137e-19,-6.130761666978884e-20,-inf,-inf
2016-05-24,0.0,0.002302441895789764,-0.00023125256064071564,0.0020711893351490485,-5.563227474725677e-19,-6.143086436857745e-20,-inf,-inf
2016-05-25,0.0,0.024009988881288802,-0.00023125256064071564,0.023778736320648086,0.0,-8.850904074706496e-20,,-inf
2016-05-26,0.0,0.016981940750153468,-0.00023125256064071564,0.016750688189512752,0.0,0.0,,
2016-05-27,0.0,0.010781136858828422,-0.00023125256064071564,0.010549884298187706,0.0,0.0,,
2016-05-30,0.0,0.0026788078338353394,-0.00023125256064071564,0.0024475552731946237,5.268934558059634e-19,5.898093396239803e-20,inf,inf
2016-05-31,0.0,-0.0022497893677019265,-0.00023125256064071564,-0.002481041928342642,0.0,-5.895935304984967e-20,,-inf
2016-06-01,0.0,0.0024325801667495206,-0.00023125256064071564,0.002201327606108805,0.0,-5.897071173441911e-20,,-inf
2016-06-02,0.0,0.00476775519028827,-0.00023125256064071564,0.004536502629647554,0.0,-5.905507737686795e-20,,-inf
2016-06-03,0.0,0.00022504204686080165,-0.00023125256064071564,-6.210513779913995e-06,1.1239776390228222e-18,-2.963370391216149e-20,inf,-inf
2016-06-06,0.0,-0.002402442641741276,-0.00023125256064071564,-0.0026336952023819915,0.0,-2.962141118802809e-20,,-inf
2016-06-07,0.0,0.007974636440766236,-0.00023125256064071564,0.007743383880125521,0.0,0.0,,
2016-06-08,0.0,0.0007983607496653278,-0.00023125256064071564,0.0005671081890246121,7.387066721400296e-19,-1.1812657805416133e-19,inf,-inf
2016-06-09,0.0,-0.0083947512649023,-0.00023125256064071564,-0.008626003825543016,0.0,0.0,,
2016-06-10,0.0,-0.004089644337244347,-0.00023125256064071564,-0.004320896897885063,1.4367295127411327e-18,-5.948188451212141e-20,inf,-inf
2016-06-13,0.0,-0.007276541569812833,-0.00023125256064071564,-0.007507794130453549,-3.5535768916614723e-19,-1.1851736142016466e-19,-inf,-inf
2016-06-14,0.0,-0.00021576701833758705,-0.00023125256064071564,-0.0004470195789783027,-7.185879728955982e-19,-5.95726459899168e-20,-inf,-inf
2016-06-15,0.0,0.012054669964487674,-0.00023125256064071564,0.011823417403846959,0.0,-1.1927494143192999e-19,,-inf
2016-06-16,0.0,-0.008023982222768011,-0.00023125256064071564,-0.008255234783408727,0.0,-2.3858238796680985e-19,,-inf
2016-06-17,0.0,0.003617626792678852,-0.00023125256064071564,0.0033863742320381363,0.0,0.0,,
2016-06-20,0.0,0.008359624373303065,-0.00023125256064071564,0.00812837181266235,7.043445558958392e-19,-1.197437148319161e-19,inf,-inf
2016-06-21,0.0,-0.002257645126540031,-0.00023125256064071564,-0.0024888976871807467,0.0,-2.399743003669482e-19,,-inf
2016-06-22,0.0,-0.0019708505629796313,-0.00023125256064071564,-0.002202103123620347,0.0,-1.2023928129481957e-19,,-inf
2016-06-23,0.0,0.008136572328440339,-0.00023125256064071564,0.007905319767799623,3.6668099493567354e-19,-6.044791050776635e-20,inf,-inf
2016-06-24,0.0,-0.021987932139331257,-0.00023125256064071564,-0.022219184699971972,0.0,0.0,,
2016-06-27,0.0,0.0007541598771854119,-0.00023125256064071564,0.0005229073165446962,0.0,-5.91515320838838e-20,,-inf
2016-06-28,0.0,0.004095260052119798,-0.00023125256064071564,0.0038640074914790823,0.0,0.0,,
2016-06-29,0.0,0.009369009200318468,-0.00023125256064071564,0.009137756639677752,0.0,0.0,,
2016-06-30,0.0,0.010208434909800168,-0.00023125256064071564,0.009977182349159452,3.5228978123398746e-19,-5.894610463398233e-20,inf,-inf
2016-07-01,0.0,0.00489874928358125,-0.00023125256064071564,0.004667496722940534,3.5129967802921915e-19,0.0,inf,
2016-07-04,0.0,0.005085111447510116,-0.00023125256064071564,0.0048538588868694,7.035070460452788e-19,0.0,inf,
2016-07-05,0.0,-0.0041513850919495665,-0.00023125256064071564,-0.004382637652590282,0.0,0.0,,
2016-07-07,0.0,0.00023394997172565546,-0.00023125256064071564,2.697411084939816e-06,7.771117101646596e-19,0.0,inf,
2016-07-08,0.0,-0.0017630571995113087,-0.00023125256064071564,-0.0019943097601520243,0.0,-1.2174925575704666e-19,,-inf
2016-07-11,0.0,0.017385163388715874,-0.00023125256064071564,0.01715391082807516,0.0,-1.1932929127252536e-19,,-inf
2016-07-12,0.0,0.006276575256050743,-0.00023125256064071564,0.006045322695410027,1.4968193955203458e-18,-2.3883559501644458e-19,inf,-inf
2016-07-13,0.0,-0.00018187954806314632,-0.00023125256064071564,-0.00041313210870386197,0.0,0.0,,
2016-07-14,0.0,0.005340689007570898,-0.00023125256064071564,0.005109436446930182,1.5586294466187807e-18,0.0,inf,
2016-07-15,0.0,-0.0027553542761237226,-0.00023125256064071564,-0.0029866068367644383,8.306188395792789e-19,-2.4865395494886085e-19,inf,-inf
2016-07-18,0.0,-0.003828434895569499,-0.00023125256064071564,-0.004059687456210215,4.175619783557592e-19,0.0,inf,
2016-07-19,0.0,0.0023328603569714446,-0.00023125256064071564,0.002101607796330729,4.175765129892568e-19,0.0,inf,
2016-07-20,0.0,0.004373522526303297,-0.00023125256064071564,0.004142269965662582,0.0,0.0,,
2016-07-21,0.0,-0.006508402848794281,-0.00023125256064071564,-0.006739655409434997,4.114750135055244e-19,0.0,inf,
2016-07-22,0.0,0.003654550165692383,-0.00023125256064071564,0.0034232976050516672,0.0,0.0,,
2016-07-25,0.0,0.011058187743255843,-0.00023125256064071564,0.010826935182615127,0.0,-2.562044069263359e-19,,-inf
2016-07-26,0.0,-0.005210956669673972,-0.00023125256064071564,-0.005442209230314687,8.351243932891406e-19,0.0,inf,
2016-07-27,0.0,0.0029275331807177007,-0.00023125256064071564,0.002696280620076985,9.08081367462078e-19,0.0,inf,
2016-07-28,0.0,0.005861324676151858,-0.00023125256064071564,0.005630072115511142,0.0,-5.392962324033689e-19,,-inf
2016-07-29,0.0,-0.003207805558776422,-0.00023125256064071564,-0.0034390581194171377,-9.109848054335067e-19,-2.692212412948366e-19,-inf,-inf
2016-08-01,0.0,-0.00022575624385023918,-0.00023125256064071564,-0.0004570088044909548,0.0,-2.691974248003279e-19,,-inf
2016-08-02,0.0,-0.001580424402241265,-0.00023125256064071564,-0.0018116769628819807,0.0,-2.692202789787587e-19,,-inf
2016-08-03,0.0,-0.009051569392458547,-0.00023125256064071564,-0.009282821953099263,9.129371334059298e-19,0.0,inf,
2016-08-04,0.0,0.0007314347572768831,-0.00023125256064071564,0.0005001821966361675,0.0,0.0,,
2016-08-05,0.0,0.015442549763450941,-0.00023125256064071564,0.015211297202810226,9.263219648616407e-19,-2.7393854819312815e-19,inf,-inf
2016-08-08,0.0,0.0032475792173825013,-0.00023125256064071564,0.0030163266567417857,9.259734886752985e-19,-5.565343663940293e-19,inf,-inf
2016-08-09,0.0,-0.003799596028080332,-0.00023125256064071564,-0.004030848588721048,0.0,0.0,,
2016-08-10,0.0,-0.011863013316336768,-0.00023125256064071564,-0.012094265876977484,0.0,-2.7659014995722577e-19,,-inf
2016-08-11,0.0,0.00196501420606765,-0.00023125256064071564,0.0017337616454269345,1.8578590591790955e-18,0.0,inf,
2016-08-16,0.0,0.0058657509204553815,-0.00023125256064071564,0.005634498359814666,9.289323523585691e-19,-5.70990671950875e-19,inf,-inf
2016-08-17,0.0,-0.0021405719860551065,-0.00023125256064071564,-0.002371824546695822,0.0,0.0,,
2016-08-18,0.0,0.0057049989769026865,-0.00023125256064071564,0.005473746416261971,0.0,0.0,,
2016-08-19,0.0,-0.0007320911278931863,-0.00023125256064071564,-0.000963343688533902,1.9369408109166798e-18,0.0,inf,
2016-08-22,0.0,-0.0043556517669032235,-0.00023125256064071564,-0.004586904327543939,0.0,-6.818064304612742e-19,,-inf
2016-08-23,0.0,0.0003997170745508871,-0.00023125256064071564,0.00016846451391017148,9.727579853217657e-19,0.0,inf,
2016-08-24,0.0,0.0020503899304304962,-0.00023125256064071564,0.0018191373697897806,0.0,-7.075456829835106e-19,,-inf
2016-08-25,0.0,-0.006716485056797228,-0.00023125256064071564,-0.0069477376174379435,0.0,0.0,,
2016-08-26,0.0,-0.0022870033493540554,-0.00023125256064071564,-0.002518255909994771,0.0,-7.093281838201315e-19,,-inf
2016-08-29,0.0,0.004071179686342186,-0.00023125256064071564,0.00383992712570147,6.258499226361927e-19,0.0,inf,
2016-08-30,0.0,0.015904758198549196,-0.00023125256064071564,0.01567350563790848,5.781465782711254e-19,0.0,inf,
2016-08-31,0.0,0.00478601471887985,-0.00023125256064071564,0.004554762158239134,5.777887884389297e-19,0.0,inf,
2016-09-01,0.0,-0.0013145392127147382,-0.00023125256064071564,-0.0015457917733554538,5.768776591686731e-19,0.0,inf,
2016-09-02,0.0,0.0039887629069979,-0.00023125256064071564,0.0037575103463571846,0.0,0.0,,
2016-09-06,0.0,0.015136765190694401,-0.00023125256064071564,0.014905512630053686,0.0,0.0,,
2016-09-07,0.0,-0.002801051625573092,-0.00023125256064071564,-0.003032304186213808,1.0825695529705197e-18,0.0,inf,
2016-09-08,0.0,0.0038741867728371293,-0.00023125256064071564,0.0036429342121964137,1.095993971718691e-18,0.0,inf,
2016-09-09,0.0,-0.009583893290980194,-0.00023125256064071564,-0.00981514585162091,0.0,-8.682223341948286e-19,,-inf
2016-09-12,0.0,-0.017041355026008564,-0.00023125256064071564,-0.01727260758664928,0.0,4.158755336947688e-19,,inf
2016-09-14,0.0,0.0012621047883116798,-0.00023125256064071564,0.0010308522276709642,0.0,0.0,,
2016-09-15,0.0,0.001827767518446155,-0.00023125256064071564,0.0015965149578054394,5.051858964611599e-19,0.0,inf,
2016-09-16,0.0,0.004266467508998506,-0.00023125256064071564,0.00403521494835779,1.0082582109331842e-18,0.0,inf,
2016-09-19,0.0,0.003251853109136782,-0.00023125256064071564,0.0030206005484960663,5.220048942914355e-19,0.0,inf,
2016-09-20,0.0,-0.0036896597064991488,-0.00023125256064071564,-0.003920912267139864,0.0,0.0,,
2016-09-21,0.0,0.0001424355273373923,-0.00023125256064071564,-8.881703330332336e-05,0.0,-8.515567782701755e-19,,-inf
2016-09-22,0.0,0.010288054854791007,-0.00023125256064071564,0.010056802294150291,0.0,0.0,,
2016-09-23,0.0,-0.00404855847332275,-0.00023125256064071564,-0.004279811033963465,5.251098704871837e-19,0.0,inf,
2016-09-26,0.0,-0.012285499419638857,-0.00023125256064071564,-0.012516751980279572,0.0,0.0,,
2016-09-27,0.0,-0.0019086689214536934,-0.00023125256064071564,-0.002139921482094409,0.0,0.0,,
2016-09-28,0.0,0.004450748674702076,-0.00023125256064071564,0.004219496114061361,5.994696110127791e-19,-4.2412080087968855e-19,inf,-inf
2016-09-29,0.0,-0.0175983698107679,-0.00023125256064071564,-0.017829622371408615,0.0,0.0,,
2016-09-30,0.0,0.002316355667103087,-0.00023125256064071564,0.0020851031064623715,5.33822605344551e-19,-4.163315067692581e-19,inf,-inf
2016-10-03,0.0,0.014742422671912614,-0.00023125256064071564,0.014511170111271898,0.0,-4.0743820401761504e-19,,-inf
2016-10-04,0.0,0.0035534936242527237,-0.00023125256064071564,0.003322241063612008,0.0,4.2221664029584253e-19,,inf
2016-10-05,0.0,-0.0028737328235858284,-0.00023125256064071564,-0.003104985384226544,0.0,4.2142933578385234e-19,,inf
2016-10-06,0.0,-0.003934193340149772,-0.00023125256064071564,-0.004165445900790488,2.63476585824798e-19,0.0,inf,
2016-10-07,0.0,-0.0013720795655899343,-0.00023125256064071564,-0.00160333212623065,0.0,0.0,,
2016-10-10,0.0,0.0012877340663539627,-0.00023125256064071564,0.001056481505713247,0.0,0.0,,
2016-10-13,0.0,-0.015553256286772621,-0.00023125256064071564,-0.015784508847413337,2.4515386631769826e-19,4.313572669514137e-19,inf,inf
2016-10-14,0.0,0.0011723284023095193,-0.00023125256064071564,0.0009410758416688036,2.344237127219289e-19,4.369279374310864e-19,inf,inf
2016-10-17,0.0,-0.007339748483457642,-0.00023125256064071564,-0.007571001044098358,3.9955019695558213e-19,0.0,inf,
2016-10-18,0.0,0.01848504680288232,-0.00023125256064071564,0.018253794242241606,3.60898145777335e-19,0.0,inf,
2016-10-19,0.0,-0.002166512682066579,-0.00023125256064071564,-0.002397765242707295,2.571140877955276e-19,0.0,inf,
2016-10-20,0.0,0.004654153788272275,-0.00023125256064071564,0.004422901227631559,2.4127392798500573e-19,0.0,inf,
2016-10-21,0.0,-0.0007300027188475999,-0.00023125256064071564,-0.0009612552794883156,2.424137737846155e-19,8.948664145422886e-19,inf,inf
2016-10-24,0.0,0.0018290923188344355,-0.00023125256064071564,0.0015978397581937198,1.8190183936607937e-19,4.474034100483303e-19,inf,inf
2016-10-25,0.0,-0.0020266955521803798,-0.00023125256064071564,-0.0022579481128210954,2.4331911328741303e-19,0.0,inf,
2016-10-26,0.0,-0.008750107164233856,-0.00023125256064071564,-0.008981359724874571,2.4836566310444623e-19,4.419924098434335e-19,inf,inf
2016-10-27,0.0,0.0,-0.00023125256064071564,-0.00023125256064071564,2.4167306583074103e-19,0.0,inf,
2016-10-28,0.0,0.0026406662604103737,-0.00023125256064071564,0.002409413699769658,3.748597396840657e-19,4.543009473514414e-19,inf,inf
2016-11-01,-0.005765230185981851,-0.0013602685806899384,-0.005996482746622567,-0.001591521141330654,0.002528846730494152,0.0015762665867274752,0.025441214171072618,0.023522625512979924
2016-11-02,-0.026671564718445895,-0.013012606868569754,-0.02690281727908661,-0.01324385942921047,0.1007639847414863,0.052111313125382204,0.22001449818596966,0.16331581056100997
2016-11-03,-0.0014118794324872175,-0.003412004309079175,-0.0016431319931279331,-0.003643256869719891,0.1014420668150341,0.05265068155466437,0.22055268248019833,0.16505394897754733
2016-11-04,-0.021044686581598526,-0.00603423639902867,-0.021275939142239242,-0.006265488959669385,0.13477369500676567,0.07196515499570497,0.23488034024001705,0.17952727971456794
2016-11-07,0.010932482828889034,0.007505534867348507,0.010701230268248318,0.007274282306707791,0.15833079236341333,0.08328206707801847,0.2630432893314515,0.19690895756062995
2016-11-08,0.02002458274358654,0.005472487636161372,0.019793330182945823,0.005241235075520656,0.18984738334541548,0.09679948606427276,0.2745883749413061,0.19913292748287545
2016-11-09,-0.02451363100663806,-0.013056610804363489,-0.024744883567278775,-0.013287863365004204,0.2714533806610849,0.1395961495828709,0.3437285762199794,0.250815324484025
2016-11-10,0.023084354930692497,0.011118358633776193,0.02285310237005178,0.010887106073135477,0.33273425789159955,0.16992299933220942,0.3838319194900342,0.2763144831163329
2016-11-11,-0.05315986614033685,-0.026912611243878892,-0.05339111870097757,-0.027143863804519608,0.6226313721358531,0.3405223425204049,0.542281548823125,0.40604292972548295
2016-11-15,-0.10149169440645855,-0.022642577269069153,-0.10172294696709927,-0.02287382982970987,1.0220608412504013,0.5906423384518966,0.5625518313742538,0.43479492543114534
2016-11-16,0.04728038131135892,0.0003884715658204474,0.047049128750718205,0.00015721900517973175,1.0401675547212827,0.5939483891943433,0.5313074603080469,0.40711431960956296
2016-11-17,-9.952005342062087e-05,-0.003901807530291679,-0.0003307726140613365,-0.0041330600909323945,1.0689702903399823,0.5942797388509241,0.5395636847648121,0.40680095669074523
2016-11-18,-0.013136440612516398,-0.000724026450019899,-0.013367693173157114,-0.0009552790106606146,1.0690285471791625,0.6058230273697793,0.5373880837333631,0.4100857254228027
2016-11-21,-0.053845253610208754,-0.017958657713704862,-0.05407650617084947,-0.018189910274345578,1.192200698825198,0.6943192714265998,0.5744251629171979,0.445798199244531
2016-11-22,0.038737241209422235,0.009231779915716665,0.03850598864878152,0.009000527355075949,1.2551297674970645,0.730187003115212,0.5875510257146336,0.45359029495556097
2016-11-23,0.016713606066417697,0.0038738863522509437,0.01648235350577698,0.003642633791610228,1.2770778434067154,0.7376880002616502,0.5917463167910171,0.4551929238544175
2016-11-24,-0.02947413613583183,-0.008439844937436325,-0.029705388696472546,-0.00867109749807704,1.3028104880659488,0.7718503886880635,0.5974653692478744,0.4668383039634628
2016-11-25,0.023662589873850948,0.018680535394827613,0.023431337313210232,0.018449282834186898,1.3085998370110274,0.7963919889124017,0.6140370234299474,0.4840834585957633
2016-11-28,0.006549854368797847,0.001552826240037497,0.006318601808157132,0.0013215736793967814,1.3110784886415252,0.7983284058593269,0.6145192636358358,0.4845006497488611
2016-11-29,0.03768504177794996,0.0018764842908427504,0.03745378921730924,0.0016452317302020347,1.331062511441728,0.8044807278613089,0.6045334784841044,0.47387630678276466
2016-11-30,-0.004485851261936569,0.01011404833415619,-0.004717103822577284,0.009882795773515474,1.3067538549442788,0.8417934827690972,0.5980865476270408,0.4827539821396508
2016-12-01,-0.0019518837475632766,-0.00384213136056899,-0.0021831363082039923,-0.004073383921209706,1.3055878118491024,0.8674589091745342,0.598001861949188,0.4896969825949982
2016-12-02,0.0,-0.012950308300941793,-0.00023125256064071564,-0.013181560861582509,1.2709347439561849,0.8592358030395122,0.5887421166494101,0.48664872219901295
2016-12-05,0.0,0.00518749027126697,-0.00023125256064071564,0.0049562377106262545,1.3270202292925224,0.8574535013453575,0.6007735857392613,0.4862199971515536
2016-12-06,0.0,0.0017714780678148578,-0.00023125256064071564,0.0015402255071741422,1.332723541713104,0.8580835324097327,0.6018322387402043,0.48652085687438085
2016-12-07,0.0,-0.005047198952388254,-0.00023125256064071564,-0.00527845151302897,1.3277085833235724,0.8552905389458495,0.6004132599134905,0.48550134890575425
2016-12-08,0.0,0.017871996368588716,-0.00023125256064071564,0.017640743807948,1.252913988019418,0.8272767277308252,0.5842875877800529,0.4778753831978094
2016-12-09,0.0,0.0018067979083868924,-0.00023125256064071564,0.0015755453477461767,1.3082885795688028,0.8271526811308476,0.5960480782306409,0.47788674630354144
2016-12-12,0.0,-0.011008587201561393,-0.00023125256064071564,-0.011239839762202108,1.2833983601460066,0.8153035211457745,0.5897331268488261,0.47419650127985924
2016-12-13,0.0,0.006241739024219095,-0.00023125256064071564,0.0060104864635783795,1.2770806930942076,0.8174282233141671,0.5884576647061319,0.4747625589015857
2016-12-14,0.0,-0.004786009184091999,-0.00023125256064071564,-0.005017261744732715,1.2920487426461538,0.814810300412114,0.5922584718590526,0.4738362129341881
2016-12-15,0.0,-0.003525850688682164,-0.00023125256064071564,-0.0037571032493228795,1.3586208567109372,0.8207204404280322,0.6083701794547913,0.47569638230890876
2016-12-16,0.0,-0.001735417750965862,-0.00023125256064071564,-0.0019666703116065776,1.3588527011704763,0.8222572675516567,0.6081903586395647,0.4762116235057139
2016-12-19,0.0,-0.004312342580149231,-0.00023125256064071564,-0.004543595140789947,1.3563129386197272,0.825840218424192,0.6071472240341892,0.4773364346004932
2016-12-20,0.0,-0.0027084460873485483,-0.00023125256064071564,-0.002939698647989264,1.3612417501453304,0.8248786662472835,0.6077089613965823,0.4769841684173751
2016-12-21,0.0,-0.0026106228238139684,-0.00023125256064071564,-0.002841875384454684,1.3643106530592728,0.8369061361994853,0.6079384814409976,0.4800084905130742
2016-12-22,0.0,-0.010196830414798908,-0.00023125256064071564,-0.010428082975439623,1.3431647979687835,0.8328538530499549,0.6027071267163205,0.47877983956754316
2016-12-23,0.0,0.0008334150796909245,-0.00023125256064071564,0.0006021625190502089,1.34270475369575,0.8338459506597513,0.6026571812450944,0.47898137943654234
2016-12-26,0.0,-0.009704786651222541,-0.00023125256064071564,-0.009936039211863257,1.355754825154825,0.8303645468086258,0.6040278079244124,0.47743920884263824
2016-12-27,0.0,0.01575571051196545,-0.00023125256064071564,0.015524457951324733,1.2881474080845223,0.8085135181194548,0.5902722638632808,0.4716479727542205
2016-12-28,0.0,0.00024897763255693484,-0.00023125256064071564,1.7725071916219193e-05,1.3207738484893794,0.8090329649933409,0.5986585661386336,0.47186506497290065
2016-12-29,0.0,0.008556475748073389,-0.00023125256064071564,0.008325223187432673,1.3011428738222728,0.808421781116326,0.5949854407786151,0.47169920049537895
2016-12-30,0.0,0.01014360358861044,-0.00023125256064071564,0.009912351027969724,1.2804460097918573,0.8483330825731596,0.5906615914484239,0.4841740451091441
2017-01-02,0.0,-0.0007696016073948098,-0.00023125256064071564,-0.0010008541680355254,1.3550481033272275,0.8481319618590643,0.6089221394478044,0.4840706333532346
2017-01-03,0.0,0.0015587749862460143,-0.00023125256064071564,0.0013275224256052987,1.3558468796408785,0.8492543620142071,0.6090432247252124,0.48431417410880157
2017-01-04,0.0,-0.00021361652781592966,-0.00023125256064071564,-0.0004448690884566453,1.4170044324808928,0.8570614070879239,0.6214485856999554,0.48624414369782526
2017-01-05,0.0,0.01017029542610337,-0.00023125256064071564,0.009939042865462655,1.3904445443386695,0.8571371628142893,0.6161139120655027,0.4862644740248018
2017-01-06,0.0,-0.0036259035398709116,-0.00023125256064071564,-0.0038571561005116273,1.3892040895921434,0.8573660360660842,0.6157803026020229,0.4860702857755237
2017-01-09,0.0,-0.0009401004613908137,-0.00023125256064071564,-0.0011713530220315294,1.3928393021411023,0.859390210818752,0.6168194713591159,0.48646029995840945
2017-01-10,0.0,0.0063804622280927425,-0.00023125256064071564,0.006149209667452027,1.381634075441974,0.857976024000915,0.6149364336360864,0.486380210865128
2017-01-11,0.0,0.01110570972035907,-0.00023125256064071564,0.010874457159718354,1.349549091589192,0.8466574556434487,0.6085083242554674,0.48348961211919983
2017-01-12,0.0,0.003167988574872327,-0.00023125256064071564,0.0029367360142316112,1.4142689274987872,0.8465763104418483,0.6243976682168849,0.48361524814158563
2017-01-13,0.0,-0.0008148474852923693,-0.00023125256064071564,-0.001046100045933085,1.4140836667535346,0.8757800367640242,0.6242009961391563,0.49132713467260597
2017-01-16,0.0,0.0014821044232022906,-0.00023125256064071564,0.001250851862561575,1.4307732648181029,0.8793236988798,0.6285690449566067,0.49217253448162507
2017-01-17,0.0,-0.0017592008642893786,-0.00023125256064071564,-0.0019904534249300943,1.5318108203646763,0.8788439950609948,0.6487322869895525,0.4919897042798567
2017-01-18,0.0,0.002262443438914019,-0.00023125256064071564,0.0020311908782733035,1.5320629340126948,0.8811115296147618,0.649147513082595,0.49252908566074804
2017-01-19,0.0,0.0021503634757038537,-0.00023125256064071564,0.001919110915063138,1.5374794427840999,0.8818836875368571,0.6500891157983272,0.49289616307229805
2017-01-20,0.0,-0.010165855054597661,-0.00023125256064071564,-0.010397107615238377,1.5035286580000533,0.8717449224401935,0.6421072078116639,0.48986027598029724
2017-01-23,0.0,0.005048344194100052,-0.00023125256064071564,0.004817091633459336,1.4965185577009832,0.8698455824741165,0.6408687758662824,0.48940953211521077
2017-01-24,0.0,0.010045856484240057,-0.00023125256064071564,0.009814603923599341,1.467597044035433,0.8617697266890407,0.6356112938507514,0.48730526897256293
2017-01-25,0.0,0.014977960574563243,-0.00023125256064071564,0.014746708013922527,1.4302232797307324,0.8456355332872907,0.6293348088723502,0.48337035510885834
2017-01-27,0.0,0.00447531312661642,-0.00023125256064071564,0.004244060565975705,1.4262322889124601,0.8450752338287254,0.6288075097545021,0.4832349341153588
2017-01-30,0.0,-0.0009836539852451365,-0.00023125256064071564,-0.0012149065458858521,1.4265301938049522,0.8558883352321676,0.6285885961470287,0.48595127861966875
2017-01-31,0.0,-0.008276643631809133,-0.00023125256064071564,-0.008507896192449849,1.4039849535666196,0.8513285534033327,0.622899155484934,0.48456225818538895
2017-02-01,0.009266259697037205,0.01811647640847469,0.009035007136396489,0.017885223847833975,1.3369525471341215,0.8409658354711042,0.6080000230769389,0.4866928590970954
2017-02-02,0.006205003039893242,0.002047818890261066,0.0059737504792525264,0.0018165663296203505,1.3421075067823593,0.8448453356151749,0.6089807326135599,0.48766001025094186
2017-02-03,-0.002149295977445176,0.0007671174184962215,-0.0023805485380858915,0.0005358648578555059,1.3275571412086258,0.846073250778812,0.6047394874711955,0.48805837456279616
2017-02-06,0.0022032297247112087,0.006875638006406781,0.001971977164070493,0.006644385445766066,1.3176437466405995,0.8440338591459428,0.6012911512506076,0.48806785324013224
2017-02-07,0.00012737292956122026,-0.0037211469911869743,-0.00010387963107949538,-0.00395239955182769,1.2981634247491836,0.8426164468682757,0.5973732393756693,0.487584828757674
2017-02-08,0.00619971688541221,8.55353964515082e-05,0.005968464324771494,-0.00014571716418920744,1.2811668923594157,0.8516792235648477,0.5849807671308798,0.48995382954608396
2017-02-09,-0.0017953491898721197,0.0010663168924529565,-0.0020266017505128353,0.0008350643318122408,1.2583197319725021,0.8514922913912293,0.5750599892392223,0.48985298843502706
2017-02-10,-0.0022903810193225516,0.0017257602055471555,-0.002521633579963267,0.0014945076449064398,1.1378517344453776,0.8732067000843893,0.5084505228163095,0.49557967873202247
2017-02-13,-0.0013648613081620464,0.001307776751758416,-0.001596113868802762,0.0010765241911177004,0.6316337904719032,0.8737082148433166,0.3735619389042273,0.49561981197019084
2017-02-14,-0.0035759525515833834,-0.0014480326951941125,-0.003807205112224099,-0.0016792852558348281,0.6462149690346379,0.8759474639252091,0.4307486435733587,0.4964379741371791
2017-02-15,-0.006827307910623137,-0.007688501401983627,-0.007058560471263853,-0.007919753962624343,0.6539935223125694,0.891563272475357,0.43777159165950175,0.5024413872443578
2017-02-16,0.01642672610794116,0.006109070053333943,0.016195473547300443,0.005877817492693227,0.6638329911461913,0.9002153741983534,0.44391210526457175,0.5054421928900028
2017-02-17,-0.0009602096837773022,0.004978377228582742,-0.0011914622444180178,0.0047471246679420265,0.40455299667848243,0.9005901741745319,0.3247330217331911,0.5053755645404094
2017-02-20,0.003169345251017308,0.0065180179247708026,0.0029380926903765925,0.006286765364130087,0.3236261111703259,0.9000542938724807,0.30380057538673966,0.505964054607347
2017-02-21,-0.005244420833507291,0.003226575978951818,-0.005475673394148006,0.002995323418311102,0.3100184622157158,0.9002252089948268,0.29963721542587557,0.5052365897629335
2017-02-22,-0.0050321363199760105,0.0021386509747480797,-0.005263388880616726,0.001907398414107364,0.21927433293315812,0.8990727767119291,0.24245822340384313,0.5044988101435955
2017-02-23,0.000937793933601716,0.0014114204061503877,0.0007065413729610004,0.001180167845509672,0.1048167058253092,0.9019345519933152,0.12358703941425657,0.5054647639871035
2017-02-27,-0.0051759905092537695,-0.004787717958219084,-0.005407243069894485,-0.0050189705188598,0.11638183210459037,0.9018053659565831,0.13813915462477167,0.5059981384367769
2017-02-28,0.002187396881925485,-0.0019221268068030373,0.0019561443212847696,-0.002153379367443753,0.10797482620356981,0.900686485113702,0.22967457231956723,0.5053375333032861
2017-03-01,0.003554938415162079,0.007455313102474381,0.0033236858545213632,0.007224060541833666,0.13120399604445893,0.9048396301667211,0.27937869511047003,0.5075559919265868
2017-03-02,-0.008446668944693814,-0.0051476453411544165,-0.00867792150533453,-0.005378897901795132,0.14636405557399348,0.907596341260104,0.29631947915679074,0.5092552663752745
2017-03-03,0.014362759715953466,-0.0002472199008398679,0.01413150715531275,-0.00047847246148058353,0.14740664661815733,0.9077311683634045,0.2532247910655792,0.5067361437463151
2017-03-06,-0.0013261533620875232,0.00740657732427441,-0.0015574059227282389,0.007175324763633695,0.1430278040814767,0.9273561139193067,0.24631805802585818,0.511658057087921
2017-03-07,-0.015126960375405951,-0.0018463654426456033,-0.015358212936046667,-0.002077618003286319,0.16196616581941797,0.9324332959080301,0.24873112405176484,0.5119758493482524
2017-03-08,-0.015738408767406176,-0.0025260799775062015,-0.01596966132804689,-0.002757332538146917,0.18792227185609692,0.9369277830410867,0.2601325763917305,0.5125303116616532
2017-03-09,-0.016764508307474446,0.0003025666294942386,-0.01699576086811516,7.131406885352298e-05,0.21502048073295807,0.9378386795274681,0.2577448989066606,0.5102646644468773
2017-03-10,-0.015584233007116866,0.0008457269729471584,-0.01581548556775758,0.0006144744123064427,0.2175992696725269,0.9610326098263675,0.24460746651857315,0.5136396624180987
2017-03-14,0.029951009971234566,0.017062996865551794,0.02971975741059385,0.016831744304911078,0.4052827305512834,0.9930027373889015,0.37956471569842654,0.5308541200812161
2017-03-15,0.0057926912415890985,-0.0002421255983823256,0.005561438680948383,-0.00047337815902304126,0.40324650014826335,0.9938763112286493,0.37395413023050383,0.5304653153407431
2017-03-16,0.03456383178168343,0.0075841396735512046,0.034332579221042714,0.007352887112910489,0.48743405945368523,1.0320089864873123,0.3789992124697867,0.537811373714524
2017-03-17,0.00292132068303963,0.0006936658662091144,0.0026900681223989142,0.00046241330556839877,0.49080852600798447,1.0735142732556027,0.3791837610659026,0.5488216309000132
2017-03-20,-0.012786937670812515,-0.0036244557639315556,-0.01301819023145323,-0.003855708324572271,0.5166156548014368,1.0775249232504036,0.3921797977615565,0.5500825491399922
2017-03-21,0.0015459133933635183,-0.0005861397529225432,0.0013146608327228027,-0.0008173923135632588,0.5215380352227769,1.0772668839046966,0.3932024019682256,0.5498667721489122
2017-03-22,-0.011757238296523642,-0.009981889457600146,-0.011988490857164358,-0.010213142018240862,0.5528711310072673,1.0788466836986634,0.41999654495973215,0.5527361260171874
2017-03-23,0.013064983814067066,0.006184587497530369,0.01283373125342635,0.005953334936889654,0.5749664459729839,1.0853090678641844,0.4286118224492314,0.5552089280932506
2017-03-24,0.005772241044042392,0.002388232369495924,0.0055409884834016765,0.0021569798088552083,0.6103248420532542,1.0889457070654747,0.439785723755918,0.5562846874340804
2017-03-27,-0.016022823218307614,-0.006895015885759803,-0.01625407577894833,-0.007126268446400519,0.6505053656493134,1.0956561090493229,0.4631119734786268,0.5593970237920348
2017-03-28,0.013946347857298536,0.006146863328001739,0.01371509529665782,0.005915610767361024,0.7078124276018839,1.1147285734619417,0.48163059419761084,0.5648036028247904
2017-03-29,0.0043400983248014224,0.004724859454424246,0.004108845764160707,0.0044936068937835305,0.7744334786731063,1.1177564773714044,0.5054387728714572,0.5661521254757257
2017-03-30,0.009961689976440313,0.003275464899958447,0.009730437415799598,0.003044212339317731,0.7799260055255547,1.1445110750941054,0.5043294273934527,0.5731019371490982
2017-03-31,0.020114872848582488,0.0,0.019883620287941772,-0.00023125256064071564,0.7774990651394048,1.1442838731831686,0.4809037135919542,0.5689113480214866
2017-04-03,0.013258460667122884,0.006987285393105225,0.013027208106482169,0.006756032832464509,0.8274546284354013,1.1515858962263121,0.4999298775647491,0.5718387028332579
2017-04-05,0.007846607987224807,0.002955317785461098,0.007615355426584092,0.0027240652248203823,0.8316971289641336,1.2047011709553495,0.49979615180311304,0.5850750198759189
2017-04-06,-0.01108025467881768,-0.00034540133484917135,-0.011311507239458396,-0.000576653895489887,0.8432620958223436,1.206336098615154,0.5008429066289207,0.584723794550631
2017-04-07,-0.0185985003747825,-0.006872244968150865,-0.018829752935423216,-0.00710349752879158,0.8944116582426377,1.248127384091591,0.5236513350464056,0.5959011150519838
2017-04-10,0.023179872786731393,-0.0018318178068531532,0.022948620226090677,-0.002063070367493869,0.8847025554006187,1.2415405011643563,0.49167995447914936,0.5875064836612904
2017-04-11,0.00273256578452874,0.006050221207523521,0.0025013132238880242,0.005818968646882805,0.8893101102035451,1.2404996199580465,0.4929623466925386,0.587760216474204
2017-04-12,-0.008768875303248547,-0.003632110499891761,-0.009000127863889262,-0.0038633630605324765,0.9043287037040174,1.2458387518029852,0.5003543001023018,0.5895457758856082
2017-04-13,-0.017462496320014287,-0.005720723153564311,-0.017693748880655003,-0.005951975714205027,0.9569862575875265,1.2543201608769199,0.520844975045386,0.592349176571953
2017-04-17,-0.004929242958970348,-0.0012567207506942735,-0.0051604955196110636,-0.0014879733113349891,1.0084789153500173,1.2549114662753957,0.5364980053577452,0.5925396442368311
2017-04-18,-0.010239824123548513,-0.003736545992832463,-0.010471076684189229,-0.0039677985534731786,1.0249813666328098,1.3038317928352072,0.5438246799100412,0.604750260690248
2017-04-19,0.007910604749917782,-0.00018125901870869043,0.007679352189277067,-0.0004125115793494061,1.0202343587584601,1.3029628873004433,0.5390457472939894,0.6036950149160795
2017-04-20,0.011621664669191789,0.003614037526775471,0.011390412108551073,0.0033827849661347553,1.0298884786238502,1.3184574243152622,0.5405336433039201,0.607281217681532
2017-04-21,0.0014893756518885581,-0.0018606890321317682,0.0012581230912478425,-0.002091941592772484,1.0272930495707286,1.3784378054731898,0.5392689159306756,0.620482403088736
2017-04-24,0.017739592186589714,0.010806610135114969,0.017508339625949,0.010575357574474253,1.0591386626905852,1.3858067053899423,0.5574433137373279,0.6253178849617006
2017-04-25,0.033038484877842444,0.00961704198701141,0.03280723231720173,0.009385789426370694,1.1445150222288962,1.4160728996676637,0.5754071386967302,0.631766850170153
2017-04-26,-0.014372657109994469,0.004862141050359314,-0.014603909670635185,0.004630888489718599,1.1834245951452886,1.403946479879047,0.5688488921035756,0.6252806994612579
2017-04-27,0.009482760879992114,-0.001037144431864756,0.009251508319351398,-0.0012683969925054717,1.1767134016378762,1.4014369664999762,0.5633215036750231,0.6233947256930605
2017-04-28,0.024253571110479433,-0.004078352878555069,0.024022318549838717,-0.004309605439195785,1.1437817894706812,1.3822491661556997,0.5279271747578257,0.6104352647890212
2017-05-02,0.0177152864012331,0.0010479307618374012,0.017484033840592383,0.0008166782011966855,1.2712411962121852,1.4006767555044313,0.5525406311830509,0.6120565335007279
2017-05-03,0.007291533590842336,-0.00019858805361794296,0.007060281030201621,-0.0004298406142586586,1.2773032617074724,1.3997303828677707,0.5533658335972155,0.6112396083827042
2017-05-04,-0.0006511894654377404,0.005149318274558334,-0.000882442026078456,0.004918065713917619,1.2609206008582854,1.3958982904516022,0.5476873032912141,0.6102787023648636
2017-05-05,-0.019592853190100623,-0.007970232889681239,-0.01982410575074134,-0.008201485450321955,1.3632837748893356,1.4046342906140836,0.5774737849001312,0.614177351122076
2017-05-08,0.019018956608819915,0.0030962920535411165,0.0187877040481792,0.002865039492900401,1.554522625617706,1.3943120721995659,0.5989018132662584,0.6048628634459959
2017-05-09,0.007949885906366028,0.0003006001413146109,0.007718633345725312,6.934758067389524e-05,1.549655196664121,1.3961195140089064,0.5964644143402226,0.6044609509303829
2017-05-10,0.016031386240847878,0.009708238203339103,0.015800133680207162,0.009476985642698388,1.5504317353331263,1.3875119912439717,0.6060129139305993,0.6041739646737071
2017-05-11,0.01181073654052156,0.0016051987553300506,0.011579483979880845,0.001373946194689335,1.5863686461992035,1.3877959166610974,0.6113940358665113,0.6022094569382478
2017-05-12,-0.006316601920609233,-0.002281796475279485,-0.006547854481249948,-0.0025130490359202007,1.6097016111894895,1.3803092084772672,0.6159694077585764,0.6010914726977138
2017-05-15,0.016934586499179893,0.004733589140501593,0.016703333938539178,0.004502336579860877,1.6322580595516492,1.3735087382967703,0.6214386865315039,0.5934020751332199
2017-05-16,-0.012254084514962016,0.007077477566896029,-0.012485337075602732,0.006846225006255313,1.5442483878572042,1.3401921788579445,0.5887651947084933,0.5787102571183281
2017-05-17,-0.004457004849941604,0.0014192225814082526,-0.004688257410582319,0.001187970020767537,1.5451531211766683,1.258284639376257,0.5884021654444537,0.5323538204068466
2017-05-18,-0.028980550891362866,-0.010109419697924005,-0.029211803452003582,-0.01034067225856472,1.6345063157906936,0.9640557591125235,0.6202152248526607,0.46920725767262295
2017-05-19,-0.0006546173060862914,-0.00016435790585866972,-0.0008858698667270071,-0.00039561046649938536,1.6327802496562434,0.9715803636581148,0.6193238280960249,0.49673986822595056
2017-05-22,-0.027837422391060462,0.001097763971423804,-0.028068674951701178,0.0008665114107830885,1.6645175961619465,0.9759036200365973,0.5974061070070255,0.48763371774462727
2017-05-23,-0.02913957797823663,-0.00552004973114717,-0.029370830538877346,-0.005751302291787885,1.721797417690458,1.0014564267698398,0.6053117849448242,0.4941195255559214
2017-05-24,-0.014344528528720812,-0.0027274851639997877,-0.014575781089361528,-0.0029587377246405033,1.7620621026694543,0.8717665228063847,0.6139909162768641,0.44495200594233364
2017-05-25,0.050000897933958344,0.015939255537936958,0.04976964537331763,0.015708002977296243,1.9622851747092773,0.927420025771482,0.6670414910657436,0.46869674299580677
2017-05-26,0.028277626044466153,0.008974958266515953,0.028046373483825437,0.008743705705875238,2.0186569777834102,0.9503216274402859,0.683133463344592,0.4768934897767334
2017-05-29,0.00813431247363594,0.00102143611312,0.007903059912995225,0.0007901835524792844,2.02265742969379,0.9071230586200015,0.6847208938608011,0.46143873101597005
2017-05-30,0.006061407418978426,0.0020457696866569286,0.0058301548583377105,0.001814517126016213,2.023726296758328,0.8847584263998591,0.6849826244681416,0.44190052642504696
2017-05-31,0.006878799692250803,-0.0003428528870922376,0.006647547131610088,-0.0005741054477329532,2.0315233420145016,0.8821522594862397,0.6824642952247657,0.440694238099132
2017-06-01,-0.006849727356446067,-0.0005353140834091219,-0.007080979917086783,-0.0007665666440498375,2.0472141979909178,0.8808380464312908,0.6846883425868703,0.4552669666155068
2017-06-02,-0.0010764527853361905,0.00388935141525959,-0.0013077053459769061,0.003658098854618874,2.0731425945560797,0.9037151046377767,0.6873564594218506,0.46396833850759733
2017-06-05,0.018483828222566112,0.002237489964779682,0.018252575661925396,0.0020062374041389663,2.088204132827248,0.9083616265134209,0.6822753718596144,0.4614523720778615
2017-06-06,-0.0015269483645611315,-0.003922359487981697,-0.0017582009252018471,-0.004153612048622413,2.0819121813532684,0.9430464456973521,0.6871910149693867,0.4697940091806571
2017-06-07,0.014421420342135338,0.002775716774745085,0.014190167781494623,0.0025444642141043694,2.146275750765955,0.9509320319094188,0.6991435011221946,0.4709380343214289
2017-06-08,0.003512912397064083,-0.0017229472523487832,0.0032816598364233673,-0.001954199812989499,2.1158425456826544,0.9477503112729473,0.6957974747852465,0.4698450664407497
2017-06-09,0.00390660955215405,0.0021767861307626646,0.0036753569915133344,0.001945533570121949,2.091979412305305,0.9544916196452788,0.6929307213987771,0.47099403464091694
2017-06-12,-0.013749953307217067,-0.005362874292141773,-0.013981205867857782,-0.005594126852782488,2.0949559930213564,1.0370197340094194,0.7045097229651172,0.4952043118196798
2017-06-13,0.005148141858854816,-0.0009878956380873216,0.0049168892982141,-0.0012191481987280373,2.084553729443443,1.0342334952844774,0.7099522766058454,0.4940024120730376
2017-06-14,0.024726565331487427,0.0011710332721861505,0.02449531277084671,0.0009397807115454349,2.1591338948737326,1.0669251556316435,0.6878079141645049,0.49343774216270175
2017-06-15,0.0036478995491724397,-0.0041692616884621,0.003416646988531724,-0.004400514249102816,2.128529007303361,1.0653721906257658,0.6832858187230417,0.4930116860857354
2017-06-16,0.002798859949669552,0.001044053873587636,0.0025676073890288365,0.0008128013129469203,2.0566016054168377,1.0722080494580017,0.6717230073123768,0.49398222720356266
2017-06-19,0.050266937137334766,0.007248606485755094,0.05003568457669405,0.007017353925114378,2.189905952811143,1.1373598358690973,0.6764531829744471,0.4953728204199517
2017-06-20,0.0008857500913932448,-0.0004193408027297618,0.0006544975307525291,-0.0006505933633704775,2.170411857754676,1.138050216516195,0.6720350060723568,0.4953164340528443
2017-06-21,-0.004497905461353868,-0.0020614689620345183,-0.004729158021994584,-0.002292721522675234,2.175092357400921,1.1464766429253925,0.6734876915525992,0.49724424369935677
2017-06-22,-0.010684939530942406,-0.00037365154469337636,-0.010916192091583121,-0.000604904105334092,2.2440999298948614,1.153869504274228,0.6694799393017034,0.4977315771696806
2017-06-23,-0.0386494288301108,-0.005716490621754944,-0.038880681390751515,-0.0059477431823956595,2.3740544957205545,1.2135421077507167,0.6783874342204603,0.506713197604391
2017-06-27,-0.030224665364404824,-0.006637089842891464,-0.03045591792504554,-0.006868342403532179,2.4497701203689672,1.2945287099228184,0.6917710256651539,0.5244645841417673
2017-06-28,0.03714116985846294,-0.0021185514012070916,0.036909917297822226,-0.0023498039618478073,2.3695191460077134,1.2590824129345337,0.6453241654881865,0.4981528171620173
2017-06-29,0.015689466099872762,0.0013538374160411148,0.015458213539232046,0.0011225848554003992,2.382961753613617,1.293698548554784,0.6421064455385022,0.5019897526651633
2017-06-30,-0.015266860635671287,0.0017677404426008625,-0.015498113196312002,0.0015364878819601469,2.3912981554928803,1.3723719602864808,0.6355858664067647,0.515223600446862
2017-07-03,0.01998928123088306,0.009883477981521338,0.019758028670242345,0.009652225420880622,2.358764819354595,1.3868332614847643,0.6397957130439341,0.5224282347103874
2017-07-04,-0.019317285954892682,-0.00017682738559543498,-0.019548538515533398,-0.0004080799462361506,2.3802887071774173,1.4181395894057127,0.6423897445561798,0.5262435910322831
2017-07-05,0.013849219002560087,0.0025277277502206985,0.013617966441919371,0.002296475189579983,2.4070939084022194,1.4567653080475842,0.6417812061893136,0.5335723410587037
2017-07-06,0.005701305187741257,0.003833962481337938,0.005470052627100541,0.0036027099206972224,2.3979661653156197,1.4574068237682196,0.6406153508315385,0.5338504075446375
2017-07-07,-0.013272745926783736,-0.0009044348498532528,-0.013503998487424451,-0.0011356874104939685,2.4030822578965374,1.4649985957533518,0.6413009409191054,0.5347287474649496
2017-07-10,0.003556027294226105,0.010888907501369838,0.0033247747335853894,0.010657654940729122,2.2352161301974176,1.4334079650674627,0.6114465136819254,0.5295587603949808
2017-07-11,0.005443379640355905,0.001535147225716127,0.00521212707971519,0.0013038946650754113,2.284342965184885,1.4689558641464573,0.6294681208538665,0.5369095693462531
2017-07-12,0.001800420144045134,0.0030706776776372458,0.0015691675834044183,0.00283942511699653,2.315105139570749,1.4751104171140232,0.6335273073802377,0.5375473735647418
2017-07-13,-0.00948288757888327,0.007701693029408263,-0.009714140139523986,0.007470440468767547,2.194086783610596,1.4403587273421772,0.6044681755477141,0.5260968566810631
2017-07-14,-0.010470449391219772,-0.0005409167111671831,-0.010701701951860487,-0.0007721692718078987,2.1813863574954024,1.4579150202011175,0.5956279699733226,0.5295543460948835
2017-07-17,-0.007936181138717857,0.0029940865038224906,-0.008167433699358573,0.002762833943181775,2.160703575854765,1.4966055259953306,0.5884818117475459,0.5357368781310466
2017-07-18,-0.02018548336164716,-0.008955249163058343,-0.020416735922287876,-0.009186501723699059,2.15942971320664,1.5174843620536553,0.5982695613980202,0.5462896295431259
2017-07-19,0.005733474938448335,0.007372352703497453,0.00550222237780762,0.007141100142856738,2.128825228486753,1.5097731322735626,0.5965566480419666,0.5458228960358957
2017-07-20,0.0039059864230555075,-0.002656653372384299,0.003674733862414792,-0.0028879059330250145,2.099326046801341,1.5010235499504185,0.5913049339895796,0.5438010287493902
2017-07-21,-0.004416724625417201,0.004248852576378193,-0.004647977186057917,0.004017600015737477,2.0862676462308816,1.4950319280770534,0.5867330589369132,0.5412393619928896
2017-07-24,0.013609745508662785,0.005158759549683589,0.01337849294802207,0.0049275069890428735,2.1220030743895917,1.502213114191267,0.584255307351417,0.5435129895733253
2017-07-25,-0.003509682379295276,-0.00018568247962835738,-0.0037409349399359915,-0.000416935040269073,2.049918996675206,1.5040996784834495,0.564546146731981,0.5440824703450234
2017-07-26,-0.002951202570491307,0.0056300171143817135,-0.0031824551311320226,0.005398764553740998,2.0676031519958618,1.5417868242265511,0.5742239608972689,0.5486795578933428
2017-07-27,-0.007406371349700125,-1.0037865166290239e-05,-0.0076376239103408405,-0.00024129042580700588,2.0905180001619956,1.5519556398254082,0.579506173991667,0.5506723391605767
2017-07-28,0.007432183223487598,-0.0006037397952625145,0.007200930662846883,-0.0008349923559032302,2.2000464650407854,1.584617358657395,0.6125226160347783,0.5563100817451467
2017-07-31,-0.009625273137727208,0.006250897136651945,-0.009856525698367924,0.006019644576011229,2.1273470473988594,1.6522749978391549,0.5998703720888282,0.5651180052647227
2017-08-01,0.013257368426616178,0.0037263481265050746,0.013026115865975463,0.003495095565864359,2.148324089419878,1.6646102472142268,0.6047574495651927,0.5676687755487502
2017-08-02,0.005649762989813345,-0.0032774628232060676,0.005418510429172629,-0.0035087153838467833,2.131581655365798,1.6503920072433529,0.6008749079977027,0.5640195018484825
2017-08-03,0.0037305152506372785,-0.006730110536626532,0.003499262689996563,-0.006961363097267248,2.0184055298841255,1.6540553972984913,0.5715922232730466,0.5629659988847264
2017-08-04,0.01711841158366645,0.0052678092346210015,0.016887159023025733,0.005036556673980286,2.0213183136213746,1.7800679808561202,0.5759065562747541,0.5788267373181261
2017-08-07,0.01200258357977746,-0.000894063384204502,0.011771331019136744,-0.0011253159448452177,2.005370879375972,1.7700735916654293,0.5710059007976086,0.5750589578020637
2017-08-08,-0.03316041628380828,-0.007840056363968673,-0.033391668844448996,-0.008071308924609388,2.1188449072523867,1.8246253798738428,0.5890691254420511,0.588300157695703
2017-08-09,-0.02857151596865304,-0.007065154895241621,-0.028802768529293754,-0.007296407455882337,2.1771509856678337,1.8829102598248166,0.6066496263414188,0.6010479538490642
2017-08-10,-0.04185711539764014,-0.008861461782919355,-0.04208836795828086,-0.009092714343560071,2.300608005487146,1.968944460465509,0.6316035669290998,0.6175687187724842
2017-08-11,0.005012451196072298,-0.011145357329243155,0.004781198635431583,-0.01137660988988387,2.0650675698192016,1.8721724038386833,0.5911695246213922,0.6002609910836805
2017-08-14,0.029913855703990633,0.008583287433983067,0.029682603143349917,0.008352034873342351,2.2218694453932932,1.9044389694991466,0.6289535673442076,0.6084872993188002
2017-08-16,0.02420503299323884,0.010531736796816515,0.023973780432598124,0.0103004842361758,2.233936737493747,1.9177646134960848,0.6418790673288411,0.6162950493933201
2017-08-17,-0.0005904624034589467,0.0006921671640436333,-0.0008217149640996624,0.0004609146034029177,2.1993779498060477,1.9182549612317321,0.6241902929736598,0.6164830104362906
2017-08-18,-0.013112858599101052,-0.006739598791147605,-0.013344111159741767,-0.006970851351788321,2.1896175211733704,1.9177637715050184,0.6283003801989709,0.6192508701119814
2017-08-21,-0.015624109343464587,-0.008442350412935062,-0.015855361904105303,-0.008673602973575778,2.181554677862726,1.9352053773411904,0.6481549065681722,0.6240341273809145
2017-08-22,0.01494067585387393,0.0011482257414410224,0.014709423293233215,0.0009169731808003068,2.12872639572683,1.9290062693693029,0.6374373087489298,0.6200461623292661
2017-08-23,0.027230779264849625,0.008903768559017866,0.02699952670420891,0.00867251599837715,2.1456706849291884,1.9635891065869824,0.6462352704579218,0.6294196002979405
2017-08-24,0.022493820601775738,0.00046179189926420783,0.022262568041135022,0.00023053933862349218,2.0052354819565457,1.9763870432524728,0.5931073431808315,0.6269000638460622
2017-08-28,0.011159255734166651,0.005655850493267112,0.010928003173525935,0.005424597932626396,1.9531364869030683,1.983924698796767,0.5792541597921792,0.630504513084476
2017-08-29,-0.019209113553772084,-0.011777701789638884,-0.0194403661144128,-0.0120089543502796,1.9295715257283752,1.9742483163527271,0.5916582819940945,0.6374200281367922
2017-08-30,0.03607161478400234,0.009019001301445284,0.03584036222336162,0.008787748740804568,2.0117998928420775,2.0131752598775656,0.6105341199273682,0.6454527481101611
2017-08-31,0.03365464331092949,0.0033891787742403867,0.03342339075028877,0.003157926213599671,2.055196062780527,2.036644912977292,0.6103276968377532,0.6427961017525643
2017-09-01,0.013442619812378265,0.00569677026131532,0.013211367251737549,0.005465517700674605,2.0527435299923984,2.042308464833309,0.6131478462091983,0.6448276910640556
2017-09-04,-0.012904517718764996,-0.006170875324781666,-0.013135770279405712,-0.006402127885422382,2.0763275385606073,2.06519854549367,0.6223952527118728,0.6506309357318333
2017-09-05,0.036459806507974424,0.003969654285916446,0.03622855394733371,0.0037384017252757307,2.113618184954882,2.0900415735545477,0.6221224716299384,0.6475332776480692
2017-09-06,0.005721647883986991,-0.0036172905783141696,0.0054903953233462754,-0.003848543138954885,2.100447159294951,2.079479989608972,0.6179364779843741,0.6469220961305308
2017-09-07,0.0005910865667595466,0.0013815972895521167,0.000359834006118831,0.001150344728911401,2.0901482629523165,2.1097252054585764,0.6160776757635732,0.6527346618607905
2017-09-08,0.007196679054218835,0.0004934001218306339,0.00696542649357812,0.0002621475611899182,2.0965992135967024,2.100519483411085,0.6169162955482501,0.6517656620211534
2017-09-11,0.012186002029455523,0.007171760015373785,0.011954749468814807,0.006940507454733069,2.0836969923054953,2.0835288556030407,0.6184501897674924,0.6510979174555864
2017-09-12,0.03135530067322456,0.008694739852208588,0.031124048112583846,0.008463487291567873,2.117955275077814,2.104488004613097,0.6257690664436181,0.659490645784121
2017-09-13,-0.005814380962714916,-0.0013623236054590704,-0.006045633523355631,-0.001593576166099786,2.127850401163111,2.1064844659899746,0.6278350686744852,0.6629385347244181
2017-09-14,0.008430618755936647,0.0007242372812548137,0.008199366195295932,0.000492984720614098,2.123562234115824,2.1400624355361755,0.6326729527816873,0.6560129165973817
2017-09-15,-0.014130992465472225,-0.00011889227256378643,-0.01436224502611294,-0.00035014483320450207,2.1594575821649284,2.1456463288841814,0.6354626143388222,0.6551618567646551
2017-09-18,-0.0007613016324917732,0.006712596042585561,-0.0009925541931324888,0.006481343481944846,2.1128879366590043,2.086532986233629,0.6269528321429666,0.644385188906347
2017-09-19,-0.002859366359409865,-0.0005466118624873895,-0.0030906189200505807,-0.0007778644231281051,2.001692660613191,2.0876518589874817,0.6202383519540978,0.6446164314040437
2017-09-20,-0.010570255953714414,-0.0006306363787978997,-0.01080150851435513,-0.0008618889394386153,2.009557308347674,2.0839819754343076,0.6205068654321543,0.6424360702004968
2017-09-21,-0.014066781893297464,-0.0018982067377479872,-0.01429803445393818,-0.002129459298388703,2.023152560050113,2.0932666478394917,0.6214550091289578,0.6433637113245988
2017-09-22,-0.01471696312084636,-0.01556031910231781,-0.014948215681487076,-0.015791571662958526,1.8960427686729557,2.0426767539813784,0.618501189424989,0.6402265272585539
2017-09-25,-0.02678203044601357,-0.009212875602266135,-0.027013283006654287,-0.00944412816290685,1.8602944467638294,2.067356989447891,0.6267010214294813,0.6475683502521842
2017-09-26,0.030664692846143593,-0.00011137992205778602,0.030433440285502877,-0.00034263248269850166,1.7904460762336791,2.0613998866107686,0.5996280534389938,0.6390581377421114
2017-09-27,-0.013543190618657608,-0.013751709466646389,-0.013774443179298324,-0.013982962027287105,1.7753845339529328,2.0061396105139924,0.636201262042463,0.6348476637002216
2017-09-28,0.03905716521355962,0.003410132276660871,0.038825912652918904,0.0031788797160201554,1.8097569395282813,2.0281777586848078,0.6300181845660999,0.6304394618771837
2017-09-29,0.01996177922070652,0.002011415113154058,0.019730526660065806,0.0017801625525133424,1.8299669889962595,2.0408805432113923,0.6371482430464394,0.6309039015715961
2017-10-03,0.00934058394222248,0.007243159742390093,0.009109331381581764,0.007011907181749377,1.8132326809438686,2.0275899848979853,0.6297939023228899,0.6298453664113977
2017-10-04,0.0066737914701602286,0.005618985813175215,0.006442538909519513,0.005387733252534499,1.79632076239377,2.022355711933893,0.6348547572186831,0.6323834613702982
2017-10-05,0.014667872490901734,-0.0026425071639926134,0.014436619930261019,-0.002873759724633329,1.767821043619898,2.011328144067094,0.6251841915493823,0.6262726387292573
2017-10-06,0.006488121283924064,0.009202422785872022,0.006256868723283349,0.008971170225231306,1.7304900374809107,1.9816204330391074,0.620050590345896,0.6224867408193251
2017-10-09,0.0019821591895743396,0.0009068212982741297,0.001750906628933624,0.0006755687376334141,1.7222728237455942,1.9786161607984372,0.6211226189371416,0.6229777288785362
2017-10-10,0.018211981386696996,0.0028231956263296,0.01798072882605628,0.0025919430656888842,1.8100773359790783,1.9715804553663336,0.6354259966828852,0.618575693324732
2017-10-11,-0.004916329505406436,-0.0032095987299651796,-0.005147582066047152,-0.0034408512906058952,1.812624158266392,1.9878881606538434,0.6368231146702669,0.6270358041742015
2017-10-12,0.014792240503476828,0.011177047924897598,0.014560987942836112,0.010945795364256883,1.7847362347365727,1.9787961583190843,0.6390080596450985,0.6294556064386477
2017-10-13,0.004111810928376869,0.007037142143597297,0.0038805583677361533,0.006805889582956581,1.8306215130199535,1.9575338859472367,0.6570804900632778,0.62534739152649
2017-10-16,0.004444529177884071,0.006235527378509298,0.0042132766172433556,0.006004274817868582,1.80331691693252,1.9321552382420906,0.6547991030825632,0.619515458504435
2017-10-17,0.006123763775850444,0.00035193420634405115,0.005892511215209728,0.0001206816457033355,1.8190218575050328,1.9293914204343177,0.6620991786064224,0.6187884329750206
2017-10-18,-0.001271960330651245,-0.0023059945074831445,-0.0015032128912919607,-0.00253724706812386,1.7916112617683568,1.9227154001488473,0.651120928292327,0.617094516269765
2017-10-19,-0.007282660632351057,-0.006297204164917303,-0.007513913192991772,-0.006528456725558018,1.820290041300793,1.9190219539004514,0.6591248062669387,0.6190102290930418
2017-10-23,0.005523783512415337,0.00377466285828576,0.005292530951774621,0.0035434102976450443,1.8207838905281521,1.9145839759415848,0.6594434509155707,0.618144945126443
2017-10-24,-7.922456612907691e-05,0.0022435859942857572,-0.00031047712676979256,0.0020123334336450416,1.8393385043756376,1.914878431905389,0.6656645615278645,0.6177354178282237
2017-10-25,0.0010512763324694863,0.008586597606260904,0.0008200237718287706,0.008355345045620188,1.778861947747324,1.893653889365484,0.6509320619738589,0.6095369262050591
2017-10-26,-0.0013887767704299225,0.004706027201677676,-0.0016200293310706382,0.00447477464103696,1.7556223110572504,1.8528192140868687,0.6450552598910059,0.5985860508304877
2017-10-27,0.00029358000034584997,-0.002006032637116295,6.232743970513432e-05,-0.0022372851977570107,1.7878901664637,1.876360971537707,0.6549962982555337,0.6079257963431755
2017-10-30,-0.003887088429361696,0.00393300300838062,-0.0041183409900024115,0.0037017504477399044,1.7660977670753,1.871001445820487,0.6497232626761651,0.6066176853562878
2017-10-31,-0.008402025759900678,-0.002735579151063039,-0.008633278320541393,-0.0029668317117037546,1.7773876304173115,1.9132479950676047,0.6525377806076383,0.622163704155406
2017-11-01,0.002028734568276347,0.010178727013297362,0.0017974820076356313,0.009947474452656646,1.7583304244779798,1.870333233432006,0.6565699900255548,0.6166821619053158
2017-11-02,0.007453232173205704,-0.0015995589591015769,0.007221979612564988,-0.0018308115197422925,1.7479046191920442,1.8662519431056872,0.6532604688495491,0.6157111050342822
2017-11-03,0.004868734493235438,0.0027533333189682097,0.0046374819325947225,0.002522080758327494,1.7577439471689547,1.8774935795833139,0.6557113228949869,0.6183466375322009
2017-11-06,0.01709963768991085,-6.698831021290097e-05,0.016868385129270136,-0.0002982408708536166,1.7909729886478831,1.8606656848467216,0.6579418667932935,0.6092646655694751
2017-11-07,0.006040820761067378,-0.009725541625559164,0.0058095682004266624,-0.00995679418619988,1.700938382473333,1.7940911256523264,0.6382515820531626,0.5974855405814788
2017-11-08,-0.017538807706832138,-0.004540996818999998,-0.017770060267472854,-0.004772249379640714,1.7311439432557536,1.8088555609332388,0.6455925617505286,0.6013818404281283
2017-11-09,0.006192662140845462,0.0005629156585715833,0.005961409580204746,0.0003316630979308677,1.6562691618336367,1.8146604912036375,0.6331452516947302,0.5987642902284445
2017-11-10,-0.0006558738222850469,0.0012416205767800115,-0.0008871263829257625,0.0010103680161392958,1.5912512475626142,1.812483892781721,0.6206889011553256,0.5986341898459363
2017-11-13,0.017524563779271807,-0.009378235734008311,0.01729331121863109,-0.009609488294649027,1.3530304450953692,1.7281385741456377,0.5661106311591451,0.5762031304475274
2017-11-14,0.004391013216905382,-0.0037506868204679744,0.004159760656264666,-0.00398193938110869,1.4218901945584737,1.7107934593862735,0.58016302315773,0.5721800932259793
2017-11-15,-0.019237679112236172,-0.00672940994209803,-0.019468931672876888,-0.006960662502738746,1.4205216875614641,1.7682427741610223,0.5788046593480682,0.5901175972642492
2017-11-16,-0.0041185478644278906,0.009557197007243445,-0.004349800425068606,0.00932594444660273,1.3134761721143307,1.7215666643736869,0.5389765003462252,0.5801722892949084
2017-11-17,0.011575943359290353,0.006740214824151325,0.011344690798649637,0.006508962263510609,1.3110939067054268,1.6849897811854309,0.5419122820752676,0.5696640799553464
2017-11-20,-0.0076921254014125084,0.0014732575363192169,-0.007923377962053224,0.0012420049756785012,1.280722833911982,1.6823992350858414,0.526330505270169,0.5680048621359737
2017-11-21,-0.007173449661564746,0.0027333793542905216,-0.0074047022222054615,0.002502126793649806,1.2330903756927618,1.6787111673714863,0.5026551024445277,0.5737412850189102
2017-11-22,0.007867933002511984,0.00149119420929833,0.007636680441871269,0.0012599416486576143,1.2327159032575894,1.6460442872320795,0.5043118323248081,0.5681365470679439
2017-11-23,-0.007101558999650259,0.0006236712756650942,-0.007332811560290975,0.00039241871502437853,1.1858948638086522,1.6362761908414372,0.4851922150290128,0.5655769164547095
2017-11-24,-0.005484620024564957,0.003957018510689636,-0.005715872585205672,0.0037257659500489204,1.1701261215590992,1.537660011956574,0.48465596562698393,0.5339017768709607
2017-11-27,0.0008073604607441442,0.000948016707878141,0.0005761079001034286,0.0007167641472374253,1.1657054701876255,1.5094014213383227,0.48114416356048895,0.5247642680111518
2017-11-28,-0.0023757079909666468,-0.0028174108723719726,-0.0026069605516073624,-0.0030486634330126883,1.117404205621144,1.5086441456330957,0.4541005322484412,0.5253745817614378
2017-11-29,0.0021963937399271938,-0.0008630645657047298,0.001965141179286478,-0.0010943171263454454,1.0179978530866134,1.5073725749970504,0.42605998393982475,0.5250454635685801
2017-11-30,0.004506340911024864,-0.013005125084696312,0.004275088350384149,-0.013236377645337027,0.8826041395028326,1.432099285609865,0.4035187736816562,0.5108387015244132
2017-12-01,-0.03158628708719324,-0.010242946252702612,-0.03181753964783396,-0.010474198813343327,0.9865144171166191,1.4789599876681545,0.4380303830461277,0.5261203125931279
2017-12-04,-0.013892306508420882,0.0005878594150563465,-0.014123559069061598,0.0003566068544156309,0.9585515123123323,1.485452781261667,0.4209656881612296,0.5256295962041575
2017-12-05,0.016387360338198764,-0.0009380168349337747,0.01615610777755805,-0.0011692693955744904,0.8964890902656714,1.4740341867703837,0.41115050840810236,0.5219946561485187
2017-12-06,0.007371685287953067,-0.007328380957675518,0.007140432727312351,-0.007559633518316233,0.8666393496119272,1.445902431684294,0.40106871136721556,0.5144833960313815
2017-12-07,0.022709312637977597,0.012206229598028528,0.02247806007733688,0.011974977037387813,0.9210973154410595,1.4503279776251432,0.43079307750921425,0.5222286765418565
2017-12-08,0.023055657470580693,0.009732773998600175,0.022824404909939977,0.00950152143795946,0.9681425269624003,1.468003507780273,0.4524758675607679,0.5301743843279987
2017-12-11,-0.013426353197008134,0.0055134947345070184,-0.01365760575764885,0.005282242173866303,0.9156419876762089,1.4418372123230794,0.42348453626712546,0.5201204673924065
2017-12-12,0.019558787472473416,-0.007953654423696332,0.0193275349118327,-0.008184906984337048,0.7516022458759731,1.3748445134775606,0.3566175507426509,0.49784106872146083
2017-12-13,-0.02257967790801152,-0.004609326378225087,-0.022810930468652235,-0.004840578938865803,0.7887135091295033,1.397298798986695,0.3667947310362658,0.5027149747944335
2017-12-14,-0.0015638261052879354,0.005802972930222028,-0.001795078665928651,0.005571720369581312,0.7705641848319791,1.3807013102417558,0.3612721628392602,0.5019170808965296
2017-12-15,0.040269343032677485,0.007915489872025061,0.04003809047203677,0.007684237311384345,0.8664777768241642,1.4347636697644761,0.39002154068842176,0.512547478888523
2017-12-18,-0.002216334414288035,0.005371011056540809,-0.0024475869749287504,0.005139758495900093,0.8704509952221617,1.4227546508977487,0.3904516214682015,0.5093642162121046
2017-12-19,0.008716516957895992,0.007166424768379365,0.008485264397255277,0.006935172207738649,0.8702816851835056,1.3620284975714942,0.3935952244930687,0.5041118077960376
2017-12-20,-0.003223589355056289,-0.001815888030940238,-0.0034548419156970045,-0.0020471405915809537,0.8682651103439191,1.3631475032077274,0.39519733148353736,0.5045992554455674
2017-12-21,0.023978767499010623,-0.00037345038892977467,0.023747514938369907,-0.0006047029495704903,0.8466818526272446,1.3560808232259607,0.3824478273414218,0.498361792758838
2017-12-22,0.03493452825820165,0.0050477664720738336,0.03470327569756093,0.004816513911433118,0.8679478513858178,1.3790833742992474,0.3631547856660801,0.501218901575448
2017-12-26,0.0073079544260075124,0.003669112741827796,0.007076701865366797,0.00343786018118708,0.7662958927438825,1.3324806337987025,0.32589504551587134,0.4949654898383808
2017-12-27,-0.00886455659683194,-0.003869344347908643,-0.009095809157472656,-0.004100596908549359,0.8006289502255856,1.2994070410245016,0.35007651982065147,0.48819617293551637
2017-12-28,0.020179938617511883,-0.0012248513571480046,0.019948686056871168,-0.0014561039177887203,0.7372537282812874,1.3152814598411677,0.3070061850666772,0.5008600948455503
2017-12-29,0.02551339427289534,0.005039158869532878,0.025282141712254624,0.0048079063088921625,0.7359530334271397,1.3298474943897816,0.3178771640744693,0.5045747979876094
2018-01-02,0.015292861917248324,-0.008403999578242116,0.015061609356607608,-0.008635252138882832,0.64681097672583,1.2849062250979582,0.2872596373164998,0.4936381681536415
2018-01-03,0.024562934256016744,9.576525840304662e-05,0.02433168169537603,-0.00013548730223766903,0.63435718959585,1.2719002816531673,0.2741751630633071,0.482762154760505
2018-01-04,-0.008056866815880248,0.0058985376343401175,-0.008288119376520964,0.005667285073699402,0.5983935410124994,1.246698442169687,0.2571322147833599,0.4775717278593858
2018-01-05,0.006797821492803946,0.005145248428569005,0.00656656893216323,0.004913995867928289,0.6216339091777818,1.2413369692313525,0.26865321604541054,0.4771368513838236
2018-01-08,0.03877800884075833,0.006132296831134809,0.03854675628011761,0.0059010442704940935,0.7119332163963549,1.2764605501379174,0.2894539804991719,0.4820102598116082
2018-01-09,-0.0014303551474360576,0.0012613794869653638,-0.0016616077080767733,0.0010301269263246482,0.7110673134159937,1.2703261911417065,0.28877213367301646,0.48155410111952784
2018-01-10,-0.0023881739010565006,-0.0004512366915013777,-0.0026194264616972163,-0.0006824892521420933,0.7035658178206713,1.301671532608271,0.28741261321198525,0.48755794626323207
2018-01-11,0.01322330400379279,0.0017870242895141608,0.012992051443152075,0.0015557717288734452,0.6939298253471784,1.3035574901435716,0.28230074734831456,0.4876193965285962
2018-01-12,0.006599874160998054,0.00282125996474325,0.006368621600357338,0.0025900074041025345,0.6766287087236308,1.3063203598991866,0.2694397503336954,0.4885611266724866
2018-01-15,0.006299058379458655,0.005645388385020489,0.00606780581881794,0.005414135824379773,0.6876359496677906,1.337759340327702,0.2726853416164688,0.500292486307153
2018-01-16,-0.020085127167714933,-0.003826227138756466,-0.02031637972835565,-0.004057479699397182,0.7488902014036477,1.3525854237245611,0.28941408979924654,0.5039591949793872
2018-01-17,-0.00750486426749819,0.008233261943837888,-0.007736116828138906,0.008002009383197173,0.6848289462272794,1.3237346538722765,0.2672238424610025,0.4961782391680502
2018-01-18,-0.01128576112137869,0.002637073177355065,-0.011517013682019406,0.002405820616714349,0.66591538984359,1.2910403921923617,0.25737457738460934,0.4816635531321528
2018-01-19,0.010564191240277188,0.007183155709762357,0.010332938679636472,0.006951903149121641,0.6518751214925401,1.2987720705814654,0.25159485750022237,0.484100294733226
2018-01-22,0.00823258651919434,0.006562824007838586,0.008001333958553625,0.00633157144719787,0.6543858017969933,1.2980269746770186,0.2538662466613752,0.48484577528627787
2018-01-23,0.0021817841218791933,0.010714741469905364,0.0019505315612384777,0.010483488909264649,0.6199678348456411,1.275534250321819,0.24606409228958234,0.4815786007695047
2018-01-24,-0.01427941592500015,0.00020749430668232094,-0.014510668485640865,-2.3758253958394704e-05,0.6560608987760286,1.2741412703707813,0.2538730780683072,0.4782724928111084
2018-01-25,0.005554186748538248,-0.001474797886974577,0.005322934187897532,-0.0017060504476152927,0.6646800304986188,1.270296124518947,0.2570418371498083,0.47745363057902435
2018-01-29,0.0018905771053101539,0.005487978197707966,0.0016593245446694382,0.00525672563706725,0.6521472182788424,1.2759283649807134,0.25284132449615787,0.4798276424775856
2018-01-30,-0.01389510465905519,-0.0072549052294663685,-0.014126357219695906,-0.007486157790107084,0.7148310860344969,1.2874641270631177,0.2788233860344725,0.48620028994569536
2018-01-31,-0.018909525305451425,-0.001986505865481769,-0.01914077786609214,-0.0022177584261224847,0.7278696393435864,1.3008536032781632,0.27981314928463985,0.4877210831725802
2018-02-01,-0.027243713531808877,-0.000979334267002474,-0.027474966092449593,-0.0012105868276431897,0.7938686453493489,1.3367726449759136,0.28945407930551575,0.49376182513860695
2018-02-02,-0.059229079706194954,-0.023264327729431322,-0.05946033226683567,-0.023495580290072038,1.2053025557344788,1.4773783099456834,0.44540081709606766,0.5479413867133887
2018-02-05,-0.04599307704997513,-0.00874020111347329,-0.046224329610615844,-0.008971453674114005,1.3333418257980456,1.5467186830039326,0.4724640150696138,0.5599219422912178
2018-02-06,-0.0458281494654047,-0.015778279553294694,-0.046059402026045415,-0.01600953211393541,1.4755897965340332,1.6335033005603146,0.5246496794749808,0.5862727637873977
2018-02-07,0.08627192623976176,-0.0020527044686019513,0.08604067367912105,-0.002283957029242667,1.475770895826425,1.587517972038587,0.44878746105870204,0.5271937783743631
2018-02-08,0.035012505036188246,0.009559251691416026,0.03478125247554753,0.00932799913077531,1.5188967542944223,1.6200441131300762,0.4614132836650084,0.5368876839874981
2018-02-09,0.03364904408331815,-0.011525115565078292,0.03341779152267743,-0.011756368125719008,1.3215524525010434,1.4771787746570186,0.4050394927256899,0.49486543817898276
2018-02-12,0.04625455626991082,0.008110971654893273,0.0460233037092701,0.007879719094252557,1.4080438931483243,1.4916754772422303,0.423623689606906,0.4959605783343205
2018-02-14,-0.014930254625217687,-0.0036860086221209842,-0.015161507185858403,-0.0039172611827617,1.5185767119934181,1.4461594033495426,0.45008041437672947,0.48639164720337974
2018-02-15,-0.027149406871844084,0.004247217640005241,-0.0273806594324848,0.004015965079364525,1.4854865832284243,1.460858814406905,0.43428129317793984,0.4807496888241368
2018-02-16,-0.03233978374366975,-0.00883791146104973,-0.03257103630431046,-0.009069164021690446,1.5245021671462213,1.4786755670563883,0.44363164592567517,0.4847336958135612
2018-02-19,0.009662603500417477,-0.0070701582851038225,0.009431350939776761,-0.007301410845744538,1.5399508773570665,1.4426291787909538,0.44594382138161953,0.47281396224320454
2018-02-20,-0.03401919992432112,-0.001734371321447492,-0.034250452484961835,-0.0019656238820882077,1.5631330192570354,1.4566333848756268,0.4421397702118939,0.4710551920107848
2018-02-21,-0.026398357826987406,0.003576097765586983,-0.026629610387628122,0.0033448452049462674,1.5292943062041902,1.4282361496232567,0.429232163192201,0.45732240045800004
2018-02-22,-0.01215170610990357,-0.0014186170381128571,-0.012382958670544286,-0.0016498695987535728,1.5462942919330493,1.4226335327264799,0.4330472802391036,0.45272643758609177
2018-02-23,0.020923973579138222,0.010435590678416817,0.020692721018497506,0.010204338117776102,1.5568558618696962,1.4285261052820977,0.4416576768008011,0.458068994069188
2018-02-26,-0.005544616930859503,0.008726467454819975,-0.0057758694915002184,0.00849521489417926,1.5029524570530548,1.3777454519245929,0.43146444024743025,0.4439121387807914
2018-02-27,0.04138248735096872,-0.0026741826897078713,0.041151234790328006,-0.002905435250348587,1.4752546821025643,1.3516577824749985,0.41497927761554065,0.43129576283202503
2018-02-28,0.019737731031602035,-0.005822290104475547,0.01950647847096132,-0.006053542665116263,1.4250945722339987,1.320109322024614,0.4016693853955135,0.42091339019192425
2018-03-01,0.0007187471586618255,-0.0032879533476946055,0.00048749459802110984,-0.003519205908335321,1.421045096192766,1.3035736491193564,0.4008296934614649,0.4121940556533774
2018-03-05,-0.019439636780021474,-0.009513929416818057,-0.01967088934066219,-0.009745181977458772,1.4459363019121998,1.285453160057432,0.411269706490474,0.4098735293655245
2018-03-06,-0.0053138892592254905,-0.010580287725753812,-0.005545141819866206,-0.010811540286394528,1.5069894885832462,1.257137003027774,0.42452337096336057,0.4087204211526074
2018-03-07,-0.013692987441005111,-0.00927383024977435,-0.013924240001645827,-0.009505082810415066,1.4524649088624604,1.260114181954905,0.41256933450908,0.4114656765382761
2018-03-08,-0.0014611464875061708,0.008710700361544088,-0.0016923990481468865,0.008479447800903372,1.4111039792031543,1.2287922877282014,0.4067912072413038,0.40328176355127715
2018-03-09,-0.00158797590673887,-0.001542645765246653,-0.0018192284673795855,-0.0017738983258873686,1.4174589713438301,1.208740317086269,0.4096781298440916,0.4010081423590314
2018-03-12,0.019240111019626527,0.019023530088059015,0.01900885845898581,0.0187922775274183,1.4018685404538114,1.196697349481412,0.4214446587837459,0.4080194631394954
2018-03-13,0.020490236241756943,0.0005228873803659884,0.020258983681116227,0.0002916348197252727,1.3885050958104248,1.1975184545566517,0.4096581971158837,0.4068922713523815
2018-03-14,-0.0023656197110908384,-0.001529629691374823,-0.002596872271731554,-0.0017608822520155387,1.3674532114572944,1.1982239463926112,0.40047046943590076,0.40727770772084737
2018-03-15,0.014988944868673082,-0.004874698450260895,0.014757692308032366,-0.00510595101090161,1.374847204721883,1.1785981973557302,0.4028896349744072,0.39966883637149964
2018-03-16,0.021566698638963766,-0.01592640973139836,0.02133544607832305,-0.016157662292039077,1.2508636093661798,1.045365121093319,0.37671236376095507,0.3620542562916132
2018-03-19,0.0008992283217432728,-0.009896900659531527,0.0006679757611025572,-0.010128153220172242,1.1968581277465764,1.0285450879985543,0.3674377538981323,0.3594000608413355
2018-03-20,-0.015365827050654923,0.002981856935879268,-0.015597079611295639,0.0027506043752385523,1.1967923732978067,1.0178166424395123,0.36458319628292474,0.3549293692807202
2018-03-21,0.00697567432027002,0.003052086486265315,0.006744421759629304,0.0028208339256245996,1.1314378380179764,1.018231920716754,0.3484984634767482,0.3562103395566427
2018-03-22,-0.009531926978214589,-0.003988084980675044,-0.009763179538855304,-0.00421933754131576,1.1571939752573368,1.0342710658396606,0.35488694653663366,0.3604891555356958
2018-03-23,-0.004580647597221321,-0.011537625281148767,-0.004811900157862037,-0.011768877841789482,1.1424796692000747,1.0241195092136162,0.35349781986130063,0.3608055003059681
2018-03-26,-0.005929172777670133,0.013262645068574441,-0.006160425338310849,0.013031392507933726,1.0530977967855515,0.9769045006693579,0.3343926359133838,0.3494743568746555
2018-03-27,0.010838892585785853,0.005281003483202706,0.010607640025145137,0.005049750922561991,1.0577044640003297,0.9753432172040831,0.33924062464026705,0.3502633084142495
2018-03-28,-0.007152780984700291,-0.006917631084606968,-0.007384033545341007,-0.007148883645247683,1.0193885440080472,0.9737707631550683,0.3323655016650656,0.3449107409976132
2018-04-02,-0.0008841956059383316,0.009699675438319622,-0.0011154481665790472,0.009468422877678906,0.9846094610596086,0.922957347441252,0.3249060605270089,0.3298288181247693
2018-04-03,0.0,0.0032511600254110373,-0.00023125256064071564,0.0030199074647703217,0.974647844059659,0.9223947363377817,0.32210455892130313,0.33261703053416
2018-04-04,0.0,-0.011381123413860439,-0.00023125256064071564,-0.011612375974501155,0.9512244619726831,0.8991915780955562,0.3209555319331207,0.32348021967519086
2018-04-05,0.0,0.019425574859986305,-0.00023125256064071564,0.01919432229934559,0.8375628259260416,0.8253096261537346,0.2980447158356315,0.3099573841041173
2018-04-06,0.0,0.0006246125727966678,-0.00023125256064071564,0.0003933600121559522,0.8800572553693614,0.8212190963956048,0.3118029844270381,0.30944221170288916
2018-04-09,0.0,0.004621743176794313,-0.00023125256064071564,0.004390490616153597,0.8745954375574758,0.8157581744445941,0.3135440035893833,0.3068632308115133
2018-04-10,0.0,0.002206341580816895,-0.00023125256064071564,0.0019750890201761795,0.8919916595961713,0.8143774267995041,0.3189147434601338,0.30583383694297944
2018-04-11,0.0,0.0014324199692374862,-0.00023125256064071564,0.0012011674085967705,0.8885357420933551,0.821388982632024,0.31696406446645264,0.30881953582703486
2018-04-12,0.0,0.003983815001590951,-0.00023125256064071564,0.0037525624409502356,0.8343356745174826,0.8221900838103436,0.3040839679861637,0.30760880734999685
2018-04-13,0.0,0.002098666456015641,-0.00023125256064071564,0.0018674138953749253,0.8344108338028612,0.8213613469385386,0.30422201478374383,0.3073534417786315
2018-04-16,0.0,0.004556037037927396,-0.00023125256064071564,0.004324784477286681,0.8310265219144454,0.8124314233561387,0.3037935596285537,0.3052185637963241
2018-04-17,0.0,0.001932932196645476,-0.00023125256064071564,0.0017016796360047604,0.8249608592563683,0.8097153943414646,0.3025736782369434,0.3040646036395646
2018-04-18,0.0,-0.002132964212026689,-0.00023125256064071564,-0.0023642167726674046,0.8198169614994975,0.8015530807781092,0.30079620217541664,0.2989408272570362
2018-04-19,0.0,0.0037145036812440413,-0.00023125256064071564,0.0034832511206033256,0.8140915391725609,0.802227113172525,0.29829352842731377,0.2983945449278551
2018-04-20,0.0,-0.00011831183431687542,-0.00023125256064071564,-0.00034956439495759106,0.8002986487067371,0.8039958482949677,0.29445573622743726,0.298219879910481
2018-04-23,0.0,0.0019547797489403163,-0.00023125256064071564,0.0017235271882996006,0.8271987454291597,0.8031971296020585,0.30211388740058304,0.29806111789493095
2018-04-24,0.0,0.0028011576629851653,-0.00023125256064071564,0.0025699051023444497,0.8350137923816501,0.801593679905995,0.3055409498061842,0.2974672260289487
2018-04-25,0.0,-0.00412647089076601,-0.00023125256064071564,-0.004357723451406725,0.8218270949340404,0.7963081938603442,0.29978470973009314,0.29516521804263735
2018-04-26,0.0,0.0044699661676110836,-0.00023125256064071564,0.004238713606970368,0.8120905983277019,0.7923438453465071,0.2957277988133014,0.293872714099302
2018-04-27,0.0,0.007016519558704637,-0.00023125256064071564,0.006785266998063921,0.8190940349037225,0.7860189595752965,0.29575499718929976,0.29250196075232987
2018-04-30,0.0,0.004400344691688707,-0.00023125256064071564,0.004169092131047991,0.8178463345815219,0.7921917727352822,0.2970365316551056,0.2935546866276747
2018-05-02,0.0009506231431186674,-0.0019833421447520427,0.0007193705824779517,-0.0022145947053927584,0.8184988893059272,0.7961663682807858,0.2975089991768918,0.29471723931382837
2018-05-03,-0.009945389140414873,-0.003582686660562606,-0.010176641701055589,-0.003813939221203322,0.826468906499051,0.8017251644510179,0.2990290799371664,0.29658941619835233
2018-05-04,0.007134891083455219,-0.0057492884485150775,0.006903638522814504,-0.005980541009155793,0.7979263607123361,0.796213349732445,0.28854003630419583,0.2950780867304718
2018-05-07,0.01081492200167844,0.00915875968262192,0.010583669441037724,0.008927507121981204,0.8004196335938308,0.795827237128021,0.2937750036768567,0.29666634569724254
2018-05-08,-0.0028215176489341243,0.00021462411343375898,-0.00305277020957484,-1.6628447206956665e-05,0.7961982299405745,0.8079673841943077,0.29583575520810806,0.2987144335724361
2018-05-09,0.019332491241276895,0.0022299717349214543,0.01910123868063618,0.0019987191742807386,0.5354200204140043,0.8155229376398903,0.1967618722387627,0.3005674525184086
2018-05-10,-0.01834876666476204,-0.0023413789407356056,-0.018580019225402755,-0.0025726315013763212,0.4391420019941217,0.8225640782575139,0.1657679036986062,0.30187543898250524
2018-05-11,0.006955717707520792,0.00839357787271755,0.0067244651468800765,0.008162325312076835,0.24005654312740834,0.821916588423907,0.09251630675924584,0.30401367191752887
2018-05-14,0.008778171503246224,9.217542682682378e-06,0.008546918942605508,-0.00022203501795803327,0.3057810657325041,0.8431577104847622,0.1430052046698098,0.3091705043802416
2018-05-15,0.004964541895290164,-0.0004395462191344457,0.004733289334649449,-0.0006707987797751613,0.21502084191056858,0.8303840995311426,0.10329784690092866,0.30507971961666724
2018-05-16,0.01732266934988691,-0.005624036826737067,0.017091416789246194,-0.005855289387377782,0.3180946256530278,0.8096250168715203,0.154864300301071,0.29758588292362703
2018-05-17,0.018546667325500588,-0.005437005165795927,0.018315414764859872,-0.005668257726436643,0.16890582852695132,0.7896522782609473,0.08814803794192168,0.29011975872065426
2018-05-18,-0.01834788925998332,-0.008078463600931896,-0.018579141820624034,-0.008309716161572611,0.19661436117358133,0.8459521832940873,0.10297950471214733,0.30969435664910294
2018-05-21,-0.01422636550422518,-0.007521440524559053,-0.014457618064865896,-0.007752693085199769,0.26572726652229195,0.8618164126559537,0.14357553391800765,0.3158414896520037
2018-05-22,0.016233344550264484,0.0019017372016476575,0.016002091989623768,0.0016704846410069418,0.18519571015987796,0.8482318589359853,0.10302281663248329,0.3103867981332636
2018-05-23,-0.0035915639491808093,-0.010093348388598211,-0.003822816509821525,-0.010324600949238927,0.21726255339270542,0.8630495379885782,0.12223568964586184,0.3163799463968479
2018-05-24,-0.006665251237892189,0.008005484296034426,-0.006896503798532905,0.007774231735393711,0.1727813721764631,0.8390923743275349,0.10456385750385151,0.3081699953899775
2018-05-25,0.00564567686313544,0.00868385840031305,0.005414424302494725,0.008452605839672334,0.20864180006057112,0.837055421166331,0.13351387011715407,0.30942267527842
2018-05-28,0.006672995205692311,0.007873532851907061,0.006441742645051596,0.007642280291266346,0.20808781480712737,0.8397296076823645,0.1357796017102001,0.3118967836311544
2018-05-29,0.012315245505547301,-0.005178444790938985,0.012083992944906585,-0.005409697351579701,0.1356184159510487,0.8254422422785709,0.08899360262566479,0.3070331766200251
2018-05-30,0.0012663123599474524,-0.0017821556488181178,0.0010350597993067367,-0.0020134082094588335,0.15989872980826425,0.825641090734777,0.10417866819933216,0.3074724543527184
2018-05-31,0.00012789259930312546,0.011475105468772284,-0.00010335996133759018,0.011243852908131569,0.18313057404016855,0.8122869227758978,0.13696369922535007,0.30538426198391855
2018-06-01,-0.019225844294087024,-0.0037210912532843476,-0.01945709685472774,-0.003952343813925063,0.24510478145351972,0.8235968995212226,0.18163855212304744,0.3085033275544576
2018-06-04,-0.029422314928116866,-0.006329368754912523,-0.029653567488757582,-0.006560621315553239,0.3039699343972991,0.8492137329861935,0.21077927661804416,0.3156635252339495
2018-06-05,-0.020865421059476308,-0.003325926459519235,-0.021096673620117024,-0.0035571790201599507,0.2750870803716477,0.8601417844537709,0.1874862539816456,0.31831162476288255
2018-06-06,0.01983137423954906,0.0086376570355291,0.019600121678908344,0.008406404474888385,0.30951508782333376,0.9059312412719122,0.2040370686031412,0.3312710049581577
2018-06-07,0.019725394788375983,0.007833594520176401,0.019494142227735267,0.007602341959535686,0.3093260884361765,0.8791161643751768,0.20030501438273338,0.3226065247279879
2018-06-08,0.008876355955366177,-6.493276828523076e-05,0.008645103394725462,-0.0002961853289259464,0.32043256460711067,0.8786115879752913,0.20476363391176458,0.3231338694927422
2018-06-11,0.0015386827876751052,0.0017923877528847054,0.0013074302270343896,0.0015611351922439898,0.3185601467797688,0.8819839684799302,0.20353195745144526,0.3250964809078615
2018-06-12,0.0017877104181909242,0.005182133323169635,0.0015564578575502086,0.00495088076252892,0.23486839988741479,0.8948621743355722,0.14519497371112483,0.328854010027601
2018-06-13,-0.001147807982204485,0.0012773935299743577,-0.0013790605428452007,0.001046140969333642,0.23530451849737238,0.874198802240133,0.14950574239317913,0.31925580768154066
2018-06-14,0.006005678256942426,-0.0044811397339686865,0.00577442569630171,-0.004712392294609402,0.2211967208524581,0.8462938275220754,0.14094360321186164,0.3090165172545104
2018-06-15,-0.004695041676145206,0.000892889170515776,-0.004926294236785922,0.0006616366098750603,0.25250307609212674,0.8622419981191606,0.16205772619908704,0.3148118940279164
2018-06-18,-0.0055803821953311905,-0.00165012762557748,-0.005811634755971906,-0.0018813801862181956,0.4344912597945106,0.8999685141656172,0.2729196827062468,0.3277827479835478
2018-06-19,-0.006229424784380266,-0.008277838793689818,-0.006460677345020982,-0.008509091354330534,0.4686434422862606,0.8832375471768866,0.29140723579722555,0.3249589781217219
2018-06-20,0.003588479019164481,0.005751355755517995,0.0033572264585237654,0.005520103194877279,0.4846545129874268,0.8879630235079008,0.30848483358698586,0.3267025477757326
2018-06-21,-0.007932519722044118,-0.0028731945983977436,-0.008163772282684834,-0.0031044471590384592,0.4899110776768152,0.8503773299059618,0.3118789164850089,0.3168351853920369
2018-06-22,2.0192458112688882e-05,0.007517852262492797,-0.00021106010252802676,0.007286599701852081,0.4654732574853002,0.848095392596984,0.29984214275809623,0.3167232734122093
2018-06-25,0.013242169475895738,-0.005488841206131911,0.013010916915255022,-0.005720093766772627,0.42446021138691836,0.82959418370681,0.2636610136703709,0.30913514678682436
2018-06-26,-0.001139532162685697,0.0006225529680423669,-0.0013707847233264125,0.0003913004074016513,0.4912696918823033,0.8284673597545037,0.29619041424470927,0.3086582974577138
2018-06-27,-0.01204060125494022,-0.009076853461448153,-0.012271853815580935,-0.009308106022088869,0.5093655439730688,0.8392516802922673,0.3113752540636683,0.3162511063500863
2018-06-28,-0.0005418996600367043,-0.007712275637441368,-0.00077315222067742,-0.007943528198082084,0.4842196655642436,0.808099971640034,0.29825335774226447,0.3097552577793497
2018-06-29,0.018464722640459286,0.011823497741172861,0.01823347007981857,0.011592245180532146,0.5673304595926347,0.8216894732558967,0.3436546494344079,0.3171418618962661
2018-07-02,0.01596988586520376,-0.005319993003655044,0.015738633304563043,-0.005551245564295759,0.5217127418851244,0.8001320928310307,0.312450636041976,0.3086694049101388
2018-07-03,0.02740762918017947,0.003997315147197256,0.027176376619538756,0.00376606258655654,0.5864520362499767,0.819142700596191,0.32397416779167043,0.31507957258123026
2018-07-04,0.02368558069365556,0.006542116977213297,0.023454328133014846,0.006310864416572581,0.7693316508811114,0.8209869188573787,0.380545026165275,0.3165437678948987
2018-07-05,-0.02061504445468676,-0.0018709913642785958,-0.020846297015327475,-0.0021022439249193114,0.7967815179351375,0.8580083129523065,0.38263627672706796,0.32795109015983565
2018-07-06,-0.011853311193728344,0.0021303184376380013,-0.01208456375436906,0.0018990658769972857,0.7949304357085724,0.8543968064694035,0.3763514166822207,0.3283106380468477
2018-07-09,0.028311428081152945,0.007449420253147654,0.02808017552051223,0.007218167692506938,0.8735522017853968,0.8918111570960201,0.4014818248430606,0.34041005831531834
2018-07-10,0.02344612213218733,0.008693492612951825,0.023214869571546615,0.00846224005231111,0.9332865040781797,0.911011899185174,0.4252500748638111,0.34710951635992476
2018-07-11,0.004058375274562875,9.589665783638068e-05,0.0038271227139221597,-0.00013535590280433496,0.9408603232775192,0.8799102173263357,0.42764930404077434,0.34010177596406316
2018-07-12,-0.010375558750513658,0.006841280560560881,-0.010606811311154374,0.006610027999920165,0.8877540412487944,0.8627539946438056,0.4038900840332107,0.33413764480578073
2018-07-13,-0.031976010102269914,-0.0003900686380828855,-0.03220726266291063,-0.0006213211987236011,0.916832555674509,0.8660620607452667,0.3932179208696066,0.3312853759827056
2018-07-16,-0.032623981750965036,-0.0074463674542162295,-0.03285523431160575,-0.007677620014856945,1.0232832941612322,0.8952356351785701,0.4239240583010166,0.34043968241896416
2018-07-17,0.029389849496397558,0.006510119262449043,0.029158596935756842,0.006278866701808328,1.088149983490328,0.9170984875313425,0.4393388027855267,0.3463986117379127
2018-07-18,0.015661811474314336,-0.002507220612614547,0.01543055891367362,-0.0027384731732552625,1.0683493916929891,0.9081926956704378,0.4281563218037764,0.34165662875177494
2018-07-19,0.0046494437520789855,-0.0021265599790679657,0.00441819119143827,-0.0023578125397086813,1.0603287138766493,0.8950467360655182,0.4255678644924866,0.337927027363698
2018-07-20,0.012677106195273957,0.00484622644956767,0.012445853634633242,0.004614973888926954,1.075168690058289,0.9205905821910565,0.43130769746160486,0.34603905894135234
2018-07-23,-0.0028375468772514623,0.006770976309698584,-0.003068799437892178,0.006539723749057869,1.0468605628560292,0.9161675225401046,0.42290103463491846,0.3459088022711907
2018-07-24,-0.009285324576837506,0.00447008770495505,-0.009516577137478222,0.004238835144314335,1.0281717373268118,0.9027075639010338,0.4124307209375227,0.3400167455647875
2018-07-25,0.021422572729122846,-0.0002065513528324292,0.02119132016848213,-0.00043780391347314485,1.0283067975263331,0.899370850695828,0.4055369691208929,0.33620826754384847
2018-07-26,0.028065114873187857,0.0031710209025781477,0.027833862312547142,0.002939768341937432,1.082318970694987,0.9256568259323978,0.41352750007634387,0.34027998612900556
2018-07-27,-0.002295608439798258,0.009944194803553685,-0.0025268610004389735,0.00971294224291297,1.0298494195936754,0.9065429760997685,0.3999487108657007,0.33669441025638086
2018-07-30,-0.009197004892304239,0.0036530340643325943,-0.009428257452944955,0.0034217815036918786,1.012560339143979,0.9008713362739715,0.39139185135006505,0.33455369037030114
2018-07-31,0.04090093672837569,0.0032642813495284972,0.040669684167734976,0.0030330287888877816,1.0343366997146677,0.9226047590739471,0.3815941203953872,0.3361747405028508
2018-08-01,0.0027254389544038027,-0.0009069523785937283,0.002494186393763087,-0.001138204939234444,1.0686337828608796,0.9122455295747857,0.39050985243579717,0.33172414700003644
2018-08-02,0.0015823247486257408,-0.008945726168478219,0.0013510721879850252,-0.009176978729118934,1.0302197244741338,0.8930100639176921,0.37985110278891004,0.3282572266283208
2018-08-03,0.011553099977623438,0.010324829240302646,0.011321847416982722,0.01009357667966193,1.0231699814835826,0.8894242607348904,0.3846669428819861,0.3322054359724671
2018-08-06,-0.00957323891964712,0.0023149606664707445,-0.009804491480287836,0.002083708105830029,1.0057024684687237,0.7204257521477356,0.37946408922073604,0.2678547068090882
2018-08-07,-0.02563024743169462,0.00020642534254866618,-0.025861499992335335,-2.4827218092049463e-05,0.9885300991364502,0.6542428836989506,0.36786155021323474,0.2460443681972488
2018-08-08,0.04247748318311251,0.005316306199962151,0.04224623062247179,0.005085053639321435,1.0711331791899854,0.5722050826559709,0.37726583584213225,0.2124279440534648
2018-08-09,0.017494558842721997,0.001807877319869089,0.01726330628208128,0.0015766247592283733,1.0792770766456619,0.6188291271891666,0.378252751874132,0.25238252826634255
2018-08-10,-0.005565714072385264,-0.003591776841080363,-0.0057969666330259795,-0.0038230294017210786,1.0894776143851563,0.5775799451453572,0.3826603070223846,0.23799496910154339
2018-08-13,-0.02203984460620345,-0.006452600726191027,-0.022271097166844167,-0.006683853286831742,1.2107479958965075,0.6944673493255044,0.42150544893685615,0.2855588160128318
2018-08-14,0.0036845961253242354,0.006987615029830696,0.0034533435646835198,0.00675636246918998,1.264908317635426,0.6355681259845776,0.4429837476765425,0.26981106483885003
2018-08-16,-0.0004519144211804216,-0.004376857779749166,-0.0006831669818211372,-0.0046081103403898815,1.214787490983297,0.6229981874899583,0.4251847661671642,0.265831768965035
2018-08-17,-0.0035949784416076103,0.0075274326228431665,-0.003826231002248326,0.007296180062202451,1.147149851880023,0.6317669790283774,0.4007287139720342,0.2742497497218313
2018-08-20,-0.022763210503787046,0.007061438877143944,-0.02299446306442776,0.006830186316503228,1.0602353817339605,0.5464372058831729,0.36838106820657873,0.2384200932702446
2018-08-21,0.021611591372950878,0.00165779129785526,0.021380338812310162,0.0014265387372145444,1.0989430822307495,0.5683922245439658,0.36588504214367157,0.24503665338349404
2018-08-23,-0.023248129039987075,0.0010240870610727093,-0.02347938160062779,0.0007928345004319937,1.1594632111613796,0.5502862488538324,0.3760646235960456,0.23991579008190128
2018-08-24,-0.006306819266313823,-0.0022145337355118366,-0.006538071826954539,-0.0024457862961525523,1.186174924899546,0.5697103325023997,0.3802784208070334,0.2518643784133581
2018-08-27,0.0260125783723959,0.011668203138797129,0.025781325811755185,0.011436950578156413,1.257287108177146,0.6002734123642026,0.4038330325760984,0.26634682705667534
2018-08-28,0.014096786104770498,0.003981355027167455,0.013865533544129782,0.003750102466526739,1.331835149127678,0.5823839509677822,0.423125086798233,0.2574219538839494
2018-08-29,-0.007962625940390433,-0.003969809547642367,-0.008193878501031149,-0.004201062108283082,1.3459836005670434,0.6080902247083824,0.4285934325865475,0.2675675649140344
2018-08-30,0.008804010866568346,-0.0012915424723947133,0.00857275830592763,-0.001522795033035429,1.415822427959423,0.6329393811327771,0.4395233932157968,0.28649189053557694
2018-08-31,0.02435254374301965,0.00031688436681198695,0.024121291182378934,8.563180617127131e-05,1.36127723865642,0.6593699687464525,0.41992814572067877,0.29607786656143736
2018-09-03,-0.021406314448177532,-0.00840292715423141,-0.021637567008818248,-0.008634179714872126,1.3289045948377196,0.6914028111406688,0.4190088072227003,0.3092509552055396
2018-09-04,-0.02628931372490062,-0.00535727264157837,-0.026520566285541336,-0.005588525202219086,1.3577362909584858,0.6917912269365059,0.4274576226636794,0.30536774761648
2018-09-05,-0.0010098461357391786,-0.0037628889968090995,-0.0012410986963798942,-0.003994141557449815,1.3230530182628237,0.6933640700337403,0.41621603076014085,0.3029890896483512
2018-09-06,-0.0006351842439044075,0.005223530144531363,-0.0008664368045451232,0.0049922775838906475,1.2736048134798783,0.6710986572489781,0.40061759053919527,0.2920050914030924
2018-09-07,-0.006095074250673904,0.0045245444601755835,-0.00632632681131462,0.004293291899534868,1.2554853784315165,0.6770927601386234,0.3956758410478682,0.29290514032672876
2018-09-10,-0.010113453990277743,-0.013029485041085365,-0.010344706550918459,-0.01326073760172608,1.21857450236723,0.6830378819594175,0.40253418838429467,0.30042899537599527
2018-09-11,-0.012351984995938703,-0.013166488710376734,-0.012583237556579419,-0.01339774127101745,1.2123364186515264,0.6766416849136447,0.41511152283066116,0.29415055676554086
2018-09-12,-0.005677008758534607,0.0073001453488372725,-0.005908261319175323,0.007068892788196557,1.168081565378611,0.6617737974248896,0.4033317070993935,0.2907304936872385
2018-09-14,-0.002453034495930373,0.012779338401883056,-0.0026842870565710886,0.01254808584124234,1.1015805228721864,0.6331368756025175,0.38973988602961124,0.2820284022134826
2018-09-17,-0.012207954220430084,-0.011936413868727347,-0.0124392067810708,-0.012167666429368063,1.0995622856843985,0.6650609552863501,0.4007662420498045,0.3000670882437469
2018-09-18,0.0004116419052047071,-0.008687975159851424,0.00018038934456399147,-0.00891922772049214,1.0620908667409092,0.7596277504840399,0.3939408716806254,0.33925395637060946
2018-09-19,-0.01646991056931768,-0.003949922395540484,-0.016701163129958396,-0.0041811749561811995,1.0923561875103847,0.7907750107884196,0.39780890609863995,0.34783935920668957
2018-09-21,-0.012712115881287844,-0.00812241056873042,-0.01294336844192856,-0.008353663129371136,1.113632147527841,0.8099555627662572,0.40759127149821306,0.3595428989250528
2018-09-24,-0.0435095600499128,-0.015767535507102526,-0.043740812610553514,-0.01599878806774324,1.2568425822095184,0.904042039883531,0.45987156875350294,0.3972022452048022
2018-09-25,-0.0469144188561581,0.009122472156029238,-0.04714567141679882,0.008891219595388522,1.1034764057165436,0.8123343560492347,0.3859879348654647,0.34537548886564595
2018-09-26,0.0016766171401025876,-0.0012333817079910325,0.001445364579461872,-0.0014646342686317482,1.142559884273192,0.8236719945810612,0.3989335587731891,0.3454262485315893
2018-09-27,-0.034346442342021555,-0.006898080420062014,-0.03457769490266227,-0.0071293329807027295,1.2063084212312105,0.9060859954358274,0.4151040752085425,0.3692307177185519
2018-09-28,-0.0027930797232571525,-0.004290539347394984,-0.003024332283897868,-0.004521791908035699,1.2008038522877043,0.8981968118399168,0.40942085618888774,0.36677900218114146
2018-10-01,0.008155247108395436,0.007122269255513958,0.00792399454775472,0.006891016694873242,1.231856156422006,0.9009410842598583,0.4175611125039464,0.36724254845335597
2018-10-03,-0.00043096142282861294,-0.01363060666494631,-0.0006622139834693286,-0.013861859225587025,1.1259319474548208,0.8826600779632251,0.38916627710350726,0.36401938086711383
2018-10-04,-0.02096251705604557,-0.023852830796859514,-0.021193769616686287,-0.02408408335750023,1.1127327321894651,0.8814207404759844,0.41838628366951724,0.380596326093614
2018-10-05,-0.005861077660159308,-0.026681114672028716,-0.006092330220800024,-0.026912367232669432,0.9256257284471022,0.823934618887924,0.3875058999441628,0.37332152724093964
2018-10-08,-0.0037413919447707444,0.003063031253653259,-0.00397264450541146,0.0028317786930125433,0.8875391884830258,0.8714529569101761,0.3752373397584146,0.3832911720746084
2018-10-09,0.002986994304049695,-0.004541918611438267,0.0027557417434089793,-0.004773171172078983,0.8739353283727057,0.8659828939400769,0.3726702265838823,0.3814696398500795
2018-10-10,0.04480003601645888,0.015440154906845027,0.04456878345581816,0.015208902346204312,1.0011689376326645,0.9468286288009325,0.42096579407600854,0.41134788280375173
2018-10-11,0.0023298111333172056,-0.021553257346415555,0.00209855857267649,-0.02178450990705627,0.8549636096742297,0.8746545499415915,0.3813322150566465,0.39372245380302934
2018-10-12,0.012260674528168813,0.02323964183406524,0.012029421967528098,0.023008389273424523,0.7932450939877875,0.8484368062953115,0.3751401654611063,0.39612570365883204
2018-10-15,0.011939465955301376,0.003819527333492445,0.01170821339466066,0.0035882747728517295,0.801120009201191,0.8547855710813852,0.3783303238576412,0.39823604114723504
2018-10-16,0.03177747904613337,0.006872770511296089,0.03154622648549266,0.006641517950655373,0.8614533892762003,0.8792310737590378,0.3983423657700273,0.4048807768117244
2018-10-17,-0.004699699813418778,-0.012442447418455793,-0.004930952374059494,-0.012673699979096509,0.8498370211867271,0.8722978577291074,0.4062309832994491,0.4052527672496471
2018-10-19,0.0036052077253065917,-0.014302046081609565,0.003373955164665876,-0.01453329864225028,0.7802315014733174,0.8439855605686526,0.38637382776319923,0.3972505177602367
2018-10-22,-0.01526656404082738,-0.0056582251546914986,-0.015497816601468095,-0.005889477715332214,0.7571730820385281,0.8522868232220776,0.37935589172503015,0.4004068364994729
2018-10-23,-0.01165745163916554,-0.009609350217173795,-0.011888704199806255,-0.009840602777814511,0.7682395192685102,0.8591331152458859,0.3887421356717868,0.4046834822537785
2018-10-24,-0.009396344704200477,0.007682244334463961,-0.009627597264841192,0.007450991773823246,0.7457944328430126,0.842248733616264,0.3796965105412745,0.39781403769917656
2018-10-25,-0.007065892766592752,-0.009765481735494741,-0.007297145327233467,-0.009996734296135457,0.7343393586204534,0.8419995643323344,0.3765832954600916,0.3995654959056027
2018-10-26,-0.0003619741454722325,-0.0093729702973544,-0.0005932267061129481,-0.009604222857995115,0.7349473666095085,0.835164650861871,0.37677561623009975,0.39810948082205405
2018-10-29,0.022418494858255977,0.022018904224825553,0.02218724229761526,0.021787651664184837,0.7714777540109805,0.8457328769031541,0.40843135288659826,0.41240248118524864
2018-10-30,-0.010144703728463655,-0.005116572845048073,-0.010375956289104371,-0.005347825405688789,0.7712467214408761,0.8518455321892288,0.4128950053108901,0.4147754727688739
2018-10-31,0.005049817952120783,0.01845379780568379,0.0048185653914800675,0.018222545245043076,0.7281944799645385,0.8332237671815754,0.4094109841843531,0.4126805173732589
2018-11-01,-0.0009223840116407978,-0.0005920526730374132,-0.0011536365722815134,-0.0008233052336781288,0.7430026116890438,0.8354852253774868,0.4137604157006924,0.4132885310768832
2018-11-02,0.0,0.01662257430466929,-0.00023125256064071564,0.016391321744028575,0.7206193325755914,0.8090456021145944,0.41088462945474546,0.4065783814111323
2018-11-05,0.0,-0.0027480337344830685,-0.00023125256064071564,-0.002979286295123784,0.6937688356032385,0.8055908593304532,0.41403429462649705,0.40533229753410877
2018-11-06,0.0,0.0005701254275940482,-0.00023125256064071564,0.0003388728669533325,0.6939076448065762,0.8127741865145199,0.41443389840171363,0.40847820330245405
2018-11-07,0.0,0.006495763592117676,-0.00023125256064071564,0.00626451103147696,0.7021478562143294,0.8054941008262874,0.41926045290303465,0.4045007663777049
2018-11-09,0.0,-0.0012454893970770264,-0.00023125256064071564,-0.001476741957717742,0.691386973376653,0.8055032284297576,0.4109865912131715,0.40459018036445926
2018-11-12,0.0,-0.009730567027500525,-0.00023125256064071564,-0.00996181958814124,0.6853388695512449,0.7929051941479942,0.40976114849623363,0.4023065159399108
2018-11-13,0.0,0.009568583199961456,-0.00023125256064071564,0.00933733063932074,0.6822461514029546,0.7803594801268193,0.4175410298008094,0.3998737026857033
2018-11-14,0.0,-0.0005858913595558901,-0.00023125256064071564,-0.0008171439201966058,0.6431958364619903,0.7802711043185561,0.4164269695186898,0.39849829181660923
2018-11-15,0.0,0.0038198983927342223,-0.00023125256064071564,0.0035886458320935066,0.6346913327691849,0.7787244571209355,0.4167767592564199,0.39847911207230535
2018-11-16,0.0,0.006169525256907837,-0.00023125256064071564,0.005938272696267122,0.6325845550811974,0.7754787397632337,0.41680296968041824,0.39781056369646967
2018-11-19,0.0,0.0076014485618920435,-0.00023125256064071564,0.007370196001251328,0.6164446450748693,0.7839346324895715,0.4122699715239539,0.40449284421190723
2018-11-20,0.0,-0.009959695953136949,-0.00023125256064071564,-0.010190948513777665,0.603904655699497,0.7889886175200503,0.4048830419301951,0.41077200834889055
2018-11-21,0.0,-0.00526926949530282,-0.00023125256064071564,-0.005500522055943535,0.602744204253608,0.7759380635385589,0.40427439804084275,0.40514914331275237
2018-11-22,0.0,-0.006915043423200262,-0.00023125256064071564,-0.007146295983840978,0.6056361621815598,0.7648502763801368,0.4048409955916928,0.4003864789173623
2018-11-26,0.0,0.009675313783931383,-0.00023125256064071564,0.009444061223290667,0.6299446591517843,0.7542018039922896,0.42846925466901237,0.3983196546915939
2018-11-27,0.0,0.0053628890065369195,-0.00023125256064071564,0.005131636445896204,0.6188842046093448,0.7566989611897836,0.43044923064350576,0.3980072060057042
2018-11-28,0.0,0.004047503329813518,-0.00023125256064071564,0.003816250769172802,0.6253758366939678,0.7662859525853128,0.4424292815499955,0.4023013836292815
2018-11-29,0.0,0.012102936537020215,-0.00023125256064071564,0.011871683976379499,0.6134951633307235,0.7551892834789811,0.43960426229174454,0.3981900660230306
2018-11-30,0.0,0.001662243580064171,-0.00023125256064071564,0.0014309910194234554,0.5759731631712711,0.754241446567194,0.42058588305230743,0.39672372010795653
2018-12-03,0.0,0.000643574597191332,-0.00023125256064071564,0.0004123220365506164,0.5661545758886684,0.7640366713533391,0.4171544889197495,0.40218840430790803
2018-12-04,0.0,-0.0013092913747559942,-0.00023125256064071564,-0.0015405439353967099,0.5645575834853049,0.764467846323155,0.41607402469181476,0.4023906634762014
2018-12-05,0.0,-0.007967211865771207,-0.00023125256064071564,-0.008198464426411922,0.5583461093393904,0.769252017424662,0.4149382415270529,0.40350703072116034
2018-12-06,0.0,-0.01685539079615528,-0.00023125256064071564,-0.017086643356795994,0.5270243528306936,0.738806348160278,0.4106135883618202,0.39556475846801886
2018-12-07,0.0,0.008730166187373989,-0.00023125256064071564,0.008498913626733273,0.5093362738628021,0.7156850421452661,0.4039801499916534,0.3892120178976373
2018-12-10,0.0,-0.019193543511718203,-0.00023125256064071564,-0.01942479607235892,0.46982297463026923,0.6823315333217269,0.3899697475878302,0.3808915340093152
2018-12-11,0.0,0.005787336945131116,-0.00023125256064071564,0.005556084384490401,0.4696988509831516,0.6674067319607155,0.39097054653189667,0.3740728545602882
2018-12-12,0.0,0.01786392380162427,-0.00023125256064071564,0.017632671240983555,0.45482429624632764,0.6340460631587919,0.3865225748161762,0.3624065798531634
2018-12-13,0.0,0.005024418610784842,-0.00023125256064071564,0.0047931660501441264,0.45896460383741977,0.63252686012876,0.390346406026228,0.36246484812309554
2018-12-14,0.0,0.001288081033454791,-0.00023125256064071564,0.0010568284728140753,0.45557258477116863,0.6323514564640443,0.38501233734660867,0.36235136035223575
2018-12-17,0.0,0.007672000015183311,-0.00023125256064071564,0.0074407474545425956,0.44600872130266184,0.6294120612928109,0.37661610466084244,0.3612649295120509
2018-12-18,0.0,0.0018690239262686426,-0.00023125256064071564,0.001637771365627927,0.4538260100303978,0.6294404613813503,0.38201389888353093,0.361321060117241
2018-12-19,0.0,0.005371823253533137,-0.00023125256064071564,0.005140570692892421,0.4652445230951064,0.6318611357013736,0.38783955178812257,0.36305044870883185
2018-12-20,0.0,-0.001422374664029169,-0.00023125256064071564,-0.0016536272246698847,0.4568918056689487,0.6320807739108055,0.3795272823610812,0.3633417925292171
2018-12-21,0.0,-0.018052009440243655,-0.00023125256064071564,-0.01828326200088437,0.4409373754658701,0.611038984733722,0.3722236682706858,0.357147456582275
2018-12-24,0.0,-0.008415473312255894,-0.00023125256064071564,-0.00864672587289661,0.43029361099886215,0.6058662020413261,0.36829948748033536,0.3543956358588349
2018-12-26,0.0,0.006222123071693231,-0.00023125256064071564,0.005990870511052515,0.42060402545856873,0.6035212283148933,0.36208333080186406,0.35319497165715175
2018-12-27,0.0,0.004655255863871277,-0.00023125256064071564,0.0044240033032305615,0.34419208858945066,0.6004713388272865,0.32221910708653767,0.3520056885473507
2018-12-28,0.0,0.007430619064249022,-0.00023125256064071564,0.0071993665036083065,0.4051199862342615,0.6005330588462585,0.4401075829761013,0.3520196964793145
2018-12-31,0.0,0.00024396301689710853,-0.00023125256064071564,1.2710456256392888e-05,0.4053325501051629,0.6095573606754473,0.44037958703368585,0.35781283301803457
2019-01-02,0.0,-0.006448744166611009,-0.00023125256064071564,-0.006679996727251725,0.3744069566830615,0.6070956196188824,0.4532810820219206,0.35711329038049683
2019-01-03,0.0,-0.011141996757007222,-0.00023125256064071564,-0.011373249317647938,0.36855201688070316,0.5939847894713595,0.4498414416712687,0.3509779133386588
2019-01-04,0.0,0.0051628859308019415,-0.00023125256064071564,0.004931633370161226,0.3618387766103035,0.5954887477973547,0.4432647926972358,0.3512680002496478
2019-01-07,0.0,0.004143632577580325,-0.00023125256064071564,0.0039123800169396095,0.3672451266757974,0.5813120207802434,0.44501995552733625,0.34286232613222395
2019-01-08,0.0,0.0028175965472634346,-0.00023125256064071564,0.002586343986622719,0.3197096478360445,0.5912382709390887,0.39131683340073886,0.349887604129918
2019-01-09,0.0,0.004906430486840696,-0.00023125256064071564,0.00467517792619998,0.32583539238993836,0.5804193386557286,0.3786095655988428,0.348260401838744
2019-01-10,0.0,-0.0030907707440862575,-0.00023125256064071564,-0.003322023304726973,0.32793256958127814,0.5666887682021412,0.38236317049909585,0.3430756287894537
2019-01-11,0.0,-0.0024626132017869784,-0.00023125256064071564,-0.002693865762427694,0.3311497424662771,0.5625445273903057,0.38561471492559374,0.3431341789995978
2019-01-14,0.0,-0.005312723532749919,-0.00023125256064071564,-0.005543976093390635,0.22992046982458483,0.5633602789273283,0.3519493800093327,0.34488091895686923
2019-01-15,0.0,0.013895116296032572,-0.00023125256064071564,0.013663863735391857,0.2501287044616011,0.5357173160126714,0.3722480861475886,0.33532490369944984
2019-01-16,0.0,0.0003214902508350548,-0.00023125256064071564,9.023769019433914e-05,0.22160626321431873,0.5192256862126323,0.3237550425252462,0.3274538130812516
2019-01-17,0.0,0.001368225934293088,-0.00023125256064071564,0.0011369733736523724,0.2144390735206386,0.5191886304351221,0.3227898660927386,0.3276042431556055
2019-01-18,0.0,0.0001604738994844812,-0.00023125256064071564,-7.077866115623443e-05,0.17508306699429638,0.5281174497785655,0.359946297223005,0.33307204556021586
2019-01-21,0.0,0.0050334340103701525,-0.00023125256064071564,0.004802181449729437,0.16927194323005865,0.5259414326441959,0.34527253305446104,0.3387215857078874
2019-01-22,0.0,-0.0035668806605010372,-0.00023125256064071564,-0.003798133221141753,0.19011297257488255,0.5042795547928243,0.38176577185614385,0.3312084317100807
2019-01-23,0.0,-0.008354123274816327,-0.00023125256064071564,-0.008585375835457043,0.16619646267523974,0.48364268545574807,0.3744823691511169,0.32419971599324554
2019-01-24,0.0,0.001689498655541799,-0.00023125256064071564,0.0014582460949010834,0.14296192410866632,0.4877232240302043,0.34465102150934157,0.3287830445750105
2019-01-25,0.0,-0.006382606245884936,-0.00023125256064071564,-0.006613858806525652,0.15689447563132985,0.48672892819215063,0.40278430002371624,0.3288832831094606
2019-01-28,0.0,-0.011038398055380982,-0.00023125256064071564,-0.011269650616021698,0.13931366478080712,0.47520094658990686,0.3735542852072073,0.3238430839568424
2019-01-29,0.0,-0.0008769465552643796,-0.00023125256064071564,-0.0011081991159050952,0.14121841050642972,0.4789184060617076,0.37442137990094454,0.32563352994840034
2019-01-30,0.0,-3.758759858607519e-05,-0.00023125256064071564,-0.00026884015922679083,0.037723700982426785,0.4840358932215657,0.2093370316153009,0.3293067209344176
2019-01-31,0.0,0.016818790618479573,-0.00023125256064071564,0.016587538057838858,0.021428305306099103,0.4716222758695767,0.27140247876690704,0.3290449231315174
2019-02-01,0.0,0.005788983808607595,-0.00023125256064071564,0.0055577312479668795,0.0003264091267676886,0.46186121862925866,0.022275112769004495,0.32903285958137296
2019-02-04,0.0,0.0017073807867935553,-0.00023125256064071564,0.0014761282261528397,0.0,0.46771827763585827,,0.33164290984621997
2019-02-05,0.0,0.0020252110586724825,-0.00023125256064071564,0.0017939584980317669,0.0,0.4714450712920431,,0.3346729502776736
2019-02-06,0.0,0.011715428033110209,-0.00023125256064071564,0.011484175472469493,0.0,0.4530545089323037,,0.3382969355217753
2019-02-07,0.0,0.0006282690714798367,-0.00023125256064071564,0.00039701651083912104,0.0,0.45342010067650446,,0.33869625201064935
2019-02-08,0.0,-0.011364733121095205,-0.00023125256064071564,-0.01159598568173592,-2.1560914651745245e-19,0.45238463290950365,-inf,0.33875239917613814
2019-02-11,0.0,-0.005007475295473629,-0.00023125256064071564,-0.005238727856114345,-1.0704724831101766e-19,0.44274220705169254,-inf,0.3315742895553984
2019-02-12,0.0,-0.005271417887377283,-0.00023125256064071564,-0.005502670448017999,-2.1809810793630274e-19,0.4434803680086698,-inf,0.33299886464209993
2019-02-14,0.0,-0.007879921603800577,-0.00023125256064071564,-0.008111174164441293,-1.6422134543124241e-19,0.44170695150403505,-inf,0.33799715451171475
2019-02-15,0.0,-0.002014639281967212,-0.00023125256064071564,-0.0022458918426079277,-1.230217518866836e-19,0.4189701621322104,-inf,0.33847113024338427
2019-02-18,0.0,-0.00778133902809619,-0.00023125256064071564,-0.008012591588736906,0.0,0.4119571205090237,,0.3372899642255036
2019-02-19,0.0,-0.0034395975233135756,-0.00023125256064071564,-0.0036708500839542912,0.0,0.4104194174819489,,0.336168681720099
2019-02-20,0.0,0.012362906803977669,-0.00023125256064071564,0.012131654243336953,-1.0604945089812261e-19,0.39565068609790816,-inf,0.33050604786819243
2019-02-21,0.0,0.005067269008080633,-0.00023125256064071564,0.004836016447439917,-2.0787489867534956e-19,0.39378372892797825,-inf,0.3288162128546022
2019-02-22,0.0,0.00016689586186968697,-0.00023125256064071564,-6.435669877102868e-05,-2.1806141457451535e-19,0.39474994489933357,-inf,0.3293739453721272
2019-02-25,0.0,0.008196078963680797,-0.00023125256064071564,0.007964826403040082,0.0,0.39707993047850687,,0.331526343569874
2019-02-26,0.0,-0.004117591409631749,-0.00023125256064071564,-0.004348843970272465,-2.2142926414424373e-19,0.41335881971037586,-inf,0.3497479924633464
2019-02-27,0.0,-0.002644081343287419,-0.00023125256064071564,-0.0028753339039281345,-1.9465064660131352e-19,0.4085335624567348,-inf,0.35184952497098654
2019-02-28,0.0,-0.0013094150466157473,-0.00023125256064071564,-0.001540667607256463,-1.674191025549835e-19,0.411679313930403,-inf,0.3606625878585065
2019-03-01,-0.002144731380735787,0.006578642575862936,-0.0023759839413765027,0.006347390015222221,-0.003862602414782459,0.40833722466077516,-0.1094230048100975,0.3588574569172149
2019-03-05,0.004227995798273598,0.011409784628572783,0.003996743237632883,0.011178532067932068,0.00897630686907873,0.3837859970896728,0.11624967552031101,0.3461496125090352
2019-03-06,0.0032830446062828145,0.005965879573721855,0.003051792045642099,0.005734627013081139,0.01378097720944086,0.3794025825885402,0.14815923759408672,0.3453824571544147
2019-03-07,-0.0013677626010951682,0.00047047817900125466,-0.0015990151617358839,0.00023922561836053902,0.013689786861622194,0.37760842433543207,0.14268726376505259,0.34414947209380375
2019-03-08,-0.0027633698885016766,-0.0020618006804727917,-0.0029946224491423923,-0.0022930532411135074,0.015646160210357217,0.37860217741941254,0.1460713968051543,0.3464386592581197
2019-03-11,0.005577001074967836,0.012020353532001593,0.00534574851432712,0.011789100971360877,0.03380572202576463,0.37967116448597676,0.2355114787415927,0.35862258392812413
2019-03-12,0.002231832453363447,0.011922438828049886,0.0020005798927227314,0.01169118626740917,0.039957006794565784,0.3660129837467662,0.27260370336299117,0.3526366305749078
2019-03-13,0.0058196047697913755,0.0035836901656514097,0.00558835220915066,0.003352437605010694,0.04819373973414015,0.3568282829706956,0.26105986794775815,0.35234125201683686
2019-03-14,-0.00027922456050821776,0.00013664659273393553,-0.0005104771211489334,-9.460596790678011e-05,0.04900108733266232,0.3573095404785426,0.26436562440948375,0.3525866695418915
2019-03-15,-0.0026654521339126713,0.007369987382364052,-0.002896704694553387,0.007138734821723336,0.048094024070276804,0.35513459903190925,0.24054764241231635,0.3508402763701695
2019-03-18,0.001936372379763407,0.0030936423551506387,0.0017051198191226913,0.002862389794509923,0.04980859163833038,0.35845057430601074,0.24555480050573258,0.35419812954111213
2019-03-19,0.0032379461803464515,0.006124495656707252,0.003006693619705736,0.005893243096066536,0.05455936065866113,0.354197744289697,0.2607232428975385,0.34888171035185594
2019-03-20,-0.004694755535206263,-0.0009842344657688962,-0.004926008095846979,-0.0012154870264096118,0.05919312109359715,0.34610686764892673,0.2578150467194654,0.33991100256038836
2019-03-22,0.0002660544167345513,-0.005568018119008533,3.480185609383568e-05,-0.005799270679649249,0.058307768889432954,0.34937569360331133,0.2557374944323544,0.3431721989018808
2019-03-25,-0.0037295600368467685,-0.008959700017030503,-0.003960812597487484,-0.009190952577671219,0.06963328006954199,0.3565805878703178,0.29483899768761107,0.3487957922904658
2019-03-26,0.007778615241989195,0.011361384503600025,0.0075473626813484795,0.01113013194295931,0.09285883472453559,0.35321182285917435,0.3458194859758201,0.34619243869850996
2019-03-27,0.003073273815814348,-0.0033266013813597617,0.0028420212551736324,-0.0035578539420004773,0.09802288249323718,0.3551008288395787,0.3389402098997977,0.3467503749507857
2019-03-28,0.009825746509434907,0.010917400749215211,0.009594493948794192,0.010686148188574496,0.12942632997356343,0.35604597508320196,0.38120834218821625,0.35164591943139023
2019-04-01,-0.009717718287623578,0.008569610252809001,-0.009948970848264294,0.008338357692168286,0.10294587996693523,0.33905104871621994,0.26562618474399474,0.335803978675948
2019-04-02,0.006759702890428931,0.0037748939051200914,0.006528450329788216,0.0035436413444793757,0.10905524712019249,0.2812239172302851,0.2685674916053139,0.30202362337372163
2019-04-03,0.001353875234804569,-0.005912133221091298,0.0011226226741638534,-0.006143385781732014,0.10719536585036468,0.3209813405740734,0.2643938387108142,0.3970149824642689
2019-04-04,-0.002132043991828314,-0.003946272059030087,-0.0023632965524690297,-0.004177524619670803,0.11065455278002241,0.3217450301777108,0.2722582248997692,0.39814457108666346
2019-04-05,0.011852219226655247,0.005858785593421345,0.011620966666014532,0.0056275330327806294,0.12957132078804456,0.30340501742252757,0.2808964440800367,0.40967992368641787
2019-04-08,-0.021086276476559696,-0.005267483083991831,-0.02131752903720041,-0.005498735644632546,0.1850572416290823,0.3137464988735668,0.29551972223367823,0.4075013038062282
2019-04-09,0.0034813516998919436,0.005812417192683883,0.003250099139251228,0.005581164632043167,0.19032842555912463,0.3108322166350025,0.3028054741311546,0.40505303068794407
2019-04-10,-0.003500822347589305,-0.007509489773200095,-0.003732074908230021,-0.007740742333840811,0.1978757952208008,0.31687901536631574,0.3166716240531693,0.409666734774335
2019-04-11,0.002261498488091984,0.0010704480058416621,0.0020302459274512685,0.0008391954452009465,0.19817124569098662,0.2813827257144143,0.31643141316361273,0.36711211583699555
2019-04-12,0.0071719978928463934,0.0040313191867198395,0.006940745332205678,0.003800066626079124,0.20615573504824494,0.287002159712517,0.3220767917150748,0.3594551301215439
2019-04-15,0.0021224262548495965,0.0040279653604204935,0.0018911736942088808,0.003796712799779778,0.20799011793698285,0.28836619760611026,0.3239592020816748,0.3618835301265797
2019-04-16,0.00931467610413561,0.008280400884877803,0.009083423543494895,0.008049148324237088,0.22657147667737576,0.29598456512867954,0.34363893578356275,0.3696711287946705
2019-04-18,-0.0037473677664076055,-0.0029142400664389223,-0.003978620327048321,-0.003145492627079638,0.23413282929477594,0.23067095877753124,0.3507934634277832,0.3512486900237424
2019-04-22,-0.0061228908649402225,-0.013473352052831178,-0.006354143425580938,-0.013704604613471894,0.26599582939556987,0.25554811121944626,0.3956629546483538,0.3802480562151186
2019-04-23,0.010467028282233226,-0.0015955909670886115,0.01023577572159251,-0.0018268435277293271,0.25615765655764217,0.23456564733338228,0.367551960042585,0.34030824054028275
2019-04-24,0.009801111137392349,0.012975193636658888,0.009569858576751633,0.012743941076018173,0.28046584829832083,0.24051832527378333,0.40049185170751483,0.35416047580919824
2019-04-25,-0.0011113840209233672,-0.007193374050953438,-0.0013426365815640828,-0.007424626611594154,0.27903699326723563,0.21722093856722954,0.40258346564232345,0.37516697980674013
2019-04-26,-0.0011154017965090413,0.009693568677590747,-0.001346654357149757,0.009462316116950031,0.26960167212818115,0.2103144659088371,0.3922945073854627,0.36245607418071196
2019-04-30,-0.0006721655821381178,-0.0005529726349993158,-0.0009034181427788335,-0.0007842251956400315,0.27096559578538243,0.22380257745766388,0.3928562985994239,0.3807716709826981
2019-05-02,0.007007598687860828,-0.001991836148409698,0.006776346127220112,-0.0022230887090504137,0.26916706468189017,0.20836130186422933,0.3801343497779153,0.36744617063852425
2019-05-03,-0.001404843993251359,-0.0010661208128105448,-0.0016360965538920746,-0.0012973733734512605,0.27053061356483726,0.19471546444345325,0.381852716408146,0.35117648239179994
2019-05-06,-0.024355914230719367,-0.00973339879186319,-0.024587166791360082,-0.009964651352503906,0.35249156047839764,0.23666439709949846,0.4229674322936068,0.38774544372619496
2019-05-07,-0.029785514518671397,-0.008652133673183404,-0.030016767079312112,-0.00888338623382412,0.4557257343864032,0.26550474567575205,0.4548191699035522,0.3809009062439449
2019-05-08,-0.01704754687282739,-0.012041345863927244,-0.017278799433468106,-0.01227259842456796,0.5012549659880493,0.29214689128437066,0.49159497838529737,0.405046142991024
2019-05-09,0.00787700667070168,-0.005075103956069027,0.007645754110060965,-0.005306356516709743,0.48041121528742653,0.23609022052247877,0.46913595841013706,0.3378793296987977
2019-05-10,-0.001657851665535004,-0.0020261741013145596,-0.0018891042261757196,-0.002257426661955275,0.5206489470391448,0.22929090637180247,0.4883448685436835,0.3322085392627041
2019-05-13,-0.01734020490354715,-0.011588026384304118,-0.017571457464187867,-0.011819278944944833,0.5664175793174568,0.2515796902259759,0.5201214861375045,0.3469699769597604
2019-05-14,0.004569086826590629,0.006624352638199937,0.004337834265949914,0.006393100077559222,0.569542432073089,0.25432746608885437,0.5242921485938952,0.35054946970942075
2019-05-15,0.0034123275874793357,-0.005796606308085428,0.00318107502683862,-0.006027858868726144,0.5554189235121949,0.2586040836840473,0.5132107649367772,0.3502706323306194
2019-05-16,0.02359192085661066,0.008971910851931497,0.023360668295969944,0.008740658291290782,0.6305803885826708,0.2854817433203283,0.5380474134534949,0.3620291601117226
2019-05-17,0.020559366284808034,0.013329435330307948,0.020328113724167318,0.013098182769667233,0.6788526967103088,0.3159153174130121,0.567603660707821,0.3867863056908017
2019-05-20,0.0246838817676176,0.036915407876193296,0.024452629206976884,0.03668415531555258,0.6980231445747268,0.3738774632218966,0.6394943561643892,0.4685503016695819
2019-05-21,0.0039003428215562685,-0.010073374389702572,0.003669090260915553,-0.010304626950343287,0.6753749229572682,0.3640910184501561,0.6243657501649956,0.45890556398871657
2019-05-22,0.0039513717631525225,0.0024596922232125173,0.003720119202511807,0.0022284396625718017,0.6812411179469983,0.36906887927219595,0.6263736581432111,0.4615899300855365
2019-05-23,-0.004625363976510144,-0.006887993870017373,-0.00485661653715086,-0.007119246430658088,0.6922128434807266,0.37487924135337625,0.6335109886589297,0.467314600545227
2019-05-24,0.008737997048788193,0.016046067214389392,0.008506744488147477,0.015814814653748677,0.6865497084313092,0.3795792540282134,0.6385911072146403,0.4765657504899293
2019-05-27,0.017026840562986756,0.006809330661248669,0.01679558800234604,0.006578078100607954,0.7117267578867461,0.389908318303142,0.6423997781231603,0.4784002290098052
2019-05-28,-0.018502116596567975,0.0003354368016101894,-0.01873336915720869,0.00010418424096947376,0.7211451586164263,0.39279398029575374,0.6282260768361426,0.4665752118375408
2019-05-29,-0.0027486814419893646,-0.005671205333752538,-0.0029799340026300802,-0.005902457894393254,0.7382392393374806,0.39569993230956085,0.6384354242024132,0.46956311187505606
2019-05-30,0.013400679380684677,0.007149487319284775,0.013169426820043961,0.00691823475864406,0.7510770583125835,0.4083486207189549,0.6427127545405459,0.47583965060892447
2019-05-31,0.0004128333483413016,-0.0019337668306382838,0.00018158078770058594,-0.0021650193912789994,0.7494899089979447,0.40947206119211194,0.6421396535227578,0.47630007429182686
2019-06-03,0.019533362826527068,0.013901936014629301,0.019302110265886352,0.013670683453988586,0.7821564467570229,0.432564797179987,0.660382668175816,0.4922356260310002
2019-06-04,0.015467408986276077,-0.005534114111566901,0.015236156425635361,-0.005765366672207617,0.755540490457505,0.42341309356230156,0.6299178989806962,0.4732502804037384
2019-06-06,-0.025278273304852994,-0.014798333410505293,-0.02550952586549371,-0.015029585971146009,0.8047654523712771,0.45959364310206763,0.6549615437338965,0.4964733638074283
2019-06-07,-0.003889787450188531,0.0022712730870713127,-0.004121040010829247,0.002040020526430597,0.8045338871017875,0.459510843156906,0.6532071133923697,0.495496009151499
2019-06-10,0.01934420847105045,0.004384747505377318,0.019112955910409735,0.004153494944736602,0.8214570525080443,0.47428692673626754,0.6522154060163541,0.4966110309939155
2019-06-11,0.003230292150079306,0.0035981290613484873,0.00299903958943859,0.0033668765007077717,0.8327240469021769,0.47478271106626235,0.654933356172466,0.4971579400265361
2019-06-12,-0.008711197698835882,-0.004964181988503125,-0.008942450259476598,-0.00519543454914384,0.8409795951121597,0.4792277747326872,0.6584818183436537,0.4999601630995881
2019-06-13,0.012081641160007983,0.0006592875347493088,0.011850388599367268,0.00042803497410859315,0.8393474202578539,0.47916285100687556,0.6527708103145902,0.4957782328167068
2019-06-14,-0.017653390701708793,-0.007617057296864349,-0.01788464326234951,-0.007848309857505065,0.8593908553285345,0.4966218083435267,0.6588541072459604,0.5032608198640882
2019-06-17,-0.017615198361342177,-0.012784029548381648,-0.017846450921982893,-0.013015282109022364,0.8897900329561467,0.5318935946005112,0.6734985627453111,0.5247959765972348
2019-06-18,-0.0028608522998264663,0.0016577587443133979,-0.003092104860467182,0.0014265061836726822,0.909028994338903,0.5359494193242115,0.6787848466741964,0.5265156196801992
2019-06-19,-0.019032819604185347,-4.259905700743083e-06,-0.019264072164826063,-0.00023551246634145873,0.9096871024490116,0.5635989738362933,0.6649861502900928,0.5290901744655961
2019-06-20,0.007787772064703269,0.012000205478679637,0.007556519504062553,0.011768952918038922,0.9026224452659787,0.5670685812384539,0.6666828906122448,0.5340098195712476
2019-06-21,-0.005041295633040899,-0.009098433505187353,-0.005272548193681614,-0.009329686065828069,0.9091786970760758,0.5882810047899623,0.6739701011943637,0.546567035442262
2019-06-24,-0.010320805095622831,-0.002085381356743965,-0.010552057656263547,-0.0023166339173846806,0.9139025335861742,0.5929933598590585,0.6732316399641787,0.5472197814944231
2019-06-25,0.0006324157348518433,0.008273734808782462,0.0004011631742111277,0.008042482248141747,0.9057293569326582,0.589125363448033,0.66947879655319,0.5455987635942323
2019-06-26,0.012907127950121389,0.004331778503613437,0.012675875389480673,0.0041005259429727214,0.9115840707075236,0.5977464950319245,0.6699610527045488,0.5477251257984073
2019-06-27,0.02014564026322274,-0.0005064338279993086,0.019914387702582026,-0.0007376863886400242,0.9136125091379265,0.5948422632125311,0.6558838665957776,0.5342476910474793
2019-06-28,0.0007872408725151381,-0.004450447465215945,0.0005559883118744224,-0.004681700025856661,0.91695562366685,0.5947332036597228,0.6546541315451267,0.5342767254920898
2019-07-01,0.0010298347386819007,0.006510389269786421,0.000798582178041185,0.006279136709145705,0.9171298343752262,0.5926957320925068,0.6509829390755699,0.5334596396196226
2019-07-02,0.0054459004921827425,0.003767209141051886,0.005214647931542027,0.0035359565804111703,0.922987247690646,0.6199357679058378,0.6542131611745906,0.5451607947428784
2019-07-03,-0.009056176381410985,0.0005415644793391738,-0.009287428942051701,0.0003103119186984582,0.924018376759238,0.626751605973151,0.6472643141489348,0.5455010932924192
2019-07-04,0.009415102512953855,0.0025174649128327786,0.009183849952313139,0.002286212352192063,0.9581300067434688,0.6311924364696299,0.6679420186518594,0.5462948936028718
2019-07-05,0.0046793928331581025,-0.011350334557515662,0.004448140272517387,-0.011581587118156378,0.919941670324723,0.6140601669927653,0.6504100483775977,0.5357224899166059
2019-07-08,-0.0179047635992593,-0.02138240331360608,-0.018136016159900015,-0.021613655874246795,0.9223592609451048,0.6314552974423604,0.6683886624011646,0.5571084197424474
2019-07-09,-0.02412861014401746,-0.00023352472109261502,-0.024359862704658175,-0.00046477728173333066,0.9240616393968392,0.633698640026605,0.649544680966402,0.543627491670607
2019-07-10,-0.00476501970645804,-0.004932545113165099,-0.004996272267098756,-0.0051637976738058144,0.9171763375375421,0.6383433886866297,0.6475209764100107,0.5463453683672229
2019-07-11,-0.014574318557041388,0.007305046321514741,-0.014805571117682104,0.007073793760874025,0.8708038363391181,0.6331089204479315,0.6234016236861244,0.5334814732872964
2019-07-12,0.031418391964508796,-0.0026245922523520093,0.03118713940386808,-0.002855844812992725,0.8563995781254894,0.6212443640092915,0.5845093659767627,0.5019819768636503
2019-07-15,-0.009244795591436983,0.0031031905972733753,-0.009476048152077698,0.0028719380366326597,0.8524483837064758,0.6188953990013532,0.5772158199378525,0.49801583696695506
2019-07-16,0.01411659872449711,0.006407297199588324,0.013885346163856394,0.006176044638947609,0.86232619674486,0.6267091380818571,0.5813924866585104,0.5013831531852733
2019-07-17,0.0006416014374954759,0.0021350634900458854,0.0004103488768547603,0.0019038109294051697,0.8592148918871796,0.6282386748263128,0.5797924946548382,0.5021063510989687
2019-07-18,-0.01505403331561328,-0.007751838235294128,-0.015285285876253996,-0.007983090795934844,0.8734449087229181,0.6397028479470448,0.5859136860696381,0.508247983161866
2019-07-19,-0.025693869340680298,-0.01531878214359883,-0.025925121901321013,-0.015550034704239546,0.9052734921995106,0.6704804107751583,0.6015771704756236,0.5269603358698254
2019-07-22,-0.007190043841369009,-0.006397075524881224,-0.007421296402009725,-0.0066283280855219395,0.9063375112840154,0.6753352837168205,0.6030433587995413,0.5301703799087111
2019-07-23,0.004274691017297272,-0.0013352832106081625,0.004043438456656556,-0.001566535771248878,0.9204653656229631,0.6894245218177053,0.6030577550537409,0.5350200816023094
2019-07-24,-0.0011525193744627016,-0.005273121293252303,-0.0013837719351034172,-0.005504373853893019,0.9198074506257607,0.6876238881366542,0.606831652055644,0.5346218003644004
2019-07-25,-0.00815588937499967,-0.0016989534831232112,-0.008387141935640385,-0.0019302060437639268,0.9266742123995705,0.6893976972572636,0.6020547305070405,0.5347600564977177
2019-07-26,0.01230167067415211,0.0028571795564771296,0.012070418113511394,0.002625926995836414,0.9407455234587998,0.6926877075949287,0.6050383007080317,0.5345847464104033
2019-07-29,0.018684906592881134,-0.008427603929443195,0.01845365403224042,-0.00865885649008391,0.920895708415194,0.6688470113179233,0.5810823055477172,0.5114959794898217
2019-07-30,-0.04207242055146776,-0.009276785013729971,-0.042303673112108475,-0.009508037574370687,0.9772701469315503,0.7107932492569943,0.5823083787328001,0.5144658132135179
2019-07-31,-0.011219058228542633,0.00294076968140633,-0.011450310789183349,0.0027095171207656144,0.9689773176751034,0.7128695619079408,0.5772910516634624,0.5119344086133625
2019-08-01,-0.0019015617392084128,-0.012412304371289817,-0.0021328142998491284,-0.012643556931930533,0.945986401713009,0.7021449449824919,0.5708915450278301,0.5089565382434528
2019-08-02,0.0,0.0015801101434427256,-0.00023125256064071564,0.00134885758280201,0.9194797966707512,0.7057442362575213,0.5618765997497587,0.5103194575543588
2019-08-05,0.0,-0.012252952282714391,-0.00023125256064071564,-0.012484204843355107,0.8622084068013006,0.7032953418087058,0.54770226502541,0.5094241475324813
2019-08-06,0.0,0.007884888857643269,-0.00023125256064071564,0.007653636297002553,0.8345012384104099,0.6986678558950848,0.5332273774454189,0.5078112357801648
2019-08-07,0.0,-0.00847167355513434,-0.00023125256064071564,-0.008702926115775056,0.834507567060364,0.6922962247313396,0.5367528001841876,0.505427355310692
2019-08-08,0.0,0.016300510829763803,-0.00023125256064071564,0.016069258269123088,0.7920975836808629,0.693670675366827,0.5229738667319058,0.5059249539510975
2019-08-09,0.0,0.006997556657477588,-0.00023125256064071564,0.006766304096836873,0.7669765491613784,0.6924707578866361,0.5088427339739021,0.5054962226387761
2019-08-13,0.0,-0.01654424529912324,-0.00023125256064071564,-0.016775497859763955,0.7317936975536836,0.6704026090554935,0.4957270349525327,0.49724198353521715
2019-08-14,0.0,0.009477595331455646,-0.00023125256064071564,0.00924634277081493,0.726711624683094,0.6641462892202042,0.4953133654686319,0.4949709390679341
2019-08-16,0.0,0.0016682152620135504,-0.00023125256064071564,0.0014369627013728348,0.6983541107711148,0.6740818355028413,0.48388591348755333,0.4985854258755815
2019-08-19,0.0,0.0005521991749806165,-0.00023125256064071564,0.0003209466143399009,0.6692496442205194,0.6740869756509755,0.4648599969826007,0.4985867655970715
2019-08-20,0.0,-0.0033382235519596737,-0.00023125256064071564,-0.0035694761126003893,0.664514821799451,0.6835606056878455,0.40882512000270216,0.5021377446970801
2019-08-21,0.0,-0.008922556475220111,-0.00023125256064071564,-0.009153809035860827,0.6768615260204118,0.6791343280700902,0.41588010824930033,0.5004803612971608
2019-08-22,0.0,-0.016242829527789215,-0.00023125256064071564,-0.01647408208842993,0.6340350945594366,0.6608853854157796,0.40026634022599505,0.4936302462502802
2019-08-23,0.0,0.008192639025843995,-0.00023125256064071564,0.00796138646520328,0.6234192290949705,0.6609047102735236,0.396455022499813,0.49375487724798806
2019-08-26,0.0,0.021100066785376237,-0.00023125256064071564,0.02086881422473552,0.5632758812410971,0.6307207583378435,0.3681878382412863,0.48251297114217784
2019-08-27,0.0,0.004295591066795668,-0.00023125256064071564,0.004064338506154952,0.5363503774782165,0.6343445932509939,0.35506705039104963,0.4839835223850319
2019-08-28,0.0,-0.005335266523260329,-0.00023125256064071564,-0.005566519083901045,0.5388758718214608,0.63307974656262,0.3626402262056948,0.48348721874223244
2019-08-29,0.0,-0.0088537862364102,-0.00023125256064071564,-0.009085038797050915,0.5306307004424582,0.6369765801626764,0.35865650347032213,0.48482086249017214
2019-08-30,0.0,0.006845829640179435,-0.00023125256064071564,0.006614577079538719,0.505977689802472,0.6356015330389133,0.3456050021266035,0.4843100238904261
2019-09-03,0.0,-0.02044311880570615,-0.00023125256064071564,-0.020674371366346866,0.4626354444821982,0.607466668574683,0.3286068841796296,0.47332540626088854
2019-09-04,0.0,0.004329545403159107,-0.00023125256064071564,0.004098292842518392,0.4144277180461421,0.610436444297551,0.2949379374889352,0.4744538430520601
2019-09-05,0.0,0.000299686931614751,-0.00023125256064071564,6.843437097403537e-05,0.430838473905131,0.6116033435216831,0.31132862269827344,0.4749381477665103
2019-09-06,0.0,0.009061643373168504,-0.00023125256064071564,0.008830390812527789,0.3721885044150438,0.6072116087478205,0.2756182779992084,0.47331184016147754
2019-09-09,0.0,0.005193547382711383,-0.00023125256064071564,0.0049622948220706675,0.3737693205135636,0.6058843973579932,0.2777181919483405,0.47283976109422
2019-09-11,0.0,0.0029673946046386845,-0.00023125256064071564,0.002736142043997969,0.3507733224877074,0.6093176947306975,0.2674087855088186,0.4747640455488002
2019-09-12,0.0,-0.00479356902496042,-0.00023125256064071564,-0.005024821585601136,0.3447977183230422,0.6106468221665913,0.26290771659418155,0.4735245947556232
2019-09-13,0.0,0.008476944640087414,-0.00023125256064071564,0.008245692079446698,0.3369807992742375,0.6063885887613805,0.2599399964572979,0.4712857653937687
2019-09-16,0.0,-0.006536749886833726,-0.00023125256064071564,-0.006768002447474442,0.3275846585208489,0.6036054457458334,0.25653760239859696,0.4701868681550016
2019-09-17,0.0,-0.01689465993774708,-0.00023125256064071564,-0.017125912498387796,0.28751219372600023,0.5857848819121885,0.2338958712419552,0.46295474016283483
2019-09-18,0.0,0.002130859163064436,-0.00023125256064071564,0.0018996066024237201,0.2566844749386041,0.5871996037049296,0.20990808316722182,0.46120395416737564
2019-09-19,0.0,-0.012531589991591652,-0.00023125256064071564,-0.012762842552232367,0.24822585376322057,0.5837938302338747,0.20553244413720767,0.45862788583689146
2019-09-20,0.0,0.05319112930777714,-0.00023125256064071564,0.052959876747136425,0.16497416998872752,0.4520264519353955,0.17700129163189124,0.40372990258623365
2019-09-23,0.0,0.028915576657539077,-0.00023125256064071564,0.02868432409689836,0.14203241643705583,0.42479325123222395,0.16005667991826558,0.3916653143080422
2019-09-24,0.0,-0.0010344649056013289,-0.00023125256064071564,-0.0012657174662420445,0.13905998902241848,0.42762577406458085,0.1561472269613035,0.39361473515091727
2019-09-25,0.0,-0.012771612287114875,-0.00023125256064071564,-0.01300286484775559,0.13308051190112774,0.42193419514577435,0.15178753083833407,0.39069879489116494
2019-09-26,0.0,0.01145084856589107,-0.00023125256064071564,0.011219596005250354,0.13178925980708117,0.4177397833908489,0.1508958928146656,0.3882905621033503
2019-09-27,0.0,-0.005081564893442914,-0.00023125256064071564,-0.005312817454083629,0.1237374770180689,0.4165181877929184,0.14380287533933436,0.38775145139134876
2019-09-30,0.0,-0.003296462425282254,-0.00023125256064071564,-0.0035277149859229695,0.12343726139765186,0.41729489348202253,0.14894351426322555,0.3881875760001079
2019-10-01,-0.010263375886552462,-0.009983032105041145,-0.010494628447193177,-0.010214284665681861,0.1329842798696788,0.4217528260576629,0.1601928810451608,0.3915312082309942
2019-10-03,-0.00528737638894361,-0.004040562773145462,-0.0055186289495843255,-0.0042718153337861775,0.13283065168774122,0.4198896182462606,0.1595696496005362,0.3887104599086565
2019-10-04,-0.009276574105820834,-0.012307760296977222,-0.00950782666646155,-0.012539012857617937,0.1371346413450243,0.42431405423979385,0.16574913900216945,0.39400241094941907
2019-10-07,-0.00011599556936936484,-0.0043266837625002275,-0.0003472481300100805,-0.004557936323140943,0.13758090374389076,0.41900584355080933,0.16705195974222975,0.38888062945471585
2019-10-09,0.007521304715268684,0.01679783285706482,0.007290052154627968,0.016566580296424105,0.14694063653139935,0.4283371662767071,0.18204651931314605,0.4008780085569417
2019-10-10,0.0021024810749494804,-0.006960833829169011,0.0018712285143087648,-0.0071920863898097265,0.15308370712070984,0.42407630989645767,0.18931781916814203,0.3978876555645449
2019-10-11,-0.0012983105596033884,0.006275284833450412,-0.001529563120244104,0.006044032272809696,0.12119292379278941,0.42417193746030457,0.14996705889520107,0.3981575841606973
2019-10-14,0.002582039394451341,0.003193315072573366,0.0023507868338106253,0.0029620625119326505,0.12267014119785916,0.4245723796606886,0.15914861512757414,0.3983995479756742
2019-10-15,-0.004617310029895294,0.007684353972992053,-0.00484856259053601,0.007453101412351337,0.11703720658385575,0.41617703293979424,0.15218943571337226,0.39259541112843876
2019-10-16,-0.0037591770994831464,0.003123841334461419,-0.003990429660123862,0.0028925887738207035,0.1281587114040406,0.4082466206119262,0.16913339024270224,0.39006156092739996
2019-10-17,0.004947156274052178,0.010672506051552677,0.004715903713411462,0.010441253490911961,0.1439248730509732,0.408398884114487,0.21460804472586784,0.3911592278168401
2019-10-18,0.007424353137096773,0.006516288783389612,0.007193100576456057,0.0062850362227488965,0.15241369813341105,0.41082809176058555,0.2273211393950457,0.3925943325055322
2019-10-22,0.001166932441795332,-0.006302602285396697,0.0009356798811546163,-0.006533854846037412,0.13954763445031035,0.4087592311002076,0.21449382301022007,0.39123333100437563
2019-10-23,-0.00019729393884226898,0.001359123648397631,-0.0004285464994829846,0.0011278710877569154,0.13928080005896024,0.4070226417831614,0.2141265170104081,0.3901114142137385
2019-10-24,0.005613192283323354,-0.0018527934715960592,0.005381939722682638,-0.002084046032236775,0.12641550936562312,0.40584856975827843,0.19762588226753416,0.38842412924950714
2019-10-25,-0.01940141790789507,0.00011230477560042473,-0.019632670468535784,-0.00011894778504029091,0.08497766563277483,0.40173691576479226,0.13629081839908694,0.3803113328845938
2019-10-29,0.005619220922455259,0.017519938181983052,0.0053879683618145435,0.017288685621342337,0.09021860417375606,0.40033891143769057,0.14672425836540365,0.38268647618654406
2019-10-30,0.006786981660250158,0.004857107869982835,0.006555729099609442,0.0046258553093421195,0.0948158962360395,0.40202686856682107,0.15358494103327894,0.3818027870457254
2019-10-31,-0.002025486045711289,0.0028157974888274317,-0.0022567386063520045,0.002584544928186716,0.09456493836441862,0.40309994598202675,0.1528497525610424,0.38433706686652774
2019-11-01,-0.0026646035327454465,0.0011070906504571099,-0.002895856093386162,0.0008758380898163942,0.09233869135318801,0.39807579820177197,0.15037342397996786,0.37863081759251627
2019-11-04,0.010398295001268876,0.004263888868356602,0.01016704244062816,0.004032636307715887,0.0936298191922777,0.40216146584887325,0.1536136797855061,0.38048041244372766
2019-11-05,0.004277803947798198,-0.002018173043904281,0.004046551387157482,-0.0022494256045449967,0.1140405853458377,0.4042496272207767,0.19732640415384875,0.3809916008966715
2019-11-06,-0.0016809466565621545,0.004099084396871566,-0.0019121992172028701,0.0038678318362308506,0.06407401150204381,0.4034827078663089,0.17386014882017783,0.38045825812302136
2019-11-07,0.003414717306378323,0.003844209304726398,0.0031834647457376075,0.0036129567440856825,0.06725865244749235,0.40550966446185055,0.1919393198430073,0.38299842103621584
2019-11-08,-0.00035444162003250845,-0.008649599006986697,-0.0005856941806732241,-0.008880851567627412,0.0652908075413298,0.4030345085218143,0.18565613877042214,0.3817329301410548
2019-11-11,0.008825010763662933,0.0004450569159482054,0.008593758203022217,0.00021380435530748976,0.06435354000492213,0.388732282336105,0.17664443322438492,0.3727951150644548
2019-11-13,0.007339836849319603,-0.006127528029514329,0.0071085842886788875,-0.006358780590155044,0.05855983505708251,0.36698822539195575,0.15600441877842341,0.36154142666345457
2019-11-14,-0.001085777239174357,0.002672990768123773,-0.0013170297998150726,0.0024417382074830574,0.05884422271447458,0.35515555254959713,0.15626248428255737,0.35163651335301976
2019-11-15,0.002368510935038204,0.001966845520657623,0.0021372583743974882,0.0017355929600169073,0.05935527043781249,0.35932240351804645,0.15639573276136978,0.3561094710581987
2019-11-18,-0.0007149043484973028,-0.0009205364347466549,-0.0009461569091380184,-0.0011517889953873706,0.06180414372109214,0.35919771998126293,0.1606039801658755,0.3559602669129413
2019-11-19,0.00936236375291899,0.004678329704657314,0.009131111192278274,0.004447077144016598,0.06615275862297147,0.34964134717618106,0.16605307037191688,0.3476518658717092
2019-11-20,-0.0033740206275507667,0.004941332311304558,-0.0036052731881914823,0.0047100797506638425,0.06611968920240557,0.3469683043362536,0.1618045747539719,0.34483678710135107
2019-11-21,0.00010895125834453623,-0.002558460196964596,-0.00012230130229617941,-0.0027897127576053116,0.06708174611693594,0.34933261262601,0.16364203632349986,0.34691538864438143
2019-11-22,-0.00920830652683935,-0.004511881140131235,-0.009439559087480065,-0.004743133700771951,0.07407882660949883,0.3391565220936376,0.17500270765701423,0.34220538516624216
2019-11-25,-0.0012186050203496501,0.013374538722098483,-0.0014498575809903658,0.013143286161457768,0.070449600616817,0.3180890960134568,0.1678694709103755,0.3263550029795938
2019-11-26,0.00037212852357781934,-0.0029858001604721185,0.0001408759629371037,-0.003217052721112834,0.07025563617667802,0.27667116109687323,0.16737333493295106,0.27624312405981877
2019-11-27,0.009583875854679347,0.005233557820665036,0.009352623294038631,0.00500230526002432,0.07518171781405279,0.28650663836151474,0.17261358403404312,0.28412443698524664
2019-11-28,0.005982995748163633,0.004169196368656758,0.0057517431875229175,0.003937943808016042,0.07921699251069858,0.287540125078924,0.17614557651378104,0.28501657566633704
2019-11-29,-0.002520526387269295,-0.007826467690735917,-0.0027517789479100108,-0.008057720251376632,0.0829130788527452,0.2860880117298226,0.1845165588441199,0.28390815744782405
2019-12-02,-0.007025577963379326,-0.0006510929783939412,-0.0072568305240200415,-0.0008823455390346568,0.09075198405232165,0.280304095942937,0.19324986622166163,0.2756996932193032
2019-12-03,0.002379914964962593,-0.004481997238144242,0.002148662404321877,-0.0047132497987849575,0.08886599472536241,0.26963080087629304,0.18932496766889317,0.2682981674274683
2019-12-04,0.003722790508860596,0.004085307832292884,0.0034915379482198805,0.003854055271652168,0.09028228207485925,0.2710619244846515,0.19115245756867025,0.2734964300492285
2019-12-05,-0.027322929475901536,-0.00205923710353606,-0.027554182036542252,-0.002290489664176776,0.10535061256376715,0.2756853475588764,0.1817809105347336,0.2695278484572162
2019-12-06,-0.0034986557821896636,-0.008062669529681155,-0.003729908342830379,-0.00829392209032187,0.1090917116581386,0.26872866962251984,0.18857553025963789,0.264995763639713
2019-12-09,-0.009742005428708178,0.001342112989137334,-0.009973257989348894,0.0011108604284966184,0.11790099678773004,0.26798086446668506,0.19287774002246266,0.2633657830544712
2019-12-10,-0.002324174265946777,-0.006760225785340301,-0.0025554268265874924,-0.006991478345981017,0.1193200014972233,0.24747811129983346,0.19595211127084122,0.2459412607926964
2019-12-11,0.023359923373584612,0.0044995771891509495,0.023128670812943897,0.004268324628510234,0.12993360134130402,0.26519046853266603,0.19277049061069437,0.2598686912606344
2019-12-12,0.011378458334514674,0.005176207859728388,0.011147205773873958,0.004944955299087672,0.1373432392934998,0.24303084807095218,0.19894153707189371,0.24072719201125428
2019-12-13,0.008289314998572772,0.009597587037832866,0.008058062437932056,0.00936633447719215,0.1462531481634346,0.24921336669349786,0.21056222093586402,0.2470459986453369
2019-12-16,-0.009608675899126395,-0.0027095898360001147,-0.009839928459767111,-0.0029408423966408304,0.15235022850183755,0.24424092543199427,0.2162491547100767,0.24543534220230726
2019-12-17,-0.0026119837866193096,0.009212731336046609,-0.0028432363472600253,0.008981478775405893,0.14839304697175967,0.24008468057453894,0.21066128945898566,0.24214296782437278
2019-12-18,-0.008116638736796244,0.004656834412248179,-0.00834789129743696,0.004425581851607463,0.14560313270713118,0.23381021061785967,0.2039881371791952,0.2358364940963981
2019-12-19,-0.0050317162142075045,0.003113311498149862,-0.00526296877484822,0.0028820589375091465,0.14590144465086174,0.23216045809216115,0.20259695870457248,0.23584555914073585
2019-12-20,0.0030510615922669793,0.000986941701855537,0.0028198090316262636,0.0007556891412148214,0.1537368498940287,0.22196033406613153,0.20730997277516697,0.22762370716145452
2019-12-23,0.008114413945395471,-0.0007374472230261553,0.007883161384754755,-0.0009686997836668709,0.14994663688358528,0.20455541823494272,0.20043621835794315,0.21022451254525124
2019-12-24,0.003438225766865255,-0.003930618769240168,0.0032069732062245393,-0.004161871329880884,0.15063358057977871,0.20294560053126284,0.19812846675595547,0.20862660430212188
2019-12-26,-0.00010919006292564593,-0.007204522590446127,-0.00034044262356636157,-0.007435775151086843,0.2697915995682274,0.2010764083877083,0.26742675331796584,0.21068740260546417
2019-12-27,0.0012019129552975905,0.009833794601157297,0.0009706603946568748,0.009602542040516582,0.34578246539933594,0.19473214780902584,0.30524660257914943,0.20426781853918738
2019-12-30,0.018383466181875807,0.0008206736062803532,0.01815221362123509,0.0005894210456396376,0.34546593577852164,0.1930800080927785,0.29140825447224655,0.19855311451956908
2019-12-31,0.015612316837092521,-0.007131240742024536,0.015381064276451806,-0.007362493302665252,0.31126831486181167,0.17938484812975572,0.2492178640981932,0.1836271673609192
2020-01-01,-0.007189800325460127,0.001154609211690083,-0.007421052886100843,0.0009233566510493674,0.32778077813686873,0.17935863176995945,0.2547124041311719,0.18265767787332537
2020-01-02,-0.004514625343226664,0.008183886337984836,-0.004745877903867379,0.00795263377734412,0.3088848231015214,0.17085234742812824,0.24004408700463126,0.17560516942739302
2020-01-03,0.012196317695895909,-0.004522789386603554,0.011965065135255193,-0.00475404194724427,0.28034993702427136,0.16660898839404606,0.2149704358512976,0.17357974174010402
2020-01-06,-0.026502357345758676,-0.019105853072941215,-0.02673360990639939,-0.01933710563358193,0.40580461402693196,0.2057668074719231,0.30669218390447806,0.21088592343869567
2020-01-07,0.00416567780579391,0.004994592001242859,0.003934425245153195,0.004763339440602143,0.4015490808554126,0.20717828965776516,0.3037050847650378,0.21198877694518548
2020-01-08,1.5811638050866605e-05,-0.0022899444111396106,-0.00021544092258984904,-0.002521196971780326,0.3765423340794621,0.20531743937630284,0.27886528502651886,0.2103569470347283
2020-01-09,0.006755859032416378,0.015845758122611686,0.0065246064717756624,0.01561450556197097,0.380921127808859,0.21093568502332247,0.2906451235245012,0.21861509891395545
2020-01-10,0.0018643571393128777,0.0033480474426501594,0.001633104578672162,0.0031167948820094438,0.3765418475450479,0.20956048169340272,0.2761467586161626,0.21814886633701291
2020-01-13,0.005164121508393293,0.0059354808073293075,0.004932868947752578,0.005704228246688592,0.3959352236535488,0.2193170979734947,0.28701770048291514,0.22723290090456869
2020-01-14,0.008104080053955576,0.0026562202609821117,0.00787282749331486,0.002424967700341396,0.40734432327673514,0.19595675215568517,0.29258829615310716,0.20105880723307062
2020-01-15,0.0035031025336136334,-0.0015369308543056182,0.003271849972972918,-0.0017681834149463338,0.4024427775905201,0.19347281281391093,0.28927642383717855,0.20400808458234887
2020-01-16,0.0052417997144025286,0.000988406301843714,0.005010547153761813,0.0007571537412029983,0.4238186655206758,0.19182979716994134,0.302653741641679,0.20195192475899745
2020-01-17,-0.002527944644663771,-0.000254978804985595,-0.0027591972053044866,-0.00048623136562631064,0.43028572263290643,0.20166007249681653,0.30753484748038434,0.21410108910924974
2020-01-20,-0.0027051740093306798,-0.010346193941151438,-0.0029364265699713954,-0.010577446501792154,0.4271845258360687,0.21114802534377797,0.30759262867205583,0.2373756869059127
2020-01-21,-0.00707867751417024,-0.004474618385662321,-0.007309930074810955,-0.004705870946303037,0.43047276108629534,0.21601428275313905,0.308834932416844,0.24351232126747152
2020-01-22,0.002566238494116746,-0.005172555189302153,0.0023349859334760303,-0.005403807749942868,0.4297879065762698,0.2071038603941753,0.30734066240109087,0.23605155842132167
2020-01-23,0.023449952287086573,0.0060667236352978104,0.023218699726445857,0.005835471074657095,0.47340403553322075,0.21839651197140733,0.3239814461402975,0.24161104089642063
2020-01-24,0.007424250974086277,0.005574584704263197,0.007192998413445562,0.005343332143622481,0.4868570447325748,0.21155362072557077,0.333606380195375,0.2358614391942618
2020-01-27,0.01143712564256627,-0.010552527912150667,0.011205873081925555,-0.010783780472791382,0.4141047910400124,0.16584108259045563,0.3009547055486853,0.18971974545528617
2020-01-28,0.008044660125884784,-0.005214967844912932,0.007813407565244068,-0.005446220405553648,0.4163801175215643,0.15735623025305046,0.2867765854181901,0.17991486348844318
2020-01-29,-0.004562961823315725,0.006113256399948197,-0.004794214383956441,0.005882003839307481,0.38934358269028063,0.1550608950070453,0.26848265715307706,0.1773854352965961
2020-01-30,-0.012230732376221742,-0.0077249841553650445,-0.012461984936862458,-0.00795623671600576,0.4295184217094071,0.16318397415759547,0.2945932349437318,0.18525121183980361
2020-01-31,-0.003713860863764573,-0.006123414854723341,-0.003945113424405289,-0.006354667415364057,0.4376764993783493,0.16335115019367058,0.302288294212126,0.18637868652007752
2020-02-03,-0.013873129465410194,-0.021250384719316173,-0.01410438202605091,-0.02148163727995689,0.47012334262454125,0.18080289882124365,0.34689354634129926,0.20981765270303637
2020-02-04,0.010806083390031418,0.02321082268667074,0.010574830829390702,0.022979570126030024,0.46347718431295715,0.20782393845125738,0.3696056240768428,0.24899679406153183
2020-02-05,0.005195325366593506,0.009140500467834434,0.0049640728059527905,0.008909247907193718,0.4682532465913689,0.17671058269102896,0.3767115561292172,0.23810156309626718
2020-02-06,0.01862945146995698,0.004036661230167438,0.018398198909316266,0.003805408669526722,0.48488330221902576,0.183702171916043,0.3800603111885502,0.24426218584452764
2020-02-07,-0.023444399835352625,-0.0032625431230384194,-0.02367565239599334,-0.003493795683679135,0.515109905294754,0.1914599157917619,0.3799529789849052,0.2428636474793462
2020-02-10,-0.013650078700986668,-0.005525514763038308,-0.013881331261627383,-0.005756767323679024,0.5340777957436147,0.1983773050502794,0.39108391910462564,0.24868965517953645
2020-02-11,0.02153871785703587,0.006350030388978967,0.021307465296395156,0.006118777828338251,0.5826325224869251,0.20989130280684096,0.4142815459146414,0.25432792018847133
2020-02-12,0.01699936112590472,0.0077056964194832656,0.016768108565264006,0.00747444385884255,0.6089024238719049,0.2197414911578904,0.4283862170971491,0.26196937487699923
2020-02-13,-0.009779418642353765,-0.0021759994314084485,-0.010010671202994481,-0.002407251992049164,0.6158333214992425,0.22340020154491283,0.4298945360144547,0.2636896423333691
2020-02-14,3.2331214939729236e-05,-0.005026854435148831,-0.0001989213457009864,-0.0052581069957895465,0.6121140036968081,0.22867278301608573,0.42902831896848587,0.26756321549894335
2020-02-17,-0.010470781641116478,-0.00558473346026378,-0.010702034201757193,-0.005815986020904496,0.6180851184415006,0.2351542380299859,0.4322305135698541,0.27315045974711855
2020-02-18,0.0235579364728018,-0.004424762618648104,0.023326683912161084,-0.004656015179288819,0.5960946192149335,0.22923566075659763,0.40341519580958257,0.25544388982730726
2020-02-19,0.031814982262390545,0.011123651500938081,0.03158372970174983,0.010892398940297365,0.6673552216553862,0.25761352876322835,0.4339426804833205,0.2734614871232994
2020-02-20,0.010147098135470545,-0.003715252459506435,0.009915845574829829,-0.003946505020147151,0.6452599875450985,0.25367338634249975,0.4205645455577194,0.2684372277373116
2020-02-24,-0.02218165072070466,-0.02081386879900149,-0.022412903281345375,-0.021045121359642205,0.7424845763955772,0.2862021107398341,0.4845556301244488,0.3010351185283452
2020-02-25,-0.010139563602151513,-0.002662856861702312,-0.010370816162792229,-0.0028941094223430275,0.7490624233637384,0.28906967911825027,0.48511555838380044,0.3022581715084383
2020-02-26,-0.010447514546702674,-0.010120477938589723,-0.01067876710734339,-0.010351730499230438,0.7547714628374543,0.2980607392659928,0.4907311139725248,0.3101499635456226
2020-02-27,-0.01577123196409025,-0.003870376787472707,-0.016002484524730964,-0.0041016293481134225,0.7651419172890438,0.31025238683574535,0.489964206042807,0.3152624156611647
2020-02-28,-0.021333479771267205,-0.03709607866493836,-0.02156473233190792,-0.037327331225579075,0.7291096706809099,0.34209790770594234,0.5233594549503214,0.35981408633006906
2020-03-02,-0.0019371809840343923,-0.006159751824491688,-0.002168433544675108,-0.006391004385132404,0.7289294952626536,0.3550865409635042,0.5258260532196447,0.36759523350859763
2020-03-03,0.0,0.015319647408546855,-0.00023125256064071564,0.01508839484790614,0.6939556843518564,0.3486757734993949,0.5127360633076877,0.3640282911514237
2020-03-04,0.0,-0.004626950146523701,-0.00023125256064071564,-0.004858202707164416,0.6930935687770489,0.34884862125951716,0.5117639925708592,0.364103495715597
2020-03-05,0.0,0.0015998577904186018,-0.00023125256064071564,0.0013686052297778861,0.6865893692962353,0.3506589632306749,0.5284256324755394,0.36482480495123876
2020-03-06,0.0,-0.024806975302821943,-0.00023125256064071564,-0.02503822786346266,0.6269465797975466,0.33650497367459625,0.5050760023646935,0.35804482145252603
2020-03-09,0.0,-0.048956043335951605,-0.00023125256064071564,-0.04918729589659232,0.4681031664249955,0.29362419493234904,0.44437655620980787,0.33500824104092175
2020-03-11,0.0,0.0006649981756232659,-0.00023125256064071564,0.00043374561498255026,0.46649563864346844,0.29413448787859775,0.44270055403562647,0.3353703332494064
2020-03-12,0.0,-0.08301938801064712,-0.00023125256064071564,-0.08325064057128784,0.2574301485329941,0.20488596368315468,0.3350879654702509,0.2812491748760468
2020-03-13,0.0,0.03806507612689369,-0.00023125256064071564,0.03783382356625298,0.224284348506474,0.19185282715348506,0.3096843907279166,0.27170414149234917
2020-03-16,0.0,-0.07612100106679087,-0.00023125256064071564,-0.07635225362743159,0.16835441156895106,0.15613142299031663,0.2673723526362504,0.2462511502024373
2020-03-17,0.0,-0.02504518409052825,-0.00023125256064071564,-0.025276436651168965,0.1664848668599597,0.15376561411576092,0.2687098685488164,0.2447679779535828
2020-03-18,0.0,-0.05556454027271507,-0.00023125256064071564,-0.055795792833355784,0.15393000739943385,0.1408516318413014,0.26167976232170537,0.23493856969066643
2020-03-19,0.0,-0.024247781753128472,-0.00023125256064071564,-0.024479034313769188,0.15696636522826637,0.13972633248790933,0.2694207109357146,0.23443010404551698
2020-03-20,0.0,0.058329146858465686,-0.00023125256064071564,0.05809789429782497,0.1344443206777947,0.12493693767233086,0.2495318431992593,0.2208662368417436
2020-03-23,0.0,-0.12980466070471242,-0.00023125256064071564,-0.13003591326535313,0.0899707738818869,0.08773208090238234,0.20705167370168437,0.18626185418686847
2020-03-24,0.0,0.02507142402516349,-0.00023125256064071564,0.024840171464522776,0.08631494767027828,0.08629305438175423,0.201502947515216,0.18449072327136098
2020-03-25,0.0,0.06624746894667499,-0.00023125256064071564,0.06601621638603428,0.0759248650579461,0.07877842938082741,0.18745179813487112,0.17549419464739674
2020-03-26,0.0,0.038904356430389475,-0.00023125256064071564,0.03867310386974876,0.07235967805636001,0.08082003776409216,0.18211277954807914,0.17789733923277914
2020-03-27,0.0,0.0021755381634551707,-0.00023125256064071564,0.001944285602814455,0.07236641748997841,0.08243486157813208,0.18182849682619082,0.1799370124399727
2020-03-30,0.0,-0.04378053643081892,-0.00023125256064071564,-0.04401178899145963,0.06877890547292297,0.08033578614617369,0.17866937923639226,0.17805851530835823
2020-03-31,0.0,0.03823772271336057,-0.00023125256064071564,0.03800647015271985,0.06659588530483028,0.07779942954986988,0.17873377568520837,0.17472337872807175
2020-04-01,0.0,-0.04000467509668226,-0.00023125256064071564,-0.04023592765732298,0.06627147043987273,0.07663173416101819,0.18038554566692488,0.17390954268899875
2020-04-03,0.0,-0.020596574186770744,-0.00023125256064071564,-0.02082782674741146,0.0675828654490458,0.07635600365450361,0.18427125547098724,0.17374729600423647
2020-04-07,0.0,0.08763210467115035,-0.00023125256064071564,0.08740085211050963,0.0579276467719114,0.06665423466654355,0.17129252123497196,0.16150622560750685
2020-04-08,0.0,-0.004941902407507137,-0.00023125256064071564,-0.005173154968147853,0.052062815313797625,0.06544044161989178,0.16182188510956896,0.159300133482022
2020-04-09,0.0,0.04150883161880259,-0.00023125256064071564,0.04127757905816187,0.0495878268578644,0.06312636477983177,0.1566443093309245,0.15597295152763493
2020-04-13,0.0,-0.01295567073707915,-0.00023125256064071564,-0.013186923297719866,0.04962205975456826,0.061681210714662246,0.15684379683101454,0.1530763860516521
2020-04-15,0.0,-0.007621853562688519,-0.00023125256064071564,-0.007853106123329234,0.048053823190239896,0.06168369723406391,0.15187885559604128,0.1531162992508885
2020-04-16,0.0,0.007562771164790316,-0.00023125256064071564,0.0073315186041496005,0.04774713462669882,0.06002827325972055,0.1510242472467563,0.14904182316316936
2020-04-17,0.0,0.03046328187687486,-0.00023125256064071564,0.030232029316234144,0.04605151702168114,0.0590204400941203,0.1471102343657667,0.14757775037358314
2020-04-20,0.0,-0.0005288143766692954,-0.00023125256064071564,-0.0007600669373100111,0.04528753012888331,0.059267228213585245,0.14530579311765676,0.1481578432563517
2020-04-21,0.0,-0.030274667144095657,-0.00023125256064071564,-0.030505919704736373,0.04478812017939753,0.058727280854428715,0.14453495756685983,0.1476680248130127
2020-04-22,0.0,0.02291941778872575,-0.00023125256064071564,0.022688165228085033,0.043877944272053444,0.058762147316112553,0.14262190417887322,0.14846136694636838
2020-04-23,0.0,0.01377995587701486,-0.00023125256064071564,0.013548703316374144,0.04380080378323333,0.05872668276846154,0.14276021771954586,0.14871390621556743
2020-04-24,0.0,-0.017124941572334906,-0.00023125256064071564,-0.017356194132975622,0.04348279175004008,0.05807695194262247,0.1419483695007923,0.147284427317422
2020-04-27,0.0,0.013971358975458648,-0.00023125256064071564,0.013740106414817932,0.04316142077294204,0.05704855167628563,0.14180602407287551,0.14514738391924345
2020-04-28,0.0,0.010622430648890235,-0.00023125256064071564,0.01039117808824952,0.043035179941143246,0.05689345562849115,0.1416514776549434,0.14487429403008806
2020-04-29,0.0,0.018383013524196468,-0.00023125256064071564,0.018151760963555752,0.03963211723891386,0.05646806893047872,0.1367458956327597,0.14416857276452452
2020-04-30,0.0,0.03208830345213909,-0.00023125256064071564,0.03185705089149837,0.03815551254054025,0.055428244668899715,0.1333926606143063,0.1427356465362759
2020-05-04,0.0,-0.05744483901313502,-0.00023125256064071564,-0.057676091573775734,0.03758909752483032,0.05395505115341871,0.13566370378644774,0.14447633678266059
2020-05-05,0.0,-0.009458265521601117,-0.00023125256064071564,-0.009689518082241833,0.03771628938496021,0.05301219604983928,0.1370272710806878,0.1418335246384825
2020-05-06,0.0,0.007093593467121684,-0.00023125256064071564,0.006862340906480968,0.03831360829212626,0.0523992355047717,0.1394160577030163,0.14046977514091094
2020-05-07,0.0,-0.007750119504051356,-0.00023125256064071564,-0.007981372064692072,0.03764300723601708,0.052588560518556905,0.13872128820541288,0.1410357667568754
2020-05-08,0.0,0.0057016970693835045,-0.00023125256064071564,0.005470444508742789,0.03751569327455635,0.052616177440245424,0.13847646739966604,0.14122132847908167
2020-05-11,0.0,-0.0013294930214019507,-0.00023125256064071564,-0.0015607455820426663,0.034345627122738996,0.05187993226474511,0.12875624081692455,0.13983956711969786
2020-05-12,0.0,-0.004616242718351149,-0.00023125256064071564,-0.004847495278991865,0.030722476775996054,0.05190833282712708,0.11593850312746845,0.14001403488182648
2020-05-13,0.0,0.02033371253039773,-0.00023125256064071564,0.020102459969757014,0.029694525326607827,0.05162191196114194,0.11269181654240469,0.13967804404555875
2020-05-14,0.0,-0.025661909373274727,-0.00023125256064071564,-0.025893161933915443,0.02742886260883656,0.0512163724743421,0.10829624309083138,0.13911668477214256
2020-05-15,0.0,-0.0006453627874545287,-0.00023125256064071564,-0.0008766153480952443,0.02762902390675686,0.05116322532621309,0.11576337191099724,0.1389351874217988
2020-05-18,0.0,-0.034322509703259896,-0.00023125256064071564,-0.03455376226390061,0.02699986119944071,0.05043215796788353,0.11638803898500581,0.13831687149088384
2020-05-19,0.0,0.00632982284022332,-0.00023125256064071564,0.006098570279582605,0.023943520725169053,0.050715962935485165,0.10979557564645333,0.1394589936842429
2020-05-20,0.0,0.021111396826158035,-0.00023125256064071564,0.02088014426551732,0.02118689234928064,0.05036611262022555,0.10191423715676318,0.13895377792639832
2020-05-21,0.0,0.004378754451001221,-0.00023125256064071564,0.004147501890360505,0.021452249670115765,0.0502275042161849,0.1046204374368122,0.13861749246266922
2020-05-22,0.0,-0.0073575840768702605,-0.00023125256064071564,-0.007588836637510976,0.021436713967499695,0.05024678761871963,0.10455218823661366,0.13870356809402523
2020-05-26,0.0,-0.0011284338094974533,-0.00023125256064071564,-0.001359686370138169,0.021234165906220872,0.04952932940887118,0.10527846207797856,0.13722079530189266
2020-05-27,0.0,0.03166450477176164,-0.00023125256064071564,0.03143325221112092,0.02133130581421095,0.049048358089240955,0.11826867796987917,0.136889032940864
2020-05-28,0.0,0.018803043536468778,-0.00023125256064071564,0.018571790975828062,0.015388401311863292,0.04871300768341376,0.11293090114667208,0.13630147321617264
2020-05-29,0.0,0.009504662651105722,-0.00023125256064071564,0.009273410090465006,0.01563864330998071,0.04823803409445208,0.12037389972232186,0.13566385100436376
2020-06-01,0.0,0.025662097319460564,-0.00023125256064071564,0.02543084475881985,0.01104405978030289,0.048094317525354584,0.10486161676763907,0.13570170105878876
2020-06-02,0.0,0.015565527970742954,-0.00023125256064071564,0.015334275410102238,0.0111371138446343,0.047846854778386926,0.11161354036700963,0.13523221204570474
2020-06-03,0.0,0.008262288035990828,-0.00023125256064071564,0.008031035475350112,0.010195212310653881,0.047061896119574904,0.1090316519647764,0.13360439959977136
2020-06-04,0.0,-0.003225168681009971,-0.00023125256064071564,-0.0034564212416506868,0.009766403688597035,0.04671522561038681,0.1286724399739518,0.1328101650418531
2020-06-05,0.0,0.011272276241460544,-0.00023125256064071564,0.011041023680819828,0.00013098485542700387,0.04638006258908035,0.01891824144294974,0.131995051307652
2020-06-08,0.0,0.002494520758722585,-0.00023125256064071564,0.002263268198081869,1.4289488576751175e-18,0.04639244325681728,inf,0.13239254785106525
2020-06-09,0.0,-0.011881032349997822,-0.00023125256064071564,-0.012112284910638538,1.3883425133974488e-18,0.04646367441565809,inf,0.13270722376919086
2020-06-10,0.0,0.006917728526201428,-0.00023125256064071564,0.006686475965560712,1.4740961087925473e-18,0.046199152294264516,inf,0.13205629683962503
2020-06-11,0.0,-0.021169158460066062,-0.00023125256064071564,-0.021400411020706778,1.4235419181463092e-18,0.045763702316779835,inf,0.13643584772537093
2020-06-12,0.0,0.00716020911179549,-0.00023125256064071564,0.006928956551154775,1.3891968388805123e-18,0.04536037981597058,inf,0.13536698417119508
2020-06-15,0.0,-0.015963279394844432,-0.00023125256064071564,-0.016194531955485147,1.4728441965920715e-18,0.045659624161779,inf,0.13722286239257178
2020-06-16,0.0,0.010220386061458031,-0.00023125256064071564,0.009989133500817315,1.4706781788783643e-18,0.04531816355431828,inf,0.13633897123265587
2020-06-17,0.0,-0.0033134566648174157,-0.00023125256064071564,-0.0035447092254581314,1.596528904315267e-18,0.04380783346002707,inf,0.13566659012897453
2020-06-18,0.0,0.021303187551898528,-0.00023125256064071564,0.021071934991257812,1.5946376608721565e-18,0.042633107662080005,inf,0.13332037922360246
2020-06-19,0.0,0.015136275444292302,-0.00023125256064071564,0.014905022883651586,1.8015615179914582e-18,0.041486620533389834,inf,0.13033149038997832
2020-06-22,0.0,0.006520616350433883,-0.00023125256064071564,0.006289363789793168,1.8789102579764623e-18,0.041218977739343444,inf,0.13029358253686044
2020-06-23,0.0,0.015497691991291696,-0.00023125256064071564,0.01526643943065098,1.8710760911208754e-18,0.04142154207225999,inf,0.1311332752410886
2020-06-24,0.0,-0.015824677233549855,-0.00023125256064071564,-0.01605592979419057,1.88439925107536e-18,0.04197328455164236,inf,0.1336141812600752
2020-06-25,0.0,-0.001591357298992957,-0.00023125256064071564,-0.0018226098596336726,1.9890921688440142e-18,0.042256941272585724,inf,0.1347493636782901
2020-06-26,0.0,0.00914574014738645,-0.00023125256064071564,0.008914487586745734,3.732235708415456e-18,0.04208631351787651,inf,0.13433531844803373
2020-06-29,0.0,-0.006799538608783573,-0.00023125256064071564,-0.007030791169424289,3.0081281225779387e-18,0.0420761710158283,inf,0.13480725717544834
2020-06-30,0.0,-0.0009988732845714887,-0.00023125256064071564,-0.0012301258452122044,3.3716109040713622e-18,0.04218495384613976,inf,0.1352232745365475
2020-07-01,-0.00366488168438428,0.012419817334717198,-0.003896134245024996,0.012188564774076482,-0.0011049882095224592,0.04143918739005445,-0.05305917030884052,0.13281166155034413
2020-07-02,0.009135280855752992,0.011663452514898642,0.008904028295112276,0.011432199954257927,0.0013924871332547932,0.04261118346738154,0.02478603972871833,0.13597719715566647
2020-07-03,0.006571049781645133,0.005273976044848361,0.006339797221004417,0.005042723484207645,0.0016118939178945049,0.04269049546571022,0.023097533871282213,0.13866846046437253
2020-07-06,0.010314963371029107,0.014735139974255018,0.010083710810388391,0.014503887413614303,0.005986997804730699,0.04557504552269641,0.06396660800381201,0.14946752933308116
2020-07-07,0.009787859727035553,0.003344590235981215,0.009556607166394837,0.0031133376753404995,0.00540205148643549,0.04616812925026331,0.04758194733793306,0.1511183138078617
2020-07-08,-0.0069045085471831635,-0.00869476207364206,-0.007135761107823879,-0.008926014634282775,0.008972498045537574,0.04738567513917146,0.0725368163990882,0.15480390403117225
2020-07-09,-0.006113083567912736,0.010060032721901813,-0.006344336128553452,0.009828780161261097,0.011933428533248136,0.04704793871398705,0.07771005015147671,0.15476137837423584
2020-07-10,-0.0006277956558513598,-0.004198511095439339,-0.0008590482164920754,-0.004429763656080055,0.012197371983302974,0.0413767206030903,0.07933003940729215,0.1425589239448893
2020-07-13,-0.004602121336570453,0.003217889149241815,-0.004833373897211168,0.0029866365886010993,0.013871858724187825,0.04091807689805688,0.08410971052077122,0.14085174139188683
2020-07-14,-0.011507975501411583,-0.01808349601540049,-0.011739228062052298,-0.018314748576041207,0.02824873901130541,0.04321425249792604,0.15086578755825825,0.1475737301310556
2020-07-15,0.0048256773558861266,0.0010229309240368245,0.004594424795245411,0.0007916783633961089,0.02786271054932734,0.042180287232988924,0.14553178506847803,0.14402239495771113
2020-07-16,-0.006086065398163476,0.011466161662100571,-0.006317317958804192,0.011234909101459856,0.024613730937572607,0.04112113092682807,0.12490718602449367,0.1401514324238157
2020-07-17,0.0010955373229943888,0.01506059125586967,0.0008642847623536731,0.014829338695228955,0.02643140027642971,0.04080029731968717,0.13149884526815886,0.1394528048809658
2020-07-20,0.009345024809570113,0.011053321760931656,0.009113772248929397,0.01082206920029094,0.031087200436653983,0.04169187433601902,0.1455813513787624,0.14239797169807947
2020-07-21,0.0045007958689828875,0.012706156865764484,0.004269543308342172,0.012474904305123768,0.03546128251969586,0.04231284060560569,0.15862299460953286,0.14459141940122075
2020-07-22,0.004721202490740373,-0.0026563094918139463,0.004489949930099657,-0.002887562052454662,0.034863233212448524,0.042109498897847104,0.1521544562729642,0.14394787023079755
2020-07-23,0.0011416402220030264,0.007442159858846331,0.0009103876613623108,0.0072109072982056155,0.035580444570371815,0.042169976044097536,0.15472491968329505,0.1442741595894156
2020-07-24,0.006080266317709526,-0.0018991484351116306,0.0058490137570688105,-0.002130400995752346,0.03393448359818119,0.04176587368188695,0.14262395352059803,0.14256729975343402
2020-07-27,-0.00035946876428993857,-0.005569925698846956,-0.0005907213249306542,-0.0058011782594876715,0.03486982689693872,0.041444651235515384,0.14630193456158663,0.1420104541981227
2020-07-28,-0.009811958814659683,0.0151592736988444,-0.010043211375300398,0.014928021138203684,0.026130440457236257,0.03963606596023825,0.10349179251432646,0.13507890733640365
2020-07-29,-0.0018827518426899337,-0.008645614328603224,-0.0021140044033306493,-0.00887686688924394,0.028390882894079025,0.03809643795454019,0.111730335417835,0.13489111625781045
2020-07-30,-0.003259594166009294,-0.008988714680747911,-0.00349084672665001,-0.009219967241388627,0.033488288640218175,0.037894142283146214,0.12733601689733157,0.13464170475746404
2020-07-31,0.016918320491217997,-0.002585102372305803,0.016687067930577282,-0.0028163549329465187,0.03513081239287691,0.03886629748772726,0.10027996540426631,0.13645677229851413
2020-08-03,0.008289777050290104,-0.016422215545293994,0.008058524489649388,-0.01665346810593471,0.018705527528195612,0.037662742870367895,0.052688812199571645,0.13237371353906857
2020-08-04,0.003073605649950739,0.018697932161379383,0.0028423530893100235,0.018466679600738667,0.022349725830660364,0.03854442174154858,0.06354582508562318,0.13584782194691886
2020-08-05,0.01148732574009581,0.0005768586219327965,0.011256073179455095,0.0003456060612920808,0.019213232485946502,0.037617009920881544,0.05201140012093657,0.13278899385422355
2020-08-06,-0.002614562246642471,0.008872554668374333,-0.002845814807283187,0.008641302107733617,0.017411214415446113,0.037014876028164466,0.047006259229711266,0.13077211908530023
2020-08-07,0.048330500196843484,0.0012410024488720417,0.04809924763620277,0.001009749888231326,0.008039243376044704,0.03437970803936263,0.013438616095251474,0.10616051520961012
2020-08-10,0.03719467523567821,0.005002705259437024,0.036963422675037494,0.004771452698796308,0.012863889372726643,0.0340358976209971,0.018486045652916613,0.09829506071709876
2020-08-11,-0.021569166031905507,0.004644978776729314,-0.021800418592546222,0.004413726216088598,0.01320831302821671,0.03231598592452098,0.01772425570789049,0.09114418963071953
2020-08-12,-0.008633149098294601,-0.0012452735151247118,-0.008864401658935317,-0.0014765260757654275,0.014017345574251211,0.03154002707986553,0.017832220242667386,0.08994961793484103
2020-08-13,-0.010320290811937527,-0.0007030344733010008,-0.010551543372578243,-0.0009342870339417164,0.018835088285947304,0.03074027341636308,0.023664456113269457,0.08966144839815288
2020-08-14,-0.007081365583739951,-0.010800437378868932,-0.007312618144380667,-0.011031689939509648,0.03072642164103196,0.03078200008679444,0.035614853679256216,0.09048945058103953
2020-08-17,0.006553663904337759,0.0061457110453491115,0.006322411343697043,0.005914458484708396,0.03274730866558796,0.02960454507331063,0.03787563199001804,0.08886248428117234
2020-08-18,0.011479474556385316,0.012292057935075373,0.0112482219957446,0.012060805374434658,0.04878690934435483,0.02964558427421237,0.05512606538416662,0.08975697361188281
2020-08-19,0.009054403279429746,0.002024600213507588,0.00882315071878903,0.0017933476528668724,0.0473375014762606,0.029621343940268954,0.05326724496653926,0.08986462534659097
2020-08-20,0.004542505083259263,-0.008432399987605033,0.004311252522618547,-0.008663652548245748,0.040119734212021946,0.029195472198021256,0.045205954148981535,0.08852795258366056
2020-08-21,0.012791317681477343,0.005250916093857194,0.012560065120836628,0.0050196635332164785,0.041222538204984845,0.029234843931667785,0.04594778348703358,0.08857306113586697
2020-08-24,0.04807195777308193,0.008341006471886514,0.047840705212441215,0.008109753911245798,0.08907179928975664,0.0350245176454139,0.0810757403031812,0.0975376128556968
2020-08-25,0.005028868232987538,0.0005058064691958464,0.004797615672346822,0.00027455390855513073,0.09843987312975547,0.03104645357281349,0.08803137988108116,0.09032462903676738
2020-08-26,0.005980231366539357,0.0067423225064831005,0.005748978805898641,0.006511069945842385,0.1035942678136275,0.03184148240611319,0.09243913471973901,0.09293308749364462
2020-08-27,0.008566570393158113,0.0008355606212675504,0.008335317832517397,0.0006043080606268347,0.12282061507265611,0.02634543801330769,0.10495917922976324,0.07860865907922532
2020-08-28,0.019177096348049982,0.007643195654994939,0.018945843787409267,0.007411943094354223,0.1473216827820297,0.027525853826478826,0.1225565041487874,0.08133134913064566
2020-08-31,-0.04703949114698591,-0.022330747801946216,-0.04727074370762663,-0.02256200036258693,0.33165973082422995,0.03877353081435473,0.25358169225729105,0.10370023818635903
2020-09-01,0.040142211765355595,0.007266739846322645,0.03991095920471488,0.0070354872856819295,0.35943908092807736,0.041181326497287785,0.2589431082717678,0.10490500876705687
2020-09-02,0.0399978837457764,0.005645038251127943,0.03976663118513568,0.005413785690487227,0.3892219723775873,0.033908518282580104,0.2650105196521978,0.08278235598637841
2020-09-03,0.030981972117730017,-0.0006545127600779965,0.0307507195570893,-0.0008857653207187122,0.37744587182028194,0.033167482001662446,0.250756633397904,0.07869289564150878
2020-09-04,-0.02184159179984957,-0.016794744948559814,-0.022072844360490285,-0.01702599750920053,0.43517437780510215,0.03847963472304398,0.28615936076859033,0.08963040260092692
2020-09-07,0.015408092787150718,0.0018705202595032944,0.015176840226510002,0.0016392676988625787,0.4400958769805938,0.03859778715879562,0.2878121887328755,0.08939695773552246
2020-09-08,0.02080589323488269,-0.0033201259317187093,0.020574640674241973,-0.003551378492359425,0.44545953674083844,0.0378023043805007,0.27725172450334545,0.08662646622024857
2020-09-09,0.006326551817310344,-0.003476927967516641,0.0060952992566696285,-0.0037081805281573565,0.44770678154969906,0.03717282882415527,0.2789594577421021,0.08483994566769673
2020-09-10,0.0030616192758423644,0.015184429863450921,0.0028303667152016487,0.014953177302810206,0.44111943133621984,0.036837628013285675,0.27118295278647403,0.08293223410705737
2020-09-11,0.017982745344871542,0.0013276149365679668,0.017751492784230827,0.0010963623759272512,0.45012551129589734,0.036877987782642084,0.27399115063554896,0.08242182068740814
2020-09-14,0.057609804130890785,-0.0021283524468515003,0.05737855157025007,-0.002359605007492216,0.40423298706387484,0.0346120640803233,0.22681354668671197,0.06785101279636234
2020-09-15,0.0378857287030645,0.007145947910690342,0.03765447614242379,0.006914695350049627,0.4816199246819719,0.03951452876362188,0.255360248345553,0.07448805196815517
2020-09-16,-0.0023828523499822563,0.0071820376506051,-0.002614104910622972,0.006950785089964384,0.5029033791157463,0.03874036610547628,0.2627480700318107,0.06987544719067085
2020-09-17,-0.017381001908563176,-0.007622027291120936,-0.017612254469203892,-0.007853279851761652,0.545277179453109,0.040855821204436156,0.2828871492187341,0.07259573486720927
2020-09-18,-0.007402690940570555,-0.0009681588767627147,-0.007633943501211271,-0.0011994114374034304,0.589431033226362,0.0407048289477451,0.29924599333402097,0.07028260422329022
2020-09-21,-0.04929908811166883,-0.02211225483867385,-0.04953034067230955,-0.022343507399314566,0.786346086067073,0.060349870229848265,0.381114682732286,0.09793164983350532
2020-09-22,-0.019469261548639594,-0.00861286032635733,-0.01970051410928031,-0.008844112886998046,0.8159292157258168,0.0700490530227118,0.39376525959023356,0.10977665003414935
2020-09-23,-0.01562897669749208,-0.0019545871070447696,-0.015860229258132796,-0.002185839667685485,0.8435951659918184,0.09356907404842256,0.4016921933036156,0.12219099037249682
2020-09-24,0.010317066288204169,-0.029312272096516434,0.010085813727563453,-0.02954352465715715,0.695222732625939,0.08765755255777756,0.3564725242390196,0.11510031927888768
2020-09-25,0.02801564728239736,0.022645788482354545,0.027784394721756644,0.02241453592171383,0.7189058114725654,0.11354051626769544,0.3782750334647907,0.1406707431392949
2020-09-28,0.03716002775915128,0.016044868187371275,0.036928775198510566,0.01581361562673056,0.7932163320821404,0.13245260064940675,0.412768716927025,0.15800903655181875
2020-09-29,0.02071054212838863,-0.0004586409458945395,0.020479289567747916,-0.0006898935065352552,0.7981177396114622,0.13116590773728648,0.410341468774141,0.15560541977573497
2020-09-30,0.010612090773279403,0.002241001317642377,0.010380838212638688,0.0020097487570016614,0.8007769683629203,0.13480079075233337,0.41104775019296896,0.15516540777583063
2020-10-01,0.001414450743861373,0.015061092732783665,0.0011831981832206573,0.01482984017214295,0.7810837690355504,0.1419887302211487,0.4011456403069589,0.16084394703440288
2020-10-05,-0.009037740221854551,0.0075676439490797165,-0.009268992782495267,0.007336391388439001,0.7606470613020674,0.14362902984517983,0.3900811876990397,0.15796591704878374
2020-10-06,-0.01713252283400246,0.013826475474619793,-0.017363775394643177,0.013595222913979077,0.692257413041686,0.13629433275263733,0.3540586541314045,0.1477860338522193
2020-10-07,-0.02475149142450117,0.006555187284725372,-0.024982743985141886,0.006323934724084657,0.6890518523600726,0.1819723002469727,0.34593170300392156,0.17126994581501218
2020-10-08,-0.006184587593029978,0.008156676606839941,-0.006415840153670693,0.007925424046199225,0.671002173655687,0.17917706591764013,0.336572128607747,0.1683413849431344
2020-10-09,-0.014565927125277378,0.0067260903253916204,-0.014797179685918094,0.006494837764750905,0.6558758676986344,0.1923285146041721,0.3277480549795314,0.17416243764395065
2020-10-12,0.0003818629496485926,0.0014058853909966196,0.00015061038900787693,0.001174632830355904,0.6441341468941687,0.19253675745927737,0.31386078844068344,0.17348496756343165
2020-10-13,0.03909648390388876,0.0002975290843887368,0.03886523134324804,6.627652374802118e-05,0.6353438493087517,0.18879522522823985,0.30337916581919055,0.16598120552966697
2020-10-14,0.01598517188055304,0.0030625333853533387,0.015753919319912324,0.002831280824712623,0.6653234240216883,0.19010414970380551,0.3157136005527243,0.16659713076302562
2020-10-15,-0.0292507581683642,-0.02428360085835335,-0.029482010729004915,-0.024514853418994065,0.7632314512513615,0.23236130166607963,0.3677245827257492,0.19972197108020318
2020-10-16,0.01893747397251766,0.007028949362235082,0.018706221411876944,0.006797696801594366,0.7769531931755796,0.23537725361764372,0.37155679420549337,0.2016029202364848
2020-10-19,0.007601158374955785,0.009402769621849272,0.00736990581431507,0.009171517061208556,0.7893885197523013,0.24300981766194546,0.3756328370388066,0.20348781982606357
2020-10-20,-0.006004450921073823,0.002000328507897331,-0.0062357034817145385,0.0017690759472566153,0.7885470662415872,0.2510299878810842,0.3739550669869205,0.20787675102146466
2020-10-21,-0.0010307554312809497,0.0034337457642519276,-0.0012620079919216654,0.003202493203611212,0.7948568317946252,0.254078228674526,0.3757856726323128,0.20971021482184607
2020-10-22,0.030577630320312243,-0.0034512817819539743,0.030346377759671528,-0.00368253434259469,0.7767679793612121,0.24793820979518738,0.363850000691967,0.20063276640783065
2020-10-23,0.004118411454048232,0.0028495402835257977,0.0038871588934075163,0.002618287722885082,0.7743142258012684,0.25156394644650704,0.36180152456806725,0.20291680151090172
2020-10-26,-0.018998302807922918,-0.013629073304543216,-0.019229555368563633,-0.013860325865183931,0.8642737846296822,0.26756902194948073,0.4015814546693618,0.21506828542579834
2020-10-27,0.017216341354608478,0.010337608346965288,0.016985088793967762,0.010106355786324572,0.8681658432169364,0.27852116719667985,0.40304918583105614,0.22216203547726415
2020-10-28,0.005690484120129957,-0.013440608945763599,0.0054592315594892415,-0.013671861506404315,0.841212941907959,0.2917006014947306,0.3943769496488436,0.22872564849110344
2020-10-29,0.026625462904146913,-0.005012942184360991,0.026394210343506197,-0.005244194745001707,0.8260117083941071,0.3306683771323145,0.38605302290662924,0.23396449811027598
2020-10-30,0.02501672023600765,-0.002433373422367602,0.024785467675366935,-0.0026646259830083174,0.857787951188684,0.324689849278592,0.38997512828507813,0.22745710539154845
2020-11-02,-0.02097623281485128,0.002297636149117599,-0.021207485375491997,0.0020663835884768833,0.9068519096768296,0.3258183664960846,0.3972209639352376,0.2260547003007659
2020-11-03,-0.007560035437177759,0.01237019016319918,-0.007791287997818475,0.012138937602558464,0.8621707936797672,0.3163129511724499,0.3806450263633434,0.21919067144769738
2020-11-04,-0.0017190398590427591,0.008041647267956087,-0.0019502924196834748,0.007810394707315371,0.8661081233892738,0.3147428557927359,0.3820944711127509,0.21820344035269104
2020-11-05,0.02547473278428347,0.017785598915690537,0.025243480223642756,0.01755434635504982,0.878103247701498,0.3300409613078406,0.40498182459249227,0.2288828037099163
2020-11-06,-0.0061067031954619155,0.011819014571289532,-0.006337955756102631,0.011587762010648817,0.8288298216888699,0.3220057676204277,0.39063089195082107,0.22333157280491547
2020-11-09,0.005741876918454736,0.016104635537461442,0.00551062435781402,0.015873382976820727,0.8169810271742188,0.3303468499497368,0.395927781970948,0.22822681686455515
2020-11-10,-0.02156344044163927,0.01364650710436388,-0.021794693002279986,0.013415254543723165,0.747893114332402,0.31992350743802495,0.3626618695688526,0.21461029522938158
2020-11-11,0.03478282899787444,0.009346041508720315,0.03455157643723372,0.0091147889480796,0.76754912513218,0.33147082321995675,0.36992849046333126,0.21966008098127834
2020-11-12,0.026440937505531892,-0.004576821525331454,0.026209684944891176,-0.004808074085972169,0.7363485217716842,0.3400172546639859,0.35055693060633397,0.2143128592246948
2020-11-13,0.027931909257913334,0.002296970330761372,0.02770065669727262,0.0020657177701206564,0.7392005712509527,0.34022541463591605,0.3489468353748756,0.21279034693821078
2020-11-17,0.0196440990164215,0.012126619808373373,0.019412846455780786,0.011895367247732658,0.7515933187565246,0.3614863599956624,0.3539195762263244,0.2235299533596292
2020-11-18,0.004869017853747826,0.004975051165572175,0.00463776529310711,0.0047437986049314596,0.7496195927473833,0.3619670109820937,0.3532018971006363,0.22390392818748792
2020-11-19,-0.008317482114322927,-0.01287266861341374,-0.008548734674963643,-0.013103921174054456,0.7667126108114881,0.3691134276922477,0.36286212657484346,0.22901896857944973
2020-11-20,0.03313600840518105,0.00683930941371913,0.032904755844540334,0.0066080568530784145,0.7807711902629583,0.3757408330816918,0.36607317432063025,0.23071149603273836
2020-11-23,0.04440759605953826,0.005241475198302092,0.04417634349889754,0.005010222637661377,0.7641275181208688,0.4160283822618862,0.35912644409955574,0.24321842021202408
2020-11-24,0.015435994136343778,0.0099563448098976,0.015204741575703062,0.009725092249256884,0.7661968624750418,0.4342336941209516,0.3613216271463342,0.2516701901143636
2020-11-25,-0.026892897014724526,-0.015070680468092346,-0.027124149575365242,-0.015301933028733061,0.8188026490898421,0.4695458650092098,0.38635729654708784,0.2713910476524171
2020-11-26,-0.006516793970939516,0.010001213639976747,-0.006748046531580232,0.009769961079336031,0.7968275013634639,0.4888448749607558,0.37668506141895924,0.27714044088107515
2020-11-27,0.028477727328920732,-0.001389836350773832,0.028246474768280017,-0.0016210889114145477,0.7798260493362247,0.4937438100832667,0.36628314260359135,0.2764047253860149
2020-12-01,0.02279460049833615,0.010802694687318537,0.022563347937695433,0.010571442126677821,0.6635129653390077,0.5063754072456643,0.3136047011581765,0.2829311549470218
2020-12-02,-0.0024176286655147594,0.0003585458429504751,-0.002648881226155475,0.00012729328230975945,0.6441546045769153,0.506253354817775,0.3089007029188766,0.28247812650155346
2020-12-03,-0.0030251146388489136,0.0015365849299400214,-0.0032563671994896293,0.0013053323692993057,0.6290059015225503,0.513590790880404,0.30662685022013564,0.2855221330473084
2020-12-04,0.004201382968836986,0.009490662358873525,0.003970130408196271,0.00925940979823281,0.6328778522387226,0.5109944711047493,0.3128883777015,0.2847592964665702
2020-12-07,-0.01676130599025283,0.007331133249439903,-0.016992558550893544,0.007099880688799187,0.5658114783127187,0.50341502066029,0.27374882509599663,0.2771634122252611
2020-12-08,-0.0013585716449223684,0.002785331809333158,-0.001589824205563084,0.0025540792486924424,0.5668857084319958,0.5058537294397972,0.27441331078235975,0.2782255858860825
2020-12-09,-0.006485815504657766,0.010165752285866914,-0.0067170680652984815,0.009934499725226198,0.5656394989124346,0.5090189370537855,0.2745681476018865,0.2741673706256578
2020-12-10,-0.010903745835859624,-0.0037548548058806697,-0.01113499839650034,-0.003986107366521385,0.5830194409570474,0.5182890740712021,0.28172710021815783,0.27860388711073836
2020-12-11,0.00583709547245026,0.002637558535026452,0.005605842911809544,0.0024063059743857362,0.6015733457048498,0.5252402768188116,0.28723198814934353,0.278499558225722
2020-12-14,-0.011318025847667168,0.0032781762806703973,-0.011549278408307884,0.0030469237200296817,0.6030399238865473,0.530030481127303,0.28737268387022236,0.2795708422673614
2020-12-15,0.0050860219015478325,0.0007153791977927426,0.004854769340907117,0.000484126637152027,0.6459606214183061,0.5289362604358504,0.32434810708600065,0.2787133379073495
2020-12-16,0.011325229162506112,0.008464907059269056,0.011093976601865396,0.00823365449862834,0.6277092228493322,0.5547744112866575,0.3227713199751982,0.2883721969418942
2020-12-17,0.021144156056777552,0.004238929390550483,0.020912903496136837,0.004007676829909768,0.637877599752927,0.5707243569473449,0.32573841210451854,0.29386218667242825
2020-12-18,-0.00446193057740063,0.0014445849987885229,-0.004693183138041346,0.0012133324381478072,0.614581281199847,0.574236746258126,0.31368678787227516,0.29522989539211947
2020-12-21,-0.04448904883195093,-0.0314049525779333,-0.044720301392591644,-0.031636205138574014,0.7377776615217506,0.6699088177153363,0.3921686369092872,0.3487388569398145
2020-12-22,0.019115674845552322,0.010346283876607965,0.018884422284911606,0.010115031315967249,0.6196748584138653,0.6860944030246676,0.3340632336267103,0.3528465805571928
2020-12-23,0.0135407332322246,0.010010159185716239,0.013309480671583884,0.009778906625075523,0.5941917986889446,0.687291899055485,0.32184976808796695,0.3539593379995559
2020-12-24,0.0059819016689490745,0.01089253037474136,0.005750649108308359,0.010661277814100645,0.575805705418043,0.6892480480040399,0.31565060482773355,0.35546161759234074
2020-12-28,0.011056013002428422,0.009015051389166695,0.010824760441787706,0.00878379882852598,0.7177262693290398,0.6906995860979743,0.36083367788821186,0.35561676506007206
2020-12-29,-0.0002504537231771131,0.004281594241144937,-0.00048170628381782876,0.004050341680504221,0.6844264879970848,0.6888370022923496,0.33685430203625405,0.3545266531950572
2020-12-30,0.0064189775404825955,0.003542094606974411,0.00618772497984188,0.003310842046333695,0.6267122373861045,0.7020318436103955,0.31145248046710783,0.36016018590570326
2020-12-31,-0.004022171048521539,-1.4318125132972703e-05,-0.004253423609162255,-0.00024557068577368835,0.645649873333199,0.7056636598021396,0.3222810946077269,0.36051292688962383
2021-01-01,0.01118226330702532,0.0026284263414808606,0.010951010746384604,0.002397173780840145,0.6461413540912626,0.7060386702329511,0.3224396136121552,0.3604411655981503
2021-01-04,0.012016873814052031,0.00816067272711063,0.011785621253411316,0.007929420166469914,0.6744188498999668,0.7113211555548704,0.3324340807688798,0.3612205433366718
2021-01-05,0.002641863532470312,0.004712380865514287,0.0024106109718295965,0.004481128304873572,0.6872752661035063,0.7100401430634531,0.33972008902380607,0.3606972615771491
2021-01-06,0.014700793634007336,-0.0037501320469031096,0.01446954107336662,-0.003981384607543825,0.729028195788168,0.6989614610912327,0.3614868160460982,0.35405606038889464
2021-01-07,0.004448262713209417,-0.0006291696120880319,0.004217010152568701,-0.0008604221727287475,0.7507875967106732,0.7101319991122876,0.3809806759336595,0.35942047028314356
2021-01-08,-0.017411636493773308,0.014847223590326086,-0.017642889054414024,0.01461597102968537,0.6923418489853974,0.675516449111224,0.3517932872644273,0.34179413364576905
2021-01-11,-0.028145840806355515,0.009583718134137165,-0.02837709336699623,0.009352465573496449,0.6600048014691872,0.652998632581058,0.3302728314829831,0.3275295236279951
2021-01-12,-0.009254302997345198,0.005433314024232416,-0.009485555557985914,0.005202061463591701,0.6517730902519534,0.6428873680537173,0.3247551923009957,0.3170396526755171
2021-01-13,-0.012646247949691825,9.609083312889233e-05,-0.01287750051033254,-0.00013516172751182332,0.6819427138560018,0.6464526416882791,0.34752347344765533,0.31778702862375047
2021-01-14,0.0370749125131522,0.002111247340323086,0.03684365995251149,0.0018799947796823702,0.6750875677994416,0.6587183480532612,0.33611801421374393,0.31972925188487356
2021-01-15,-0.012004621584119857,-0.011092344158201595,-0.012235874144760572,-0.01132359671884231,0.6041505164216295,0.682728061405694,0.29017568859316484,0.3307167928676589
2021-01-18,-0.01501802194730939,-0.010558650142566628,-0.015249274507950106,-0.010789902703207344,0.6271892767353199,0.6969699714855299,0.30572843976825637,0.33749681814451676
2021-01-19,0.024582707797501824,0.016794730817062842,0.024351455236861108,0.016563478256422126,0.6608193407162647,0.7158895217903315,0.3238593798000943,0.346886614699193
2021-01-20,0.008829545162194918,0.008508265623863087,0.008598292601554203,0.008277013063222372,0.6590604874635202,0.7165492501758038,0.32460985597078085,0.34741213405132804
2021-01-21,0.0032136017473318734,-0.0037112802046228577,0.0029823491866911578,-0.003942532765263573,0.6548869208189282,0.7190697081812565,0.3244197765641458,0.34878534086531
2021-01-22,-0.013086744218519408,-0.014972171647596122,-0.013317996779160124,-0.015203424208236838,0.713102515703479,0.7289950124810926,0.3667594627016778,0.35654479726816685
2021-01-25,0.005391171391972538,-0.009254169343308138,0.005159918831331822,-0.009485421903948854,0.6903790690040207,0.7210708997775218,0.36009565029532925,0.35380520571472257
2021-01-27,-0.005021406241022208,-0.019060488041877988,-0.005252658801662924,-0.019291740602518703,0.6323440856442109,0.7395515368272975,0.34010765768382717,0.36725389548934984
2021-01-28,-0.01590709834366455,-0.010735650281904374,-0.016138350904305265,-0.01096690284254509,0.6482326688619844,0.7520949153580971,0.3502685576190816,0.37272883025204634
2021-01-29,-0.02402647123233992,-0.013240422354072856,-0.024257723792980634,-0.013471674914713572,0.7310361770196584,0.7733480441833219,0.3873276699198813,0.38200299719473557
2021-02-01,0.015247991438121833,0.047423511101338356,0.015016738877481117,0.04719225854069764,0.6404716916797588,0.6995263990502227,0.39660875259500883,0.3731854693424932
2021-02-02,0.007992951271912574,0.02567357148195737,0.007761698711271858,0.025442318921316653,0.6339831955170133,0.6990267219827374,0.408969208927602,0.37550082351213654
2021-02-03,0.01678092634289885,0.009701122671723184,0.016549673782258134,0.009469870111082468,0.6369398828375269,0.7174802180794936,0.4160301094403418,0.38210194559155947
2021-02-04,0.02621100079928107,0.0071467580293813615,0.025979748238640354,0.006915505468740646,0.6633535004529831,0.7242549086842311,0.42740127889594515,0.384451068716318
2021-02-05,-0.0075966257399442405,0.0019199973566108586,-0.007827878300584956,0.001688744795970143,0.6703116883407356,0.7302776991897965,0.4303347910927123,0.38669768782425434
2021-02-08,0.025234016513054014,0.01283480273296811,0.0250027639524133,0.012603550172327393,0.6663607609230273,0.7427632964380342,0.4248095947381132,0.4005218112360212
2021-02-09,0.027695581029710814,-0.0004300136336804483,0.0274643284690701,-0.000661266194321164,0.67023746288642,0.7324923252694824,0.4210120633200613,0.39708300638086713
2021-02-10,-0.0016145752620245757,-0.00018530340410816137,-0.0018458278226652913,-0.000416555964748877,0.6840757110775892,0.7377402695000391,0.4251136364136507,0.40264624823365525
2021-02-11,0.0064398443939504,0.004421924647502795,0.0062085918333096846,0.0041906720868620795,0.7309127742088402,0.734956357685305,0.4588458011243098,0.40177572679370943
2021-02-12,-0.008331164599101437,-0.0006590524229219685,-0.008562417159742153,-0.0008903049835626842,0.7138374859098481,0.7345051202131089,0.4563252481599749,0.40176385276503623
2021-02-15,0.0011726234326181473,0.00998465984153385,0.0009413708719774316,0.009753407280893134,0.7343130002546022,0.7271708105282978,0.47568482769788667,0.39665894965139
2021-02-16,0.016457160269151228,-8.162092525865194e-05,0.016225907708510512,-0.0003128734858993676,0.7304956624710379,0.7251401187065954,0.4792105623091715,0.3949646232481592
2021-02-17,0.011850547518360122,-0.006827318687430917,0.011619294957719406,-0.007058571248071632,0.6991813586019541,0.7173120484315885,0.46143031413037233,0.390526994317024
2021-02-18,0.02390448738778539,-0.005914312869584326,0.023673234827144674,-0.006145565430225042,0.6698510490909243,0.7034738022215745,0.43885913130426324,0.38259935785787624
2021-02-19,0.008812887037719097,-0.009074717063029758,0.008581634477078381,-0.009305969623670474,0.6463793796654995,0.6994711490467248,0.42208424870134836,0.3805689263768446
2021-02-22,0.004142642679444863,-0.020428174591586412,0.003911390118804148,-0.020659427152227128,0.5886716235724542,0.6764954708076242,0.40704336680951286,0.3745985049685615
2021-02-23,0.040858959091296,0.0021872625461001327,0.04062770653065528,0.001956009985459417,0.573774612189743,0.6606335852139132,0.3998254888528504,0.3674603343222587
2021-02-24,-0.01197746417574741,0.01864318245786234,-0.012208716736388125,0.018411929897221624,0.5171378824254962,0.6300594112710118,0.3641411581172684,0.3525300059894456
2021-02-25,-0.0036753164421098328,0.007699213013950157,-0.003906569002750548,0.007467960453309441,0.4644195677875904,0.6262106780676205,0.33009047026643995,0.3502067400890753
2021-02-26,-0.0066581152386987474,-0.03763569324758598,-0.006889367799339463,-0.03786694580822669,0.4399101708136978,0.5955674001582385,0.34138914823171873,0.34940480507964916
2021-03-01,0.0004077903118910875,0.015995389118723446,0.00017653775125037185,0.01576413655808273,0.43636876059871144,0.5811756947297436,0.34900498747831704,0.3432769760416956
2021-03-02,-0.007737218619409569,0.010672985341787733,-0.007968471180050285,0.010441732781147017,0.409215955034302,0.5155947546198998,0.330485058663243,0.30800118039374325
2021-03-03,0.002644907398884566,0.021884698711632122,0.0024136548382438505,0.021653446150991407,0.3930611914695214,0.49129896776244397,0.3238796229478818,0.300714494660425
2021-03-04,0.03189572766978621,-0.010812930524138231,0.031664475109145496,-0.011044183084778947,0.3483855784245837,0.4588103565449903,0.28190762800924,0.28375869857310565
2021-03-05,-0.026564454773189805,-0.009459104528952489,-0.02679570733383052,-0.009690357089593205,0.3778248074736027,0.48095405074386816,0.29876514863318504,0.2976435863423152
2021-03-08,-0.002574357986811826,0.0012117060677612201,-0.0028056105474525417,0.0009804535071205045,0.38950469339117166,0.46184881567441055,0.3109095312985979,0.2848511689489603
2021-03-09,0.0005013614387723297,0.00950777560179139,0.0002701088781316141,0.009276523041150675,0.3859897224306497,0.45899895598348656,0.3090697560758584,0.28386742844116036
2021-03-10,0.01309634918291036,0.005060099883821945,0.012865096622269645,0.004828847323181229,0.39883521779604264,0.46666586871763527,0.3183498152995975,0.2890332518022901
2021-03-12,0.0046067025604186185,-0.009479506235763657,0.004375449999777903,-0.009710758796404373,0.3859756473333732,0.4642251005798393,0.31147812539406,0.2884452281961983
2021-03-15,0.01549421373350901,-0.006749419963093084,0.015262961172868295,-0.0069806725237338,0.3733814317538431,0.46164527346966056,0.3010428807204183,0.28571318049583166
2021-03-16,0.03036433870442834,-0.001275984104457617,0.030133086143787624,-0.0015072366650983327,0.36822019539228174,0.4567037363512139,0.2927257910536363,0.28118662973087283
2021-03-17,-0.047123199911044855,-0.012685759862868795,-0.04735445247168557,-0.01291701242350951,0.4292417780765715,0.5093226959023025,0.3202639473696069,0.31630259591131304
2021-03-18,-0.020563886654645813,-0.011102973071742905,-0.02079513921528653,-0.011334225632383621,0.4469858454338734,0.5130451856424787,0.33079512292931357,0.3222033261019227
2021-03-19,0.025778324563051624,0.012786942826028547,0.02554707200241091,0.012555690265387831,0.4610868944215165,0.5262275763404803,0.34157554807470414,0.3295698452330895
2021-03-22,0.009000597157164059,-0.000515437423697751,0.008769344596523343,-0.0007466899843384667,0.46021507474067797,0.5163135832032483,0.34116355919217123,0.3240638431160462
2021-03-23,0.02688738858367623,0.00531673999743143,0.026656136023035515,0.005085487436790714,0.35755246346160996,0.518691444158694,0.26397820746638334,0.3240566066381956
2021-03-24,-0.00819624830764698,-0.017911176994211853,-0.008427500868287696,-0.018142429554852568,0.35750992248575925,0.4626022740633854,0.2685119994755863,0.29671851548984496
2021-03-25,-0.030980435369655224,-0.015430189146808937,-0.03121168793029594,-0.015661441707449653,0.3975514356295376,0.47860161405680357,0.2926564842327815,0.3062079736380191
2021-03-26,8.051127272290515e-05,0.012733031929623273,-0.0001507412879178105,0.012501779368982557,0.3897719687997693,0.468676444197356,0.28747822945173335,0.30206326581846366
2021-03-30,-0.014301093062540904,0.02328481586755049,-0.01453234562318162,0.023053563306909775,0.3326308337854284,0.4730586092311847,0.2489016021508323,0.29872834273106014
2021-03-31,0.006293973790238994,-0.010400699094332388,0.006062721229598278,-0.010631951654973104,0.3261044817560131,0.4487503556489256,0.24535598075393011,0.28325252818123214
2021-04-01,0.006368046826233709,0.012024574166918489,0.006136794265592993,0.011793321606277773,0.32543640717712174,0.424810319772958,0.24614706719326523,0.2710310992652241
2021-04-05,-0.014666491939115067,-0.015439860548026041,-0.014897744499755783,-0.015671113108666757,0.3423931215504511,0.4391538053024147,0.26036914215099394,0.28265801750239444
2021-04-06,0.03935820219263664,0.003122067245233451,0.03912694963199592,0.002890814684592735,0.34844691563697683,0.4411336068289927,0.25680340542025437,0.27967399347998645
2021-04-07,0.029172713150714902,0.009231436965811968,0.028941460590074186,0.009000184405171252,0.3615229519553644,0.4569492999990247,0.26288767220658216,0.2864745086349696
2021-04-08,0.0068790731995200805,0.0036945688638336804,0.006647820638879365,0.003463316303192965,0.36288305668016974,0.46226349156318175,0.26372407701965533,0.29011727087338135
2021-04-09,0.0019085285446271971,-0.0026187118170183377,0.0016772759839864815,-0.0028499643776590533,0.3682374626976763,0.4814359741236743,0.2683114629419509,0.30268538281777774
2021-04-12,-0.05367867320055686,-0.03532558930400764,-0.053909925761197575,-0.03555684186464836,0.4918986732873756,0.5731546922483673,0.3528183525405236,0.36414813297612414
2021-04-13,0.008483386377032831,0.013556195506029933,0.008252133816392115,0.013324942945389218,0.5228012710037382,0.5766741545788864,0.3772388039076578,0.3677538838072895
2021-04-15,-0.012376671915156456,0.005284484560774683,-0.012607924475797172,0.005053232000133967,0.5424614531420302,0.5790251653933928,0.3965019694069583,0.36944703484927066
2021-04-16,0.026226812452833315,0.002496282165007191,0.0259955598921926,0.0022650296043664753,0.5529790740057736,0.5799605116321528,0.40063701360685056,0.36806304627422565
2021-04-19,-0.027637447624780043,-0.017676978554819645,-0.02786870018542076,-0.01790823111546036,0.5825468373291208,0.6042223711830321,0.4211146736169,0.38845416023047297
2021-04-20,0.011958006034771484,-0.004390823034999047,0.011726753474130769,-0.004622075595639763,0.572949512332998,0.5994238518810561,0.42383927729472254,0.38607597726853604
2021-04-22,-0.008779484454720099,0.007676757575422188,-0.009010737015360815,0.007445505014781473,0.5556635159926032,0.5680863229056966,0.41082165329123554,0.3633516099043546
2021-04-23,0.01970708055356596,-0.004498133053794207,0.019475827992925243,-0.004729385614434922,0.5382845792167296,0.5576122034025177,0.3970253072358282,0.3566527742431544
2021-04-26,-0.004465039365940449,0.010016518287169873,-0.004696291926581164,0.009785265726529158,0.511314999664928,0.5516946323302447,0.3776681768936747,0.3527461764515351
2021-04-27,0.010698077292805142,0.011601643402658013,0.010466824732164426,0.011370390842017297,0.5119493244792251,0.5526604858126524,0.3788644577387785,0.35455041138183535
2021-04-28,0.011725243445104727,0.014433855260107098,0.011493990884464012,0.014202602699466382,0.5141311298594581,0.5537691335122069,0.38266979688051095,0.35669052738687884
2021-04-29,-0.005149722827381131,0.0020418099664161193,-0.005380975388021847,0.0018105574057754037,0.5026057251955672,0.562454959137449,0.3721613638150651,0.3646964148671659
2021-04-30,-0.014948824898215918,-0.017710812045177438,-0.015180077458856633,-0.017942064605818153,0.5210355843198753,0.5706114618916848,0.38674689207973245,0.372380664486486
2021-05-03,0.015642039293070287,0.00020851346320172048,0.015410786732429571,-2.273909743899516e-05,0.5239504111393866,0.5576112876901786,0.3821462775167918,0.36313285655730565
2021-05-04,0.007332044040464281,-0.00940610742344028,0.007100791479823565,-0.009637359984080995,0.5036528657429039,0.5474689984796701,0.3698135351652238,0.35772913663019534
2021-05-05,0.008800567582788021,0.0083709591539336,0.008569315022147306,0.008139706593292884,0.4798789013025211,0.5566984171267704,0.3561875259365744,0.36178374876856306
2021-05-06,0.030466481644377152,0.0073164109749706,0.030235229083736437,0.007085158414329884,0.5478763951532776,0.5742225920017809,0.36462468538928683,0.3721505581681492
2021-05-07,0.006226097071312164,0.006679247748155426,0.005994844510671449,0.00644799518751471,0.5744226332072229,0.5800238313184806,0.37073312514451073,0.3779385039048193
2021-05-10,-0.0032182403062172016,0.008041422748121585,-0.0034494928668579172,0.007810170187480869,0.5573114174336619,0.5768970282548491,0.3599492230013867,0.37882698017983163
2021-05-11,-0.011878445261125359,-0.006130201191218876,-0.012109697821766074,-0.0063614537518595915,0.5515837018737205,0.5920171844354359,0.35811660839859016,0.3877439871011193
2021-05-12,-0.016062615827840743,-0.0103866808073666,-0.01629386838848146,-0.010617933368007315,0.5691912967116575,0.6037168889187909,0.3694231102571694,0.3949128789669884
2021-05-14,0.007161326888091901,-0.0012724250884564858,0.006930074327451186,-0.0015036776490972015,0.5481397872594115,0.591730176993051,0.3562725393806641,0.38650970030439613
2021-05-17,0.004758200881103569,0.01671576048197254,0.0045269483204628536,0.016484507921331826,0.5354107707517879,0.594174133475446,0.3583839131953638,0.38989596378065366
2021-05-18,0.008547638144013714,0.012393443335275034,0.008316385583372998,0.012162190774634318,0.5342085911663115,0.5985793165186145,0.3603296674731467,0.3916565265580459
2021-05-19,0.012240071077349146,-0.005159432408138875,0.01200881851670843,-0.005390684968779591,0.5272664047909073,0.6162521888964014,0.3551584183753489,0.40484544964902075
2021-05-20,0.004099586864857674,-0.00825677606093067,0.0038683343042169582,-0.008488028621571386,0.5222532593871972,0.6010235122759421,0.3540305505939028,0.39991695672986705
2021-05-21,0.005262749750040818,0.01806313567497475,0.005031497189400103,0.017831883114334035,0.5161390142702988,0.6021407587923417,0.3539437376228644,0.4060630916204322
2021-05-24,0.012849503337054369,0.001476108604989923,0.012618250776413653,0.0012448560443492074,0.5175293915846194,0.6010465220438348,0.35562899612877485,0.4079848853220927
2021-05-25,-0.01102766806008848,0.0007073438653115716,-0.011258920620729196,0.0004760913046708559,0.5250536345528113,0.5956021973766276,0.358971016010695,0.4033470634421544
2021-05-26,-0.006378401974638459,0.006115021504864648,-0.006609654535279175,0.005883768944223933,0.5328507846710465,0.5924165162928009,0.3675167448216684,0.4008527164171726
2021-05-27,0.008801164713164278,0.002378821196545866,0.008569912152523562,0.0021475686359051505,0.5449408192337557,0.5903138081844372,0.3742534264397825,0.397621635815715
2021-05-28,-0.005671096787623231,0.006376433707514062,-0.005902349348263947,0.006145181146873346,0.5680983093288072,0.5789518151431587,0.3814064767206197,0.39418052415463795
2021-05-31,0.0016528925728873656,0.009533088035724946,0.00142164001224665,0.00930183547508423,0.558507478144075,0.5680613687331166,0.390792637858602,0.39653461448490074
2021-06-01,-0.0024416424031189488,-0.0005101904286871628,-0.0026728949637596644,-0.0007414429893278784,0.6043375432570021,0.5645414021972807,0.4176351601557561,0.3941181449729772
2021-06-02,0.02522496768007798,8.67158252806366e-05,0.024993715119437265,-0.00014453673536007905,0.6105343590156349,0.5432695368548478,0.41532486559695103,0.37816700721765556
2021-06-03,0.016528925681156714,0.0073284506253876724,0.016297673120516,0.007097198064746957,0.6914929934509466,0.553603618157289,0.43050112146187075,0.3844065126531424
2021-06-04,0.007354159166535146,-0.001281017305247989,0.00712290660589443,-0.0015122698658887046,0.7139371699410917,0.557280987103209,0.438072386243329,0.39043896838233333
2021-06-07,0.008318264864289437,0.0051945814919991395,0.008087012303648722,0.004963328931358424,0.7380772333757103,0.5499991895628682,0.4514773964406205,0.3865770349701005
2021-06-08,-0.011128114328978755,-0.0007333060957773752,-0.011359366889619471,-0.0009645586564180908,0.7882469813254078,0.551345936643945,0.46530286184052355,0.38665418410452107
2021-06-09,-0.015465757296636795,-0.006654976944212576,-0.01569700985727751,-0.006886229504853292,0.8643845618908643,0.5577563663741677,0.5146466039003241,0.3902657025641641
2021-06-10,0.023723862651722882,0.0065492869160790335,0.023492610091082167,0.006318034355438318,0.848384269624095,0.564535244875013,0.5074308614991488,0.3920984160173397
2021-06-11,0.0026741747954313055,0.003914130633349666,0.00244292223479059,0.0036828780727089505,0.8474805582915194,0.5721913946552913,0.5075972992753297,0.3992191323350518
2021-06-14,0.009492582061476407,0.0007911718082738162,0.009261329500835691,0.0005599192476331005,0.8597652986291096,0.5723523154081948,0.5116304430266003,0.3991648824130883
2021-06-15,-0.0032200164133909803,0.003630213545097627,-0.003451268974031696,0.0033989609844569113,0.8520249822361582,0.5788051054955623,0.5075633797877136,0.40310302564024647
2021-06-16,-0.024616242673251465,-0.006408632752808119,-0.02484749523389218,-0.0066398853134488345,0.8910551976921053,0.5859832894290985,0.5189251901943736,0.4052665801648628
2021-06-17,-0.0029298854113622985,-0.0048295020472909345,-0.003161137972003014,-0.00506075460793165,0.9138258999963693,0.5865649078123387,0.5332706302008702,0.40595728742345044
2021-06-18,-0.008187204627707723,-0.000513069646403852,-0.008418457188348438,-0.0007443222070445676,0.9253016169674697,0.5893933527108137,0.5501605016972325,0.4083488133726343
2021-06-21,0.005271052181386571,0.004026588209654625,0.005039799620745855,0.003795335649013909,0.849773393463912,0.5896112946094985,0.5329931170864487,0.4085840629085913
2021-06-22,0.007538735211302772,0.0016670371193598932,0.007307482650662056,0.0014357845587191775,0.8260155561427523,0.5879113939676672,0.5199139600002445,0.40707345043813487
2021-06-23,-0.014323246096931475,-0.005439749231269109,-0.01455449865757219,-0.005671001791909824,0.8120166200685452,0.5899277482987579,0.5118741765054572,0.40920290657536323
2021-06-24,-0.01303836143166448,0.006597840798329813,-0.013269613992305196,0.006366588237689097,0.7973533446165069,0.584115509598107,0.501094487030072,0.4044351275817617
2021-06-25,0.019750699995650933,0.0044266891189239654,0.019519447435010218,0.00419543655828325,0.7908935392980543,0.5301826122472788,0.5016770981423654,0.36556650505383936
2021-06-28,-0.006554244974086076,-0.0028782098242977616,-0.006785497534726792,-0.0031094623849384773,0.8117906443857437,0.525621525013288,0.5008884794395537,0.3626804341728554
2021-06-29,0.0015996339255368586,-0.0041891404314852165,0.001368381364896143,-0.004420392992125932,0.7509752076463807,0.5215662580221079,0.46979871016016134,0.3599912054736273
2021-06-30,0.0014775753159061988,-0.0017112919035373597,0.0012463227552654832,-0.0019425444641780754,0.7711079696605433,0.5225171198989959,0.47744283274769367,0.35973208943512636
2021-07-01,0.003954514079184346,-0.002639697229908089,0.00372326151854363,-0.0028709497905488046,0.9136171386998059,0.5195488588854564,0.5460174243725666,0.35751178371159453
2021-07-02,0.017976374506465165,0.002691338986766656,0.01774512194582445,0.0024600864261259403,0.951106323106329,0.5219992291631186,0.5568811258893639,0.35789074138821747
2021-07-05,-0.0013646527944077835,0.007133188273225066,-0.0015959053550484992,0.006901935712584351,0.9538033542654148,0.5188559353811132,0.5537843691069623,0.35607331068776343
2021-07-06,-0.00855414223649864,-0.0010167521731027085,-0.008785394797139356,-0.0012480047337434241,0.9533549824831894,0.5197582034761073,0.541212990320583,0.3563036218013893
2021-07-07,-0.0028014846128392445,0.0038816171589777237,-0.00303273717347996,0.003650364598337008,0.9350052878767198,0.5177697341482087,0.5580721381929734,0.3552493499253182
2021-07-08,-0.005198304177644442,-0.0095562557277451,-0.005429556738285157,-0.009787508288385816,0.8928928227214037,0.5165128594635898,0.5511558360708124,0.35523530058916447
2021-07-09,9.358745289889114e-05,-0.0024224839292732447,-0.0001376651077418245,-0.0026537364899139604,0.8896857929686363,0.5170108650070588,0.5500756306136562,0.35551117391920395
2021-07-12,-0.0025850258928948877,0.00017844744498685117,-0.0028162784535356034,-5.2805115653864476e-05,0.8931148928750222,0.5215133382812841,0.5511925113683485,0.3590776890031587
2021-07-13,-0.0006308562752841418,0.007630985495128417,-0.0008621088359248574,0.007399732934487702,0.6335008843249004,0.5191832638099314,0.38310671301044974,0.3579387627903224
2021-07-14,-0.015958483945003765,0.0026308921169333477,-0.01618973650564448,0.002399639556292632,0.6305290511808366,0.5407470985973394,0.36776813077758747,0.3708678143948753
2021-07-15,0.04025821530354645,0.004431072328003882,0.040026962742905736,0.0041998197673631665,0.6845446318725962,0.5685796022224603,0.3747921243808647,0.38630412193790714
2021-07-16,-0.0053847160737143795,-5.0225736783704455e-05,-0.005615968634355095,-0.0002814782974244201,0.6795864373603897,0.5732944784987081,0.3815410290365524,0.38969270560744756
2021-07-19,-0.011462460218319315,-0.010738912280361723,-0.01169371277896003,-0.010970164841002439,0.594557700631177,0.5781956991311064,0.3339637757113811,0.3948638873769862
2021-07-20,-0.022837607835153095,-0.0076369809214345,-0.02306886039579381,-0.007868233482075215,0.6782313436230781,0.5857750894896576,0.37415013149108933,0.4042036674480782
2021-07-22,0.029870599391129016,0.012279233123449584,0.0296393468304883,0.012047980562808869,0.7789670223350591,0.595275482175995,0.42138989591129244,0.4073735996366021
2021-07-23,0.019808100694633346,0.002022238326785386,0.01957684813399263,0.0017909857661446704,0.8250832015438189,0.5885940365810035,0.4436457771246486,0.4012975108159212
2021-07-26,0.001888880142900451,-0.0019929055322251976,0.0016576275822597353,-0.0022241580928659133,0.8606373730759819,0.5756664374453837,0.45924142200628826,0.392152502714509
2021-07-27,0.006668106798078943,-0.004929081202650898,0.006436854237438228,-0.0051603337632916135,0.8417652691070485,0.5721947733159894,0.44523021468054746,0.38954477821863065
2021-07-28,-0.01777669845626495,-0.002352898858342667,-0.018007951016905666,-0.0025841514189833825,0.8698302188440217,0.576681097604628,0.4406934081031202,0.39006848404666034
2021-07-29,-0.01945913127843235,0.004395444954646832,-0.019690383839073067,0.0041641923940061165,0.8430369078723703,0.5642172553474825,0.42029910300099343,0.3774281686742717
2021-07-30,0.014240625012437391,-0.000976039499086867,0.014009372451796676,-0.0012072920597275827,0.8243194996290271,0.5684252455489218,0.38676260934621265,0.37829203558403035
2021-08-02,0.02444100725883458,0.007746000136419795,0.024209754698193864,0.007514747575779079,0.8744993022506703,0.5817247865266547,0.40797810093924414,0.3802597983338638
2021-08-03,0.028372785498116393,0.015460955882416139,0.028141532937475677,0.015229703321775423,1.0112728737604924,0.5886753153237788,0.4657475116837391,0.38397776159332814
2021-08-04,0.029565553650442666,0.007938242467802281,0.02933430108980195,0.0077069899071615655,1.0627363564182009,0.580062533207148,0.475660846309936,0.3764903046019147
2021-08-05,-0.011093539281412657,0.0022018725316477195,-0.011324791842053372,0.001970619971007004,1.010885682404516,0.6337963350883439,0.4605212138732264,0.3800131791400679
2021-08-06,-0.014032970582234072,-0.003461233501561467,-0.014264223142874788,-0.0036924860622021827,1.0345120424116263,0.6615785371438844,0.46662551569193705,0.38573037557403916
2021-08-09,0.01458613250802654,0.0012347307242392969,0.014354879947385824,0.0010034781635985812,1.0656529339194158,0.6561450069142668,0.4739986139049159,0.3816050748258174
2021-08-10,-0.028193824037975324,0.0013439090538649445,-0.02842507659861604,0.0011126564932242289,1.0485168841324572,0.6443511444646967,0.44839738030461423,0.371881340477769
2021-08-11,-0.015700351619296282,0.00013208706805212245,-0.015931604179936998,-9.91654925885932e-05,1.030393684790529,0.6463706192614069,0.4279336452523262,0.3718225141277435
2021-08-12,0.013504176044083493,0.005045395484346349,0.013272923483442778,0.004814142923705633,1.0529652308404553,0.6340412731034998,0.43579357857484396,0.3647639522156171
2021-08-13,-0.0017953978773427304,0.010064482340847336,-0.002026650437983446,0.00983322978020662,1.09504074470286,0.628558019014406,0.4374964297137791,0.3661630985352214
2021-08-16,-0.0054238451150735445,0.002054024277023725,-0.00565509767571426,0.0018227717163830093,1.1203171305230344,0.6273670826200909,0.4350919942074826,0.3652492894358532
2021-08-17,0.004313050707958066,0.0031122785775283823,0.00408179814731735,0.0028810260168876667,1.182491610366397,0.626897333584941,0.45620503379408595,0.36492426317653076
2021-08-18,-0.014091991766412959,-0.00275360231817956,-0.014323244327053675,-0.0029848548788202756,1.2813983054447982,0.6299328920154578,0.48027665980563183,0.3660395573727862
2021-08-20,-0.0011539147327365162,-0.007142898400624986,-0.0013851672933772319,-0.007374150961265702,1.4039265079736367,0.6343003259138708,0.49801048614768484,0.3681295005477581
2021-08-23,-0.0276549310911951,0.0027931806783987323,-0.027886183651835816,0.0025619281177580167,1.3760972483029013,0.6294928993558716,0.47687346906305644,0.3619531778010549
2021-08-24,0.02387709664162152,0.007768362083601765,0.023645844080980805,0.00753710952296105,1.4243721395126583,0.6494184593115272,0.4926209054122092,0.3713093566644004
2021-08-25,-0.005539573590065627,0.0006045728309951315,-0.005770826150706343,0.00037332027035441584,1.4657148584486421,0.6646056320056505,0.5039521629705039,0.38157647892590596
2021-08-26,-0.0011437032790999613,0.00013525983096518424,-0.001374955839740677,-9.599272967553141e-05,1.462134183558544,0.6764632202914996,0.5037442135220331,0.38699920042630376
2021-08-27,0.013706959445520805,0.004105261588480014,0.01347570688488009,0.003874009027839298,1.518467558367767,0.7117016314299063,0.5183752817627949,0.3984629172480037
2021-08-30,0.009598590779408722,0.013519836521704187,0.009367338218768007,0.013288583961063472,1.5043809993469164,0.7072085012313726,0.5244527721689402,0.4071633891589297
2021-08-31,-0.009406178299835144,0.011880446175423387,-0.00963743086047586,0.011649193614782671,1.3578559608176075,0.7299357670523676,0.4854749269719612,0.417075494213448
2021-09-01,-0.009890512779285876,-0.00326573477436376,-0.010121765339926592,-0.0034969873350044756,1.3880893135896075,0.7390418202024738,0.5071420807221324,0.4211716931845512
2021-09-02,0.027434150735431206,0.009246783727399066,0.02720289817479049,0.00901553116675835,1.4286209167480641,0.8378383992194866,0.5172101289136006,0.44155132557646426
2021-09-03,-0.008669293859963623,0.005190230833697296,-0.008900546420604338,0.00495897827305658,1.4170263902239728,0.8532101547885503,0.5129326747969636,0.44432552633028105
2021-09-06,0.0008667576465311022,0.0031287476677577253,0.0006355050858903866,0.0028974951071170096,1.4105625676001299,0.8701272764384139,0.510240929242973,0.45166908840185394
2021-09-07,-0.004885702939560033,-0.0009035189246697772,-0.005116955500200748,-0.0011347714853104929,1.4030011627592511,0.910549434580202,0.5094483922806383,0.46156064109423506
2021-09-08,0.013810038530949642,-0.0004953092983268625,0.013578785970308926,-0.0007265618589675782,1.3643588805349125,0.9636547819007477,0.4887402753435076,0.49010502681509494
2021-09-09,-0.0040034898076840575,0.0009075978909154347,-0.004234742368324773,0.0006763453302747191,1.3226984227056722,0.9420181630591007,0.47912092140588985,0.4814037871312549
2021-09-13,-0.011547397023110362,-0.000803098507419775,-0.011778649583751077,-0.0010343510680604906,1.3352271343513125,0.9446260866958304,0.4812639439164193,0.48172879281122494
2021-09-14,-0.004336497879313006,0.001423151293159064,-0.004567750439953722,0.0011918987325183483,1.339420204222001,0.9530340686041079,0.48380330008516415,0.4838425985655867
2021-09-15,0.014820848955866328,0.00802354538262362,0.014589596395225612,0.007792292821982905,1.3664962345586675,0.9548380048663562,0.4951101551727645,0.485340826187512
2021-09-16,-0.025154708998462394,0.006281634763507293,-0.02538596155910311,0.006050382202866578,1.2254851488253093,0.9531235038582061,0.43833869059794034,0.4770520409462861
2021-09-17,0.019216248356540344,-0.002515647600612625,0.01898499579589963,-0.0027469001612533406,1.1853786224967304,0.9640836606468428,0.41625497645799214,0.4802887187561732
2021-09-20,-0.0395080544555817,-0.010705054879733056,-0.039739307016222414,-0.010936307440373771,1.3385657283875003,1.0135688845609137,0.4655238756769639,0.5032564975767779
2021-09-21,0.023567383715506596,0.00949017386246398,0.02333613115486588,0.009258921301823264,1.385599035658634,0.9714035219157642,0.48107809147585523,0.4915205173455814
2021-09-22,0.003871041542877096,-0.0008740239935656202,0.0036397889822363805,-0.0011052765542063359,1.3769019241128728,0.9554262679672968,0.4794017466989559,0.4825721994954274
2021-09-23,0.021777914317533842,0.015746528367181822,0.021546661756893126,0.015515275806541107,1.3719515929464714,0.948685146957538,0.49066556691594687,0.48261764166666316
2021-09-24,0.007066795110346469,0.0016972499684944076,0.006835542549705753,0.001465997407853692,1.4150966861813274,0.951081759582134,0.5061847116838758,0.4839022860903208
2021-09-27,-0.0020297930636985484,0.00010644538279747096,-0.002261045624339264,-0.0001248071778432447,1.3982150509684665,0.9416452363400895,0.5048425328023592,0.4834938608219419
2021-09-28,-0.0008890245272397124,-0.0059646824901542495,-0.001120277087880428,-0.006195935050794965,1.363764955595225,0.9582666006981786,0.4976788654629296,0.48320257174664216
2021-09-29,0.01650159357353953,-0.0021015082285871234,0.016270341012898815,-0.002332760789227839,1.3499262220616552,0.914319485056879,0.4868214782558514,0.45910274806692236
2021-09-30,0.010521047902478431,-0.005259376020738893,0.010289795341837715,-0.0054906285813796085,1.2973355201846295,0.917750702992177,0.4707780810874653,0.45807026173555593
2021-10-01,0.02403842331191597,-0.004886983449795879,0.023807170751275253,-0.005118236010436594,1.2199231835900528,1.0013040853463984,0.43874869021324087,0.4838496598210098
2021-10-04,0.030374243829517367,0.009080467581137563,0.03014299126887665,0.008849215020496848,1.276704188444377,1.0488573032340396,0.4572007274633876,0.4979050130281902
2021-10-05,0.022636189733779233,0.007407660919946268,0.022404937173138517,0.007176408359305553,1.3327106679491527,1.0707468244786842,0.4722256615229369,0.5025621413950864
2021-10-06,-0.00823351822410412,-0.009892144870289554,-0.008464770784744835,-0.01012339743093027,1.3000633084030129,1.0707556649521526,0.47363840738467217,0.49841501048106274
2021-10-07,0.01757954122664196,0.008180302016037588,0.017348288666001244,0.007949049455396873,1.324486054785439,1.0704249076275738,0.48357440395612955,0.5087138569767398
2021-10-08,0.02102903034125303,0.005893622760496431,0.020797777780612314,0.005662370199855715,1.3812830065451067,1.0587385984631068,0.4886598149635536,0.5047335477474654
2021-10-11,0.023589844399112714,0.0028359561343596074,0.023358591838471998,0.0026047035737188917,1.39323141949194,1.0617486591073175,0.4855773515213791,0.5025636774180997
2021-10-12,0.021637321745836102,0.0025632525445875576,0.021406069185195387,0.002331999983946842,1.3931175501329547,1.0666916643017308,0.48158794055152737,0.5013880256010337
2021-10-13,0.031218965742380034,0.00943759784921161,0.030987713181739318,0.009206345288570894,1.4747363618681204,0.9834604214810007,0.5031644196731363,0.4333692568710034
2021-10-14,0.023607801963778208,0.009734787740718787,0.023376549403137492,0.009503535180078071,1.502538988313853,1.0139643848772282,0.5196781322290522,0.44098921340425284
2021-10-18,0.01367230639632333,0.007552396132719963,0.013441053835682615,0.007321143572079247,1.4768801593529266,1.030027890652216,0.5291019889227464,0.44988147062567757
2021-10-19,-0.031107191139968737,-0.003155307734996393,-0.03133844370060945,-0.003386560295637109,1.5328679500857314,1.0535289845496225,0.5355346062570109,0.4561310762334215
2021-10-20,0.0005428027612315312,-0.008260625212080042,0.0003115502005908155,-0.008491877772720757,1.5005920726987592,1.001372243556475,0.520962258117518,0.42945854378699105
2021-10-21,-0.01118420638050499,-0.004844908296702255,-0.011415458941145706,-0.005076160857342971,1.462529183401968,1.0285652543617174,0.5090911239296688,0.44038974517986773
2021-10-22,-0.03355480670254529,-0.003476668084567369,-0.03378605926318601,-0.003707920645208085,1.487814853443328,1.0784462740605076,0.5006702491774986,0.45243836052953645
2021-10-25,0.02559600621403213,0.000579633328010587,0.025364753653391414,0.00034838076736987134,1.4718201392095365,1.1007480295261403,0.492835215224084,0.4583984938617109
2021-10-26,0.02258945429710124,0.007889480889700096,0.022358201736460526,0.00765822832905938,1.5056268444772705,1.1405262665118914,0.501449966378381,0.47115685045315586
2021-10-27,0.03435742661089236,-0.0031448386638428527,0.034126174050251645,-0.0033760912244835684,1.455517137677632,1.112878928698767,0.4720594802677256,0.4501178795130629
2021-10-28,-0.045623045698063525,-0.0194223384240636,-0.04585429825870424,-0.019653590984704317,1.5770674642989313,1.222325608656501,0.5354640772273006,0.49004045377008926
2021-10-29,-0.0030384712551261295,-0.010393515763905459,-0.003269723815766845,-0.010624768324546174,1.5475530786506992,1.2055534940606125,0.5454219277971639,0.4895758282050841
2021-11-01,0.01976214789512709,0.014599655057507821,0.019530895334486376,0.014368402496867105,1.5441698587859136,1.225901188744118,0.5568524139012967,0.48939555761304865
2021-11-02,0.028147417909200723,-0.002270048271341696,0.027916165348560007,-0.0025013008319824115,1.4791996827524518,1.2084820242912973,0.5302205237829722,0.47977535468071414
2021-11-03,0.018626390156533112,-0.0033400508475575075,0.018395137595892397,-0.003571303408198223,1.4213387416031082,1.2243357422369137,0.4995019336056038,0.4802457559524581
2021-11-04,0.025559029678170253,0.004913376165984751,0.025327777117529537,0.004682123605344035,1.403991466030596,1.2389721945296563,0.4928597992532687,0.48127873663969445
2021-11-08,0.04158947743467811,0.008469704042186388,0.0413582248740374,0.008238451481545672,1.473565488456664,1.255561228546393,0.5091428012885818,0.48348514188893976
2021-11-09,0.02861778438491025,-0.001344921435271762,0.028386531824269534,-0.0015761739959124776,1.4222077790566683,1.2433451519978855,0.48821927061646125,0.47402167149404756
2021-11-10,0.03713809569139315,-0.0014991358050348014,0.03690684313075243,-0.001730388365675517,1.3834931689533407,1.2407861986206878,0.46704424881816864,0.4650038018446375
2021-11-11,0.004308739318303223,-0.007970140510272006,0.004077486757662507,-0.008201393070912721,1.344090695612559,1.2103724533206373,0.4724534915918766,0.4564974591657755
2021-11-12,0.012237839819005725,0.012820606684330382,0.012006587258365009,0.012589354123689667,1.2985735791693889,1.1851000224643502,0.4708011657871663,0.44836578336925353
2021-11-15,0.03402851941552587,0.0003700663573213969,0.033797266854885155,0.00013881379668068128,1.284191374368979,1.180840022642118,0.4581582449187184,0.4413888709148189
2021-11-16,0.0290110308066045,-0.006087981951756416,0.028779778245963783,-0.006319234512397132,1.2636022428180438,1.1834945810193558,0.44619935343337075,0.43197641469834
2021-11-17,0.02652869305584149,-0.005586294529162039,0.026297440495200775,-0.005817547089802755,1.2058969589553379,1.1623375980377544,0.4277521217221991,0.41889296572977563
2021-11-18,-0.0030066652800290194,-0.007478195643460861,-0.003237917840669735,-0.007709448204101577,1.2122174743497864,1.177246986422971,0.4339570484429491,0.42569363066494403
2021-11-22,-0.00725767307360059,-0.019603372100156835,-0.007488925634241306,-0.01983462466079755,1.1391285740153965,1.1477856178799588,0.4358925953370117,0.4280149352452233
2021-11-23,0.03915843394220353,0.004983697932798847,0.038927181381562814,0.004752445372158132,1.1677475285198464,1.2311240664044174,0.4363305319720956,0.4411026539445998
2021-11-24,0.01862797901459312,-0.0050446817378146935,0.018396726453952406,-0.005275934298455409,1.1605388427584433,1.2057204793617564,0.44727157661768013,0.43291787336306153
2021-11-25,0.035762117849230446,0.006959452503032093,0.03553086528858973,0.006728199942391377,1.1813038955909132,1.2303900275498156,0.4501130502589469,0.4396324031200332
2021-11-26,-0.017498632782771306,-0.029071254187753914,-0.017729885343412022,-0.02930250674839463,1.1286072409012111,1.176520670615117,0.4760013953520553,0.4519665196447734
2021-11-29,-0.010060614892050679,0.0016151341742889347,-0.010291867452691394,0.001383881613648219,1.1222007565063044,1.174130311977422,0.47079080012615615,0.44977715949824654
2021-11-30,0.018097955313642666,-0.004148599194972014,0.01786670275300195,-0.004379851755612729,1.1084241286268974,1.174903555160278,0.46483313083152317,0.4496261045945906
2021-12-01,-0.0018667005133323755,0.01081664117042136,-0.002097953073973091,0.010585388609780644,1.096980109414893,1.1638079750124999,0.45548142890965354,0.44604596943823216
2021-12-02,0.0,0.013674571102433752,-0.00023125256064071564,0.013443318541793037,1.10675006516466,1.1212638096207066,0.4643832592198228,0.43553720908804155
2021-12-03,0.0,-0.01177768586739425,-0.00023125256064071564,-0.012008938428034965,1.0851359937828722,1.106501577026151,0.46480567860170563,0.4370910484014219
2021-12-06,0.0,-0.01654091957599968,-0.00023125256064071564,-0.016772172136640395,1.0405488711091058,1.0668384369302577,0.4568684006538371,0.4301275935203854
2021-12-07,0.0,0.015636548581649423,-0.00023125256064071564,0.015405296021008708,0.9833041348019685,1.0229941563348741,0.44394391806879235,0.419007833027347
2021-12-08,0.0,0.017060948527881648,-0.00023125256064071564,0.016829695967240932,0.9044082929355444,0.9749281117997798,0.41966793964258936,0.4062174062763336
2021-12-09,0.0,0.002696066593683266,-0.00023125256064071564,0.0024648140330425505,0.8959290822547391,0.9699714649063566,0.41695398857634264,0.40532471238988876
2021-12-10,0.0,-0.00031677089480919296,-0.00023125256064071564,-0.0005480234554499086,0.8974416612053668,0.956644711807491,0.41704589958023003,0.4001404607953165
2021-12-13,0.0,-0.008169055116863166,-0.00023125256064071564,-0.008400307677503882,0.9025673196889709,0.941751256739488,0.4229508906967418,0.39683461280554044
2021-12-14,0.0,-0.002495911181322197,-0.00023125256064071564,-0.0027271637419629124,0.9028170584298036,0.944888222620516,0.4264296669178371,0.39808821438616415
2021-12-15,0.0,-0.005974060321640162,-0.00023125256064071564,-0.006205312882280878,0.9117635407318632,0.9435465027399339,0.432931517410035,0.3987455086954501
2021-12-16,0.0,0.0015678167505297491,-0.00023125256064071564,0.0013365641898890335,0.911480055452199,0.9472678666117724,0.42962030623052605,0.40030851453999133
2021-12-17,0.0,-0.01525945397337003,-0.00023125256064071564,-0.015490706534010745,0.9506529880719305,0.9039888620628237,0.46671611535354385,0.39148561447944613
2021-12-20,0.0,-0.021842546279377872,-0.00023125256064071564,-0.022073798840018588,0.9165330641481727,0.8590416375711214,0.4679658404417954,0.3838339018993925
2021-12-21,0.0,0.00942870544420904,-0.00023125256064071564,0.009197452883568324,0.8152980787752969,0.843152340050695,0.43976951362113204,0.37931636676999386
2021-12-22,0.0,0.011007170994593363,-0.00023125256064071564,0.010775918433952647,0.7683150811758478,0.8263740753675938,0.4164771651726871,0.3738825184602204
2021-12-23,0.0,0.006909306212627531,-0.00023125256064071564,0.006678053651986815,0.7489604702685568,0.8182286970844413,0.40722549470725505,0.37097511022767293
2021-12-24,0.0,-0.004032754879180422,-0.00023125256064071564,-0.004264007439821138,0.7529920757974098,0.8080898701198603,0.40122911478742795,0.36767905381851224
2021-12-27,0.0,0.004851870910828504,-0.00023125256064071564,0.0046206183501877884,0.741690591487335,0.8205406919884248,0.3952708994433798,0.374407623662313
2021-12-28,0.0,0.008603409174043453,-0.00023125256064071564,0.008372156613402737,0.7177407831783955,0.8038454974258081,0.38569317408851456,0.3687630082937382
2021-12-29,0.0,-0.0011402602889762914,-0.00023125256064071564,-0.001371512849617007,0.7128546447691142,0.8007871074722857,0.38225373651129624,0.3676747903611315
2021-12-30,0.0,-0.0005606259494814747,-0.00023125256064071564,-0.0007918785101221903,0.7155368519713589,0.8016446401438786,0.3833195713571286,0.36749316056782927
2021-12-31,0.0,0.008724831757606522,-0.00023125256064071564,0.008493579196965806,0.6961194374851688,0.789872068284811,0.37403323220393925,0.3633042307125764
2022-01-03,0.0,0.015653315812207858,-0.00023125256064071564,0.015422063251567142,0.6605474866738837,0.7608708907290828,0.36306270379266153,0.35422308653331297
2022-01-04,0.0,0.01018687423526421,-0.00023125256064071564,0.009955621674623494,0.6121766389867453,0.745409519590773,0.34066578787528723,0.3493477904622069
2022-01-05,0.0,0.0067395852346920915,-0.00023125256064071564,0.006508332674051376,0.586921963409378,0.7470405921012695,0.32769304239631597,0.35008651477766095
2022-01-06,0.0,-0.010005417462796928,-0.00023125256064071564,-0.010236670023437644,0.5732627159742595,0.7401708538909874,0.3217344670843112,0.34998062958581466
2022-01-07,0.0,0.003764183651131514,-0.00023125256064071564,0.0035329310904907985,0.5602166214221692,0.7412585601860527,0.3134054990445989,0.3506477649642005
2022-01-10,0.0,0.010700318921871732,-0.00023125256064071564,0.010469066361231016,0.5273182669200609,0.7242641980832867,0.2979662664376408,0.34260009736460134
2022-01-11,0.0,0.002913311252602302,-0.00023125256064071564,0.0026820586919615863,0.5168010360617716,0.7218832872882028,0.2937930819459712,0.341281445464191
2022-01-12,0.0,0.008673115731830494,-0.00023125256064071564,0.008441863171189778,0.4964262307689727,0.7118541531420839,0.28511969457153097,0.33777108245474763
2022-01-13,0.0,0.0024956237305924223,-0.00023125256064071564,0.0022643711699517066,0.46261006215317535,0.7187381568681691,0.2682201262699908,0.34027968634865274
2022-01-14,0.0,-0.00011232356375068253,-0.00023125256064071564,-0.0003435761243913982,0.4411650958115527,0.7231955624584779,0.25584126748809893,0.34428756338326943
2022-01-17,0.0,0.0028675682661627455,-0.00023125256064071564,0.00263631570552203,0.43161995411895254,0.709337361663326,0.24954010324612613,0.3430618541208134
2022-01-18,0.0,-0.010653690567923424,-0.00023125256064071564,-0.01088494312856414,0.4159142851415081,0.7035620186307922,0.2519783487480096,0.34337049388923685
2022-01-19,0.0,-0.00964224043394124,-0.00023125256064071564,-0.009873492994581956,0.41630621937235607,0.6893064665545117,0.2526713418572086,0.3370815560487213
2022-01-20,0.0,-0.010112406160797005,-0.00023125256064071564,-0.01034365872143772,0.40793793496339653,0.6641016786647121,0.2510979627447243,0.3291459038557222
2022-01-21,0.0,-0.007875745304668613,-0.00023125256064071564,-0.008106997865309329,0.3924222804637451,0.6409587344959037,0.25490435846454595,0.3194019423875809
2022-01-24,0.0,-0.02656790518738339,-0.00023125256064071564,-0.026799157748024105,0.374588759814803,0.6026450112001388,0.25911619859745894,0.31385463837523286
2022-01-25,0.0,0.007513491221694313,-0.00023125256064071564,0.007282238661053597,0.3465846474563242,0.595751374361301,0.2416754016705291,0.3108436730102726
2022-01-27,0.0,-0.00971173291462768,-0.00023125256064071564,-0.009942985475268395,0.3593509898948192,0.597338044689933,0.25938751343288075,0.3128452959108816
2022-01-28,0.0,-0.0004793161771092791,-0.00023125256064071564,-0.0007105687377499947,0.2332222238234385,0.5911576083511466,0.182823367433527,0.31168897261318457
2022-01-31,0.0,0.0139107178709299,-0.00023125256064071564,0.013679465310289185,0.2033281125323166,0.5837458053603488,0.16101846515134335,0.31299919482186245
2022-02-01,0.0,0.013667938611870323,-0.00023125256064071564,0.013436686051229607,0.16095472366686847,0.5692645599397228,0.12817009677013713,0.30803177041712004
2022-02-02,0.0,0.011557838585399605,-0.00023125256064071564,0.011326586024758889,0.15549002040190352,0.5466911153841555,0.12803067562503248,0.2984053351846504
2022-02-03,0.0,-0.012362248664229525,-0.00023125256064071564,-0.01259350122487024,0.1676235275992896,0.52011510595757,0.14053792442816426,0.28563913882933367
2022-02-04,0.0,-0.0024998826581151823,-0.00023125256064071564,-0.002731135218755898,0.15416700113117085,0.5052657714698142,0.13182929686566383,0.27949732178154446
2022-02-07,0.0,-0.017281112927623465,-0.00023125256064071564,-0.01751236548826418,0.11258491956836818,0.499826766521321,0.10566554413190075,0.2818653581337198
2022-02-08,0.0,0.0030876976246183574,-0.00023125256064071564,0.0028564450639776418,0.11278325633592677,0.4918624185541016,0.11019508499422788,0.27866863342142767
2022-02-09,0.0,0.01141215233034587,-0.00023125256064071564,0.011180899769705155,0.10994351496168267,0.4808085797343505,0.11790938943115999,0.2743308490920385
2022-02-10,0.0,0.008133901085124018,-0.00023125256064071564,0.007902648524483302,0.10811322486740306,0.47713842495134084,0.11599640929935852,0.277658270351313
2022-02-11,0.0,-0.01312629691281364,-0.00023125256064071564,-0.013357549473454355,0.09557255326387881,0.4738359552427057,0.10314722131820044,0.28007388593524657
2022-02-14,0.0,-0.03061622289529342,-0.00023125256064071564,-0.030847475455934137,0.0888752120035904,0.44413188494508343,0.1108594680590742,0.2742962818208758
2022-02-15,0.0,0.03025912638397754,-0.00023125256064071564,0.030027873823336826,0.08943452314736076,0.40874197245337857,0.12704998606703474,0.26121340929034365
2022-02-16,0.0,-0.0017432697608654735,-0.00023125256064071564,-0.001974522321506189,0.10403596376718141,0.41086742704759566,0.15916868958594382,0.2629478185134022
2022-02-17,0.0,-0.001016014719190439,-0.00023125256064071564,-0.0012472672798311546,0.10141561485112995,0.41168717587243814,0.15505494295863947,0.26331582572287426
2022-02-18,0.0,-0.0016353356196504576,-0.00023125256064071564,-0.0018665881802911732,0.08693740174926007,0.40783488155725334,0.13134283995145518,0.26225597504292014
2022-02-21,0.0,-0.004031556958107085,-0.00023125256064071564,-0.004262809518747801,0.0649055823916473,0.4071331373727175,0.12485752211358267,0.2614609760474346
2022-02-22,0.0,-0.006651566067580439,-0.00023125256064071564,-0.0068828186282211545,0.07525920182902923,0.4149950886818798,0.15628384275039797,0.27180410763559026
2022-02-23,0.0,-0.0016937094155936583,-0.00023125256064071564,-0.001924961976234374,0.04566098431899983,0.4059578002282834,0.15611231980251364,0.26688471496084004
2022-02-24,0.0,-0.04778103847083648,-0.00023125256064071564,-0.048012291031477194,-0.010714981470360959,0.3582680889838887,-0.0516429650976716,0.2571091289600367
2022-02-25,0.0,0.025261660109649586,-0.00023125256064071564,0.02503040754900887,-0.008480830488840983,0.33493143678110493,-0.04848979799366826,0.2456742542669719
2022-02-28,0.0,0.008134034290366632,-0.00023125256064071564,0.007902781729725916,-0.0018963390133790049,0.3289274915664208,-0.1061161020636724,0.24189350119299374
2022-03-02,0.0,-0.011191633122935585,-0.00023125256064071564,-0.0114228856835763,1.2427702657460888e-18,0.32939304936346575,inf,0.24177958579582487
2022-03-03,0.0,-0.00649757722841704,-0.00023125256064071564,-0.006728829789057755,1.2626535313292158e-18,0.3451117749147298,inf,0.2532411322441919
2022-03-04,0.0,-0.015317032007332254,-0.00023125256064071564,-0.01554828456797297,1.2519527247796176e-18,0.342090167781488,inf,0.2537191239897027
2022-03-07,0.0,-0.02352668473994779,-0.00023125256064071564,-0.023757937300588505,1.2212715133595482e-18,0.3254982826995425,inf,0.24706398176700284
2022-03-08,0.0,0.009474776509483585,-0.00023125256064071564,0.009243523948842869,1.2402063512904676e-18,0.32599436302586354,inf,0.24869480277728964
2022-03-09,0.0,0.020726290088294297,-0.00023125256064071564,0.02049503752765358,1.2236196494813986e-18,0.31181669588177824,inf,0.24113204775269606
2022-03-10,0.0,0.01526738719047449,-0.00023125256064071564,0.015036134629833775,1.3459971021883621e-18,0.3023292259301824,inf,0.2358610494415098
2022-03-11,0.0,0.0021421537513466316,-0.00023125256064071564,0.001910901190705916,1.1955655474312612e-18,0.3016423732065167,inf,0.23563192280488965
2022-03-14,0.0,0.014482565042708062,-0.00023125256064071564,0.014251312482067346,1.1778403073823624e-18,0.2941916015446576,inf,0.23154284557946
2022-03-15,0.0,-0.012346456503312231,-0.00023125256064071564,-0.012577709063952947,1.1637260570364702e-18,0.29446677517518877,inf,0.2338429231581916
2022-03-16,0.0,0.018745100484606647,-0.00023125256064071564,0.01851384792396593,1.0602848520885268e-18,0.28389383833703435,inf,0.22808716741294202
2022-03-17,0.0,0.018361988356508263,-0.00023125256064071564,0.018130735795867547,1.0997623841580979e-18,0.26968009346274396,inf,0.21872192254756617
2022-03-21,0.0,-0.009802202470463706,-0.00023125256064071564,-0.010033455031104421,1.0755432548131372e-18,0.2824844209005725,inf,0.233349165714904
2022-03-22,0.0,0.011561223252155806,-0.00023125256064071564,0.01132997069151509,1.1484698604740505e-18,0.2791571425202159,inf,0.23229805005895574
2022-03-23,0.0,-0.0040339354552280104,-0.00023125256064071564,-0.004265188015868726,1.2260893436485244e-18,0.25470639333514455,inf,0.2199728233287892
2022-03-24,0.0,-0.0013278937068936791,-0.00023125256064071564,-0.0015591462675343948,1.1831107368433761e-18,0.2461819026153655,inf,0.21353661301994248
2022-03-25,0.0,-0.004049875890900112,-0.00023125256064071564,-0.004281128451540828,1.1857816618557816e-18,0.24702878556288627,inf,0.2142588249103487
2022-03-28,0.0,0.004022619949862971,-0.00023125256064071564,0.0037913673892222555,1.1861744242665158e-18,0.23348834777452676,inf,0.20231132459467313
2022-03-29,0.0,0.005998187274997013,-0.00023125256064071564,0.005766934714356298,1.1667260975688048e-18,0.2310824882500958,inf,0.20036037548115693
2022-03-30,0.0,0.009982465582194733,-0.00023125256064071564,0.009751213021554017,1.1642071032788039e-18,0.22710692507684652,inf,0.19759643456466483
2022-03-31,0.0,-0.001914477162001882,-0.00023125256064071564,-0.0021457297226425975,1.1639153532741715e-18,0.22612877990620722,inf,0.1966061644052838
2022-04-01,0.0,0.011777965258592316,-0.00023125256064071564,0.0115467126979516,1.222996458750885e-18,0.22272562121214762,inf,0.19491808235817942
2022-04-04,0.0,0.021671841339984343,-0.00023125256064071564,0.021440588779343628,1.114747989461812e-18,0.21376842341281876,inf,0.18946446678326434
2022-04-05,0.0,-0.005317557796472028,-0.00023125256064071564,-0.005548810357112743,1.1684679970711318e-18,0.2207557908519509,inf,0.19729583479123525
2022-04-06,0.0,-0.008339180323571727,-0.00023125256064071564,-0.008570432884212442,1.135492897857331e-18,0.20971223834066652,inf,0.1902807956736387
2022-04-07,0.0,-0.00943974110495216,-0.00023125256064071564,-0.009670993665592875,1.2020988952607766e-18,0.20365485136073888,inf,0.18642204078861133
2022-04-08,0.0,0.008208759390795572,-0.00023125256064071564,0.007977506830154857,1.1344784379467045e-18,0.1955345656478724,inf,0.1793771453950257
2022-04-11,0.0,-0.006151497975913078,-0.00023125256064071564,-0.006382750536553794,1.1321049302173004e-18,0.19089474505908768,inf,0.17571631936955456
2022-04-12,0.0,-0.008183810641252287,-0.00023125256064071564,-0.008415063201893003,1.1373442001303975e-18,0.186454676267234,inf,0.17297075271032256
2022-04-13,0.0,-0.0031174816283502382,-0.00023125256064071564,-0.003348734188990954,1.1376655504286433e-18,0.1837091546373478,inf,0.17206131397929533
2022-04-18,0.0,-0.017281188010147552,-0.00023125256064071564,-0.017512440570788268,1.1194621869983258e-18,0.18112619081253165,inf,0.1723684726804114
2022-04-19,0.0,-0.012519178806467801,-0.00023125256064071564,-0.012750431367108517,1.108136383155117e-18,0.16748189984219233,inf,0.16281850316367738
2022-04-20,0.0,0.010490244596548015,-0.00023125256064071564,0.0102589920359073,8.221532215472903e-19,0.15397730608198887,inf,0.15142534452021555
2022-04-21,0.0,0.014941678252146096,-0.00023125256064071564,0.01471042569150538,9.41037577716605e-19,0.14548875425208777,inf,0.14418650632520394
2022-04-22,0.0,-0.012686452605167986,-0.00023125256064071564,-0.012917705165808702,9.37675849725968e-19,0.1412500398932501,inf,0.14502261298523192
2022-04-25,0.0,-0.012695122564301942,-0.00023125256064071564,-0.012926375124942657,9.329185177770954e-19,0.14149878736474925,inf,0.1456129768825475
2022-04-26,0.0,0.014560121616207233,-0.00023125256064071564,0.014328869055566518,1.1862565718930243e-18,0.13428329611934794,inf,0.139711924237222
2022-04-27,0.0,-0.009441443610115341,-0.00023125256064071564,-0.009672696170756057,9.207656833082131e-19,0.12926591216116637,inf,0.14025201439656457
2022-04-28,0.0,0.012128508890934642,-0.00023125256064071564,0.011897256330293926,1.0569977351060885e-18,0.1250217418423721,inf,0.13834785120108042
2022-04-29,0.0,-0.008263240381694681,-0.00023125256064071564,-0.008494492942335397,1.0300517362903781e-18,0.11776449942389312,inf,0.1319005832593858
2022-05-02,0.0,-0.0019559171203674675,-0.00023125256064071564,-0.002187169681008183,1.1069667461394786e-18,0.1225048135348768,inf,0.1419100433519596
2022-05-04,0.0,-0.022936183451936376,-0.00023125256064071564,-0.02316743601257709,1.193785258992512e-18,0.07692891358093223,inf,0.09788453396249572
2022-05-05,0.0,0.00030284821366977077,-0.00023125256064071564,7.159565302905513e-05,1.2135226688008085e-18,0.07406508626515265,inf,0.0941060283076859
2022-05-06,0.0,-0.0162684216398562,-0.00023125256064071564,-0.016499674200496917,1.0758318872642298e-18,0.06306762584018348,inf,0.08112651772413985
2022-05-09,0.0,-0.006666182687180999,-0.00023125256064071564,-0.006897435247821715,1.0872731983011724e-18,0.06597827526809098,inf,0.08739941095587049
2022-05-10,0.0,-0.003790968888092272,-0.00023125256064071564,-0.004022221448732988,1.0978035409276217e-18,0.0686369109428114,inf,0.09199848106254224
2022-05-11,0.0,-0.0044919933245182175,-0.00023125256064071564,-0.004723245885158933,1.0969629550030413e-18,0.06235233736884931,inf,0.08570770749942888
2022-05-12,0.0,-0.022211752141785834,-0.00023125256064071564,-0.02244300470242655,1.0807224584725001e-18,0.04455539661759125,inf,0.06721628229947078
2022-05-13,0.0,-0.0016352232651188903,-0.00023125256064071564,-0.001866475825759606,1.082392610481064e-18,0.04511262614066236,inf,0.0710908831246216
2022-05-16,0.0,0.0038112305721171857,-0.00023125256064071564,0.00357997801147647,1.368177818631575e-18,0.045655146108577384,inf,0.07859522536670177
2022-05-17,0.0,0.026321935902047233,-0.00023125256064071564,0.026090683341406518,1.0371779074812701e-18,0.04326360467427575,inf,0.07581211625823286
2022-05-18,0.0,-0.0011685620062508173,-0.00023125256064071564,-0.001399814566891533,1.0490420490764599e-18,0.03630167573313951,inf,0.06389518375061587
2022-05-19,0.0,-0.026532725334179386,-0.00023125256064071564,-0.0267639778948201,1.067997556997954e-18,0.03456937153351975,inf,0.06776270647684973
2022-05-20,0.0,0.028891038794289337,-0.00023125256064071564,0.02865978623364862,1.0751785698518853e-18,0.03878832939852703,inf,0.08400943599048115
2022-05-23,0.0,-0.0031630222318707046,-0.00023125256064071564,-0.0033942747925114203,8.061044330730318e-19,0.04476477479982017,inf,0.10484804768812939
2022-05-24,0.0,-0.005522754266735541,-0.00023125256064071564,-0.005754006827376257,1.0730259753929268e-18,0.04380863657766167,inf,0.10271891033741093
2022-05-25,0.0,-0.006161219184365629,-0.00023125256064071564,-0.006392471745006345,1.3385134030868734e-18,0.037581697806824035,inf,0.08813923385204489
2022-05-26,0.0,0.009007387318995308,-0.00023125256064071564,0.008776134758354592,7.973050842357188e-19,0.027141856147100955,inf,0.08153639358736108
2022-05-27,0.0,0.011273847198922216,-0.00023125256064071564,0.0110425946382815,9.221422576489926e-19,0.03077608779708695,inf,0.10017125879300472
2022-05-30,0.0,0.018893205092962884,-0.00023125256064071564,0.018661952532322168,8.958094605057613e-19,0.018187559884828466,inf,0.0985226430624303
2022-05-31,0.0,-0.004612433983534836,-0.00023125256064071564,-0.004843686544175552,1.1620095401003016e-18,-0.0053176425115166286,inf,-0.03692446132102757
2022-06-01,0.0,-0.0037264067061659745,-0.00023125256064071564,-0.00395765926680669,1.232282071630722e-18,-0.00444153753714302,inf,-0.035349795582582125
2022-06-02,0.0,0.006370004993115463,-0.00023125256064071564,0.006138752432474748,1.235423629102666e-18,-0.0009754428461564097,inf,-0.07577633555023344
2022-06-03,0.0,-0.002628050201467391,-0.00023125256064071564,-0.002859302762108107,1.2500166052916893e-18,7.233637105545267e-19,inf,inf
2022-06-06,0.0,-0.0008893953501298846,-0.00023125256064071564,-0.0011206479107706002,1.276282171915195e-18,8.113022971851123e-19,inf,inf
2022-06-07,0.0,-0.009245946006475991,-0.00023125256064071564,-0.009477198567116707,1.2534983195406393e-18,6.506791865576206e-19,inf,inf
2022-06-08,0.0,-0.0036609606157923524,-0.00023125256064071564,-0.003892213176433068,1.2612422083877512e-18,8.2355669406276195e-19,inf,inf
2022-06-09,0.0,0.00744972774168895,-0.00023125256064071564,0.007218475181048234,1.2656280431884608e-18,7.483172833000114e-19,inf,inf
2022-06-10,0.0,-0.016767698414100085,-0.00023125256064071564,-0.0169989509747408,1.3755988577921145e-18,6.663634443177603e-19,inf,inf
2022-06-13,0.0,-0.026379749115209128,-0.00023125256064071564,-0.026611001675849844,1.2259645502712311e-18,3.2267660285376265e-19,inf,inf
2022-06-14,0.0,-0.00268160945598539,-0.00023125256064071564,-0.0029128620166261054,1.401809104153204e-18,6.452438236661546e-19,inf,inf
2022-06-15,0.0,-0.0025393443813560568,-0.00023125256064071564,-0.0027705969419967724,1.0780127483931345e-18,6.468673924132316e-19,inf,inf
2022-06-16,0.0,-0.021128447854290244,-0.00023125256064071564,-0.02135970041493096,1.3961558308375573e-18,6.342436619120378e-19,inf,inf
2022-06-17,0.0,-0.00436829362663993,-0.00023125256064071564,-0.004599546187280645,1.4566691667609314e-18,9.519914803177642e-19,inf,inf
2022-06-20,0.0,0.0037042135956451006,-0.00023125256064071564,0.003472961035004385,1.1389159394532494e-18,6.34211631854007e-19,inf,inf
2022-06-21,0.0,0.018804337854487096,-0.00023125256064071564,0.01857308529384638,1.4606361968235516e-18,7.864517333611323e-19,inf,inf
2022-06-22,0.0,-0.014419265085317434,-0.00023125256064071564,-0.01465051764595815,1.0963368644251054e-18,6.370066246430086e-19,inf,inf
2022-06-23,0.0,0.009300447519609234,-0.00023125256064071564,0.009069194958968518,1.443640657168874e-18,6.370836968010091e-19,inf,inf
2022-06-24,0.0,0.009166472588529428,-0.00023125256064071564,0.008935220027888713,1.4261576365326282e-18,6.382739219033677e-19,inf,inf
2022-06-27,0.0,0.008458990377725017,-0.00023125256064071564,0.008227737817084302,7.064657003828508e-19,6.374982393938266e-19,inf,inf
2022-06-28,0.0,0.0011464333961117568,-0.00023125256064071564,0.0009151808354710411,1.062159906094039e-18,6.377976798739951e-19,inf,inf
2022-06-29,0.0,-0.0032239710103227903,-0.00023125256064071564,-0.003455223570963506,1.0678096006170327e-18,7.980606119971555e-19,inf,inf
2022-06-30,0.0,-0.001193081241402827,-0.00023125256064071564,-0.0014243338020435425,1.443970362465659e-18,8.012779727892194e-19,inf,inf
2022-07-01,0.0,-0.0017870563085186086,-0.00023125256064071564,-0.0020183088691593243,1.4439817571812433e-18,8.012358827977715e-19,inf,inf
2022-07-04,0.0,0.005288188249805481,-0.00023125256064071564,0.0050569356891647654,1.0986499067366527e-18,6.399235089416055e-19,inf,inf
2022-07-05,0.0,-0.0015471713984448465,-0.00023125256064071564,-0.0017784239590855622,1.559607601508055e-18,4.819393373324081e-19,inf,inf
2022-07-06,0.0,0.011318189707300252,-0.00023125256064071564,0.011086937146659537,1.1478136414346147e-18,6.464080921401908e-19,inf,inf
2022-07-07,0.0,0.00894949203151052,-0.00023125256064071564,0.008718239470869804,1.1390523090583827e-18,4.854034703523278e-19,inf,inf
2022-07-08,0.0,0.005436047866567373,-0.00023125256064071564,0.005204795305926657,1.5219486336153043e-18,8.097014914054138e-19,inf,inf
2022-07-11,0.0,-0.00028356592763323363,-0.00023125256064071564,-0.0005148184882739493,1.5377123335026572e-18,4.878808541997379e-19,inf,inf
2022-07-12,0.0,-0.0097249750439381,-0.00023125256064071564,-0.009956227604578816,1.5295042217720717e-18,8.106891040002524e-19,inf,inf
2022-07-13,0.0,-0.005707292501522909,-0.00023125256064071564,-0.005938545062163625,1.1507306928524472e-18,9.779790056274727e-19,inf,inf
2022-07-14,0.0,-0.0017536552323109689,-0.00023125256064071564,-0.0019849077929516845,1.5348052185510231e-18,9.786348967809502e-19,inf,inf
2022-07-15,0.0,0.0069359576863876615,-0.00023125256064071564,0.006704705125746946,1.5695579495317402e-18,6.533912643905461e-19,inf,inf
2022-07-18,0.0,0.014287304158276504,-0.00023125256064071564,0.014056051597635788,1.747258147757901e-18,9.697080486634336e-19,inf,inf
2022-07-19,0.0,0.003811764271124396,-0.00023125256064071564,0.0035805117104836803,1.5721510908696082e-18,4.843636122454622e-19,inf,inf
2022-07-20,0.0,0.01103388850696918,-0.00023125256064071564,0.010802635946328465,1.3932198711323455e-18,3.209512327796994e-19,inf,inf
2022-07-21,0.0,0.005108719746296009,-0.00023125256064071564,0.004877467185655293,1.4123017900727803e-18,8.049456359904355e-19,inf,inf
2022-07-22,0.0,0.006877295960614926,-0.00023125256064071564,0.006646043399974211,1.6341613866616473e-18,6.448213127498578e-19,inf,inf
2022-07-25,0.0,-0.005290199311757782,-0.00023125256064071564,-0.005521451872398497,1.4651514519265038e-18,4.85254729176721e-19,inf,inf
2022-07-26,0.0,-0.00884795806776506,-0.00023125256064071564,-0.009079210628405776,1.886204798389034e-18,6.465234189603534e-19,inf,inf
2022-07-27,0.0,0.0095821774414373,-0.00023125256064071564,0.009350924880796585,1.4777713066551215e-18,7.488299224775543e-19,inf,inf
2022-07-28,0.0,0.017293731123692924,-0.00023125256064071564,0.017062478563052208,1.5354884401278008e-18,6.57589432486155e-19,inf,inf
2022-07-29,0.0,0.013505953826479233,-0.00023125256064071564,0.013274701265838518,1.552780527561187e-18,7.366085454870402e-19,inf,inf
2022-08-01,0.007380819551723983,0.010595531668439406,0.007149566991083267,0.01036427910779869,0.009284735980470138,0.0037489207994803693,0.11257491377657194,0.07298547195643885
2022-08-02,0.010844604946797842,0.000311327663805816,0.010613352386157127,8.007510316510036e-05,0.008775685756464846,0.003945037136155826,0.06032158600378411,0.043173788440683876
2022-08-03,0.01143453276896067,0.002461808358865669,0.011203280208319955,0.0022305557982249535,0.010630941375939234,0.005463570598383579,0.05449958075287448,0.04504979464697761
2022-08-04,-0.0027508386744088398,-0.0003537116074355806,-0.0029820912350495554,-0.0005849641680762963,0.010840328481510578,0.0056756667909909925,0.054425411509325713,0.04596291096345141
2022-08-05,-0.005475553045141135,0.0008917270739845495,-0.005706805605781851,0.0006604745133438339,0.010799201711975,0.005331226678029883,0.051279545840006026,0.04091014766000086
2022-08-08,-0.004532414142887742,0.007334364671648164,-0.0047636667035284574,0.007103112111007448,0.006642773488881549,0.0035809503610235585,0.030502724003605933,0.026657371397944406
2022-08-10,0.0017785017687745874,0.0005506610997998429,0.0015472492081338718,0.00031940853915912726,0.006007159264277146,0.0035439533106769484,0.026451941317420274,0.026082963680277228
2022-08-11,0.0032646094824912986,0.007085929368824795,0.003033356921850583,0.006854676808184079,0.008079024450502036,0.004643669343758442,0.035200398934531675,0.033764676079079674
2022-08-12,0.0034405433285280562,0.0022170219505635025,0.0032092907678873406,0.001985769389922787,0.00836163440977999,0.005113748820646986,0.03597134363239263,0.03655160056595189
2022-08-16,0.012577175698704535,0.007181519343531395,0.012345923138063819,0.0069502667828906795,0.02148992605191845,0.009651744059683278,0.07518121191644755,0.05832365032272252
2022-08-17,0.011018478660971276,0.006675923198833145,0.01078722610033056,0.006444670638192429,0.02935896019076912,0.013026284166183575,0.09376091262183459,0.07120626335371279
2022-08-18,0.005568388572651406,0.0006826699360520383,0.00533713601201069,0.00045141737541132265,0.02842022328113171,0.013079297139306969,0.08343465602981719,0.06830725543847443
2022-08-19,-0.00038148044830399463,-0.011029475746944017,-0.0006127330089447103,-0.011260728307584733,0.0394796735915038,0.0149026486023833,0.10974421791323345,0.07617721844302316
2022-08-22,-0.003161800502704648,-0.0150773300473388,-0.0033930530633453637,-0.015308582607979515,0.04933481799984834,0.017730260206071956,0.13887639142463126,0.09037674092459028
2022-08-23,-0.0012305654420133871,0.00496268217550444,-0.0014618180026541028,0.004731429614863725,0.04719995850544163,0.017244975286167433,0.13209663418216103,0.08779656153829522
2022-08-24,-0.002247026622129056,0.001561611079505143,-0.0024782791827697714,0.0013303585188644274,0.046541789029635364,0.017007092988858077,0.12871256575788312,0.08615863028117102
2022-08-25,0.0025225651301767904,-0.004686182219266755,0.0022913125695360748,-0.00491743477990747,0.04579159583079837,0.01632318176043424,0.12616349092091061,0.0824469874044015
2022-08-26,0.002222159434620341,0.002080255529346653,0.0019909068739796254,0.0018490029687059373,0.04853547039887701,0.016392984102992603,0.1322947881919054,0.08251250826878338
2022-08-29,0.011886950764236515,-0.014009988924553851,0.011655698203595799,-0.014241241485194567,0.01992375457431727,0.007131458611132196,0.049598340624836014,0.0331551526081789
2022-08-30,0.02695151087874126,0.02578426378902554,0.026720258318100543,0.025553011228384825,0.13186288570298932,0.04684840417283317,0.2570962583235945,0.15322206320023044
2022-09-01,-0.011679910228352464,-0.012190795272107646,-0.01191116278899318,-0.012422047832748362,0.1574680771167701,0.059166895056306276,0.294725412581476,0.18201198482871472
2022-09-02,-0.016749653301449285,-0.0001910505934481499,-0.01698090586209,-0.00042230315408886554,0.16290121413495315,0.06035143905408407,0.2781757378913877,0.17071507361010774
2022-09-05,0.007062910630477148,0.007203850071011875,0.006831658069836433,0.006972597510371159,0.16806741045735313,0.06310303902155809,0.2850982521535449,0.17610497291007418
2022-09-06,0.008668555242989706,-0.0005774531254664206,0.00843730268234899,-0.0008087056861071362,0.16556081970267517,0.06243936602702981,0.2770191958868575,0.1712530225777377
2022-09-07,0.003428695812326188,-0.0017671004916441913,0.0031974432516854723,-0.001998353052284907,0.1650265593906068,0.06235142922631161,0.27351449227254,0.16934851742470267
2022-09-08,0.006023783016923856,0.009892512965589573,0.00579253045628314,0.009661260404948857,0.1695209414911002,0.06663328791887785,0.28083100206821465,0.1767683616203704
2022-09-09,-0.001669524453504434,0.0019439347917691308,-0.0019007770141451497,0.0017126822311284151,0.17181076866743553,0.06719282743467342,0.2831854597398281,0.17761067012143053
2022-09-12,0.0068383314673783335,0.005775695663245095,0.006607078906737618,0.0055444431026043794,0.18149320699151958,0.07196853665054571,0.2887500894707486,0.1862320243884012
2022-09-13,0.028624380317945564,0.007454201929980142,0.028393127757304848,0.0072229493693394264,0.23454613111146752,0.08663549234824106,0.29751235568550155,0.19140837369226638
2022-09-14,0.006965392120924285,-0.0036690976717561608,0.00673413956028357,-0.0039003502323968764,0.2254522474219257,0.08480757393819287,0.285257543525843,0.1863836355854673
2022-09-15,0.017140182256541125,-0.007017960667916379,0.01690892969590041,-0.007249213228557094,0.1904336792164849,0.07806591135455421,0.23373164669188642,0.16383089558411815
2022-09-16,-0.018509885822271754,-0.019384853148544656,-0.01874113838291247,-0.019616105709185372,0.2808205517134062,0.10283060601901706,0.3203012529990679,0.20568341220478506
2022-09-19,-0.010030957627031323,0.0052136885924867205,-0.010262210187672038,0.004982436031846005,0.27212300522719757,0.10262622933879251,0.3031837108204275,0.19973915360230832
2022-09-20,0.03305912562136437,0.011008809885230342,0.032827873060723656,0.010777557324589626,0.3270883500972992,0.13013716759846614,0.3268749815974055,0.22268768162933053
2022-09-21,-0.0025487728509140384,-0.005495005437451739,-0.002780025411554754,-0.005726257998092454,0.36105520554037773,0.13148297287424168,0.35147073117670014,0.22414015239523322
2022-09-22,0.009511518573876776,-0.004997577656902563,0.00928026601323606,-0.005228830217543279,0.358643104851388,0.1302568040801565,0.33844773957952917,0.21969673934321154
2022-09-23,-0.030420315703478917,-0.017155677232420508,-0.030651568264119633,-0.017386929793061223,0.47790691064380036,0.1662198577606619,0.42183743334144586,0.2579204466781007
2022-09-26,-0.04596636274220556,-0.017951321762256445,-0.04619761530284627,-0.01818257432289716,0.6431779626559853,0.22105544178055989,0.49732542291330506,0.2957711854226106
2022-09-27,0.010563520444821783,-0.0005230508522044985,0.010332267884181068,-0.0007543034128452142,0.6484934851193052,0.2207659656288409,0.4962826697955454,0.29344631032561413
2022-09-28,-0.016872075422377897,-0.00874917846539458,-0.017103327983018612,-0.008980431026035296,0.6726787742463392,0.23063533124997387,0.5097372070298937,0.30154131650554483
2022-09-29,-0.0025940256522118954,-0.0024023347691036756,-0.002825278212852611,-0.0026335873297443912,0.6752141821173898,0.23190783756396222,0.5109336660071828,0.3026856766390697
2022-09-30,0.008415087271291366,0.01642575596626905,0.00818383471065065,0.016194503405628335,0.6660095340783485,0.23849487581733633,0.5142049479413826,0.3120230261350083
2022-10-03,-0.05962530796547705,-0.012109264448790458,-0.059856560526117764,-0.012340517009431173,0.7989723528118194,0.28504513029909856,0.523930702311895,0.31395573037585406
2022-10-04,0.023714658115741916,0.02291367093271912,0.0234834055551012,0.022682418372078406,0.8242566748828439,0.3138167098218515,0.5513752479132148,0.34250522055179206
2022-10-06,0.032824153891289676,0.0033286441360573793,0.03259290133064896,0.0030973915754166637,0.835078298466725,0.33235993329857877,0.537182468528849,0.3431784404382987
2022-10-07,-0.001348134025174863,-0.0009895331040011834,-0.0015793865858155787,-0.001220785664641899,0.8522721293546957,0.332821560256096,0.5436294574908515,0.3433155245704148
2022-10-10,-0.013760075338162148,-0.00425364584114718,-0.013991327898802863,-0.004484898401787896,0.8731583006265663,0.33763418957447955,0.55101943954599,0.34511830757484235
2022-10-11,-0.011975404574715687,-0.014932383199930399,-0.012206657135356402,-0.015163635760571115,0.8741988734330325,0.3467984243864263,0.5598109913236885,0.35412861260516476
2022-10-12,0.009860104186981244,0.008246145339619648,0.009628851626340529,0.008014892778978933,0.8774245895134497,0.352495638148024,0.5628829999286279,0.3588244209563132
2022-10-13,-0.018751681070228732,-0.006380083772817624,-0.018982933630869447,-0.00661133633345834,0.9100183426630689,0.3602894429029271,0.5730592443093722,0.36212609562721276
2022-10-14,-0.031411466222941886,0.010070888003887335,-0.0316427187835826,0.00983963544324662,0.8546762711085166,0.33714174939082425,0.5219009374692396,0.3282111545992608
2022-10-17,0.015937806354788586,0.007337586960815656,0.01570655379414787,0.007106334400174941,0.8668088575936881,0.3440013789460493,0.526418400273167,0.33273862420908445
2022-10-18,0.03025513877583408,0.010117285874136073,0.030023886215193363,0.009886033313495357,0.904865407848691,0.36901720465060966,0.5369435451674751,0.3448214164873054
2022-10-19,-0.019791478404787455,0.0014468379208691928,-0.02002273096542817,0.0012155853602284772,0.9328487385529814,0.37117589787433686,0.5387503047328617,0.34077075830399733
2022-10-20,0.02716971955018077,0.0029521745492440132,0.026938466989540055,0.0027209219886032976,0.9419711872394317,0.37898927864821136,0.533076994510524,0.33970328427355245
2022-10-21,-0.013916206470803272,0.0007032337856462956,-0.014147459031443987,0.00047198122500557993,0.961233393379046,0.38479497560015624,0.5359576271595832,0.340305921121658
2022-10-24,0.004538528455249269,0.008787356376761757,0.004307275894608553,0.008556103816121041,0.959526536049466,0.38951717424138577,0.5368823481159326,0.34317562206860386
2022-10-25,-0.0015168224243669037,-0.004196122026705051,-0.0017480749850076194,-0.004427374587345767,0.9638918899017103,0.393966351937665,0.5388883954375963,0.3451998761829036
2022-10-27,0.020061459203254417,0.004564907874966551,0.0198302066426137,0.004333655314325835,0.9795610094007169,0.40587993989499627,0.5409210937276311,0.3495625089251258
2022-10-28,-0.007890100406975131,0.002810605244745412,-0.008121352967615847,0.0025793526841046965,0.9922435574936014,0.406640177473461,0.5419580965909573,0.34839204763092474
2022-10-31,0.024297086984462535,0.012672230395564199,0.02406583442382182,0.012440977834923483,1.030530452431598,0.4282234401880607,0.5579929529700597,0.36160743891774305
2022-11-01,0.022953376312386364,0.007395053222392978,0.02272212375174565,0.007163800661752262,1.1025748271357108,0.4399512453890764,0.5781728670587171,0.3664322028033324
2022-11-02,-0.002806139344182168,-0.003447197631545107,-0.0030373919048228837,-0.0036784501921858226,1.1396110318134207,0.4405577028517737,0.5896418066826521,0.3669470974899662
2022-11-03,0.00999293522333633,-0.0016673473084335422,0.009761682662695614,-0.0018985998690742578,1.1450244626653414,0.4559399265000371,0.586721599809699,0.3712082467611403
2022-11-04,0.022721189564198774,0.003570168155688336,0.022489937003558058,0.00333891559504762,1.1555883004502767,0.4604230282879199,0.58727867351831,0.3705658102647469
2022-11-07,0.024289080259442875,0.004727586225111935,0.02405782769880216,0.004496333664471219,1.1667906927153495,0.4758922284145459,0.5877249520698986,0.374023123437956
2022-11-09,0.024774423584003502,-0.002516139235956394,0.024543171023362786,-0.0027473917965971095,1.149309422298244,0.47048033860401045,0.5727649517473479,0.36433204409221687
2022-11-10,0.0013728988127461594,-0.007093725904609771,0.0011416462521054438,-0.007324978465250487,1.1382628039393063,0.4684652812959374,0.5714655564271968,0.36338957801761795
2022-11-11,-0.01042249876855117,0.017833173247033374,-0.010653751329191885,0.017601920686392658,1.0536938817550183,0.44316786507994915,0.5400018883450683,0.3460492192567035
2022-11-14,0.00306314481314951,-0.0011198455015547504,0.002831892252508794,-0.001351098062195466,1.0528372424012507,0.4593964647531512,0.5397426156709243,0.3511695446362498
2022-11-15,-0.007811503311170087,0.004050924260950772,-0.008042755871810803,0.0038196717003100567,1.0513511237676385,0.45699398558855414,0.5361456492924251,0.3486436301394532
2022-11-16,-0.013882370081633288,0.0003396111515991951,-0.014113622642274004,0.00010835859095847944,1.0524978595517787,0.45860409885954795,0.533286912972498,0.3479220283998616
2022-11-17,-0.011094464290415385,-0.00357149639481924,-0.0113257168510561,-0.003802748955459956,1.0547740864168216,0.48997258804281796,0.5323923507092999,0.3611776321733047
2022-11-18,-0.007672462709728434,-0.00197613371355454,-0.00790371527036915,-0.0022073862741952555,1.0546036745856653,0.49181375759257656,0.5306680942128186,0.3619587972660637
2022-11-21,-0.008660829066759246,-0.008067729540576885,-0.008892081627399961,-0.0082989821012176,1.0562555179684272,0.5270280262647101,0.5338867316602491,0.3757664354935819
2022-11-22,0.0012869497465848312,0.00463933015368867,0.0010556971859441155,0.004408077593047954,1.074671249795901,0.5687179755156375,0.5376526130551678,0.39138166087308857
2022-11-23,0.003508931989271824,0.0012634580983039712,0.0032776794286311084,0.0010322055376632555,1.1129067818739178,0.5692792978453325,0.5439959626612769,0.3914061591044327
2022-11-24,0.0022105111771100194,0.011870949889830174,0.001979258616469304,0.011639697329189458,1.094041727014721,0.5656759353384265,0.5403860853793032,0.390309615762002
2022-11-25,-0.005115064796688551,0.0015500019600884762,-0.005346317357329267,0.0013187493994477606,1.0936601907158794,0.5675639567361493,0.5398224005362608,0.39027494892517056
2022-11-28,-0.005308909260177352,0.0027008413120686026,-0.005540161820818068,0.002469588751427887,1.0985019825403526,0.57068182200857,0.540198879467482,0.39094651761776
2022-11-29,-0.009593732107464614,0.00297912654375021,-0.00982498466810533,0.0027478739831094945,1.0934587422037092,0.575321832768139,0.536410035261604,0.3912228340904212
2022-11-30,0.029887212736087854,0.007535634625419174,0.029655960175447138,0.0073043820647784585,1.2042678194155718,0.6121505920506217,0.5705239588835205,0.40311163947032963
2022-12-01,-0.01142062301656066,0.002886735334004964,-0.011651875577201376,0.0026554827733642483,1.220074271249421,0.6108419154688428,0.5480527598801617,0.40031261002416324
2022-12-02,-0.007991225914661615,-0.006187396179402005,-0.00822247847530233,-0.006418648740042721,1.231311622487308,0.6151007523620848,0.5462856132150959,0.4029934892174644
2022-12-05,-0.01014396244676019,0.00026482378562620035,-0.010375215007400906,3.3571224985484704e-05,1.2284591393932252,0.6182331765707777,0.547375992274249,0.40339433483135523
2022-12-06,0.013256598098029926,-0.0031175136590962937,0.01302534553738921,-0.0033487662197370094,1.214089682775578,0.6125878221291924,0.5381311296743513,0.39851905342136257
2022-12-07,0.0008024095218086558,-0.004411902750398933,0.0005711569611679401,-0.004643155311039648,1.2095680322044133,0.6109754379717842,0.5384975631944577,0.3979878357532918
2022-12-08,0.000859747002708966,0.002631912360927746,0.0006284944420682503,0.0024006598002870305,1.2121854430418404,0.6161320475557348,0.5395019276099512,0.39929309979790173
2022-12-09,-0.021034168684550436,-0.006058782405979346,-0.02126542124519115,-0.006290034966620062,1.246421292919767,0.6297082247955968,0.5467118678658788,0.4045124160025434
2022-12-12,-0.009056451759871575,2.977743269738653e-05,-0.009287704320512291,-0.0002014751279433291,1.2488268433511613,0.6338800615002745,0.546612285205238,0.40551759021929007
2022-12-13,0.010308990293139697,0.0059927938646799905,0.010077737732498981,0.005761541304039275,1.2529218635870867,0.6565443554022554,0.5478433389282757,0.41295998531403366
2022-12-14,-0.0004972228484502184,0.002810661073194387,-0.000728475409090934,0.0025794085125536714,1.218282122145627,0.7102666995609195,0.540044322255834,0.4285472157941059
2022-12-15,-0.007788458899878226,-0.013150934355333654,-0.008019711460518941,-0.01338218691597437,1.2016694413827276,0.7085677401162962,0.5432631940791318,0.4315412199548744
2022-12-16,-0.01737234775271057,-0.00792295301794177,-0.017603600313351286,-0.008154205578582485,1.2600717789018518,0.7212176893538609,0.5710228440260621,0.4379790062475511
2022-12-19,0.006111400861462668,0.008289956688926514,0.005880148300821952,0.008058704128285799,1.2909665144113556,0.7620023238452401,0.5653114375157176,0.4506246314909606
2022-12-20,-0.0022313953829128375,-0.0019081205394395617,-0.002462647943553553,-0.0021393731000802774,1.3070649056442585,0.7646896284826118,0.5726819986114869,0.4515364610730065
2022-12-21,-0.04313598168195332,-0.01012771964355863,-0.04336723424259403,-0.010358972204199346,1.3292955338167658,0.8117350487415186,0.5741428578213823,0.46513576453559374
2022-12-22,-0.030096991084250124,-0.003942502735851727,-0.03032824364489084,-0.004173755296492443,1.3642199686807108,0.8582370315034051,0.5773369540169764,0.4755890869270906
2022-12-23,-0.058753143698778154,-0.01768316025411787,-0.05898439625941887,-0.017914412814758585,1.5214466093695436,0.9769945367916778,0.6261528072091704,0.5136529348277463
2022-12-26,0.06047365011782402,0.011669632893506865,0.0602423975571833,0.01143838033286615,1.6413308950901302,1.045954145765413,0.6230887503848938,0.5212454729108368
2022-12-27,0.020903669543806513,0.006533654614990558,0.020672416983165798,0.006302402054349843,1.5904696622515455,1.0634355533625819,0.5959062166799562,0.525642052194919
2022-12-28,0.04096520842450291,-0.0005405150382313817,0.04073395586386219,-0.0007717675988720973,1.5776630935875677,1.0622242988230397,0.574399299693051,0.5116421148773171
2022-12-29,0.026270134231069164,0.00377983170092433,0.02603888167042845,0.003548579140283614,1.5891895087890862,1.0693310855415363,0.5677868862240942,0.5107709547503366
2022-12-30,-0.01586358366313978,-0.00471107793689185,-0.016094836223780495,-0.0049423304975325655,1.6029153392192745,1.0784538810693833,0.5718469823241165,0.5136711164728618
2023-01-02,0.008393997147543741,0.005089583355357918,0.008162744586903026,0.004858330794717203,1.6774743001409473,1.0804671794086262,0.5804992430255557,0.5145464169767984
2023-01-03,-0.0029071970215651666,0.00192892762485819,-0.003138449582205882,0.0016976750642174743,1.523079259737229,1.0808971262867944,0.5492349973614836,0.5144110410493219
2023-01-04,-0.005276326922131536,-0.010399069487028845,-0.005507579482772251,-0.01063032204766956,1.5606890298240155,1.0748935828543695,0.5370528126689134,0.5147734183574372
2023-01-05,-0.0004933902247615807,-0.0028154392892826285,-0.0007246427854022963,-0.003046691849923344,1.5303037022087025,1.074203151473387,0.5383623843421323,0.5146815223678932
2023-01-06,-0.0022695475046734526,-0.007375503705446151,-0.002500800065314168,-0.007606756266086867,1.505506387398456,1.0826707485348106,0.5349915346025481,0.5175713231831512
2023-01-09,0.01220957797557709,0.013536251708490266,0.011978325414936375,0.01330499914784955,1.4635572765246254,1.088174748924639,0.5328835548925116,0.5221595194323428
2023-01-10,-0.012810131844248063,-0.010333504750958511,-0.013041384404888778,-0.010564757311599227,1.5070791456505213,1.0929354969112774,0.5376343449753614,0.5263231832108882
2023-01-11,0.0009361250607837768,-0.0010299775022909463,0.0007048725001430611,-0.001261230062931662,1.5101715922504713,1.092528267214347,0.5350520169997364,0.5261967155469015
2023-01-12,0.003983771418649917,-0.00209547554088918,0.0037525188580092017,-0.0023267281015298957,1.4817426984213748,1.1034641901974116,0.5252954797864824,0.5282713129455417
2023-01-13,0.00018043957885094386,0.005510095918388247,-5.081298178977178e-05,0.005278843357747531,1.6184605653095827,1.1054571742203831,0.5807715272787854,0.5285293562878669
2023-01-16,-0.004445972948429855,-0.003438847072569362,-0.0046772255090705706,-0.0036700996332100777,1.6081853647434547,1.1063332101273953,0.5766013583031122,0.5291281329240055
2023-01-17,0.0013388974814780852,0.008854568511824201,0.0011076449208373695,0.008623315951183486,1.5229381875509327,1.103999461069022,0.5547717914964192,0.5288221489622226
2023-01-18,0.013040709195827782,0.006206556323560042,0.012809456635187066,0.005975303762919326,1.5367261465784114,1.132211171421615,0.5665943928794778,0.5365787937764285
2023-01-19,-0.004139531183190215,-0.003165367099256078,-0.0043707837438309305,-0.0033966196598967935,1.5169962735197544,1.1338357596110336,0.569164453536019,0.53742084496009
2023-01-20,-0.0005680087564087222,-0.004428975305189153,-0.0007992613170494378,-0.004660227865829869,1.50791993110284,1.1460878941559496,0.5711145240780493,0.5407476128521316
2023-01-23,0.00019778985499230295,0.005042276095628795,-3.3462705648412694e-05,0.004811023534988079,1.5218431389013514,1.1462730242544177,0.5716912484511456,0.5408185978487569
2023-01-24,-0.0032246906326197644,-1.3798013043020418e-05,-0.00345594319326048,-0.00024505057368373606,1.5299680692349789,1.1523222224919734,0.5724697668018951,0.5423533524373892
2023-01-25,-0.002141293238251629,-0.01249297962501228,-0.002372545798892345,-0.012724232185652995,1.4388737905546267,1.137833907021273,0.5572255053382263,0.5398129204638694
2023-01-27,-0.019799802406876732,-0.016074246906178757,-0.020031054967517448,-0.016305499466819473,1.4344445858902493,1.1515592696576646,0.5736408703323398,0.5492742995875077
2023-01-30,-5.4119820921738615e-05,0.0025334426073457816,-0.00028537238156245426,0.002302190046705066,1.4065309140069946,1.1623782888611607,0.5566429845458251,0.5519664374872341
2023-01-31,0.02315667733479465,0.0007479862801675896,0.022925424774153935,0.000516733719526874,1.3830001947852075,1.2039136603035028,0.541916745324485,0.5586453576525495
2023-02-01,-0.0008817920900715537,-0.0025959245256645946,-0.0011130446507122693,-0.0028271770863053103,1.3828911286543353,1.230014154893669,0.5415618642834639,0.5650876635750439
2023-02-02,0.0,-0.0003349392530399564,-0.00023125256064071564,-0.0005661918136806721,1.3880350433399589,1.2379237725605774,0.5448751993414179,0.5653028836361726
2023-02-03,0.0,0.013835596307890219,-0.00023125256064071564,0.013604343747249503,1.2813849701887379,1.2090332246960882,0.5255845186878124,0.5591050833757875
2023-02-06,0.0,-0.005010133160870178,-0.00023125256064071564,-0.005241385721510894,1.241655098287967,1.2032708342250378,0.5177702056106311,0.5580289488248811
2023-02-07,0.0,-0.0024261514654264627,-0.00023125256064071564,-0.0026574040260671783,1.2586437323730888,1.2022886486224753,0.534780781328288,0.5578702262667817
2023-02-08,0.0,0.008475536424681795,-0.00023125256064071564,0.00824428386404108,1.2571750257983054,1.1925011325003636,0.5366671154926157,0.5558310403896134
2023-02-09,0.0,0.0012170079483646568,-0.00023125256064071564,0.0009857553877239411,1.4563949353528094,1.2038930125216232,0.59074331259152,0.559677608303255
2023-02-10,0.0,-0.0020649578680046465,-0.00023125256064071564,-0.002296210428645362,1.4555978620289227,1.2033135112001967,0.5909463599167746,0.559579078788622
2023-02-13,0.0,-0.00479375070002519,-0.00023125256064071564,-0.005025003260665906,1.4647716410166038,1.2049904160746623,0.5952093518660763,0.5595977204747936
2023-02-14,0.0,0.0089443537049958,-0.00023125256064071564,0.008713101144355084,1.4283433310756504,1.1931100201665952,0.5919496348414056,0.5565707799118738
2023-02-15,0.0,0.004796470794436125,-0.00023125256064071564,0.0045652182337954095,1.4112493161631126,1.186676161935319,0.5881751604949897,0.5536821429437825
2023-02-16,0.0,0.0011101336008929596,-0.00023125256064071564,0.000878881040252244,1.408115642906557,1.184310404453215,0.5875634470411254,0.5519822117894011
2023-02-17,0.0,-0.005081567689351307,-0.00023125256064071564,-0.005312820249992023,1.403801631246254,1.1804982488327453,0.5831064955542213,0.5512493254541344
2023-02-20,0.0,-0.005550518480140765,-0.00023125256064071564,-0.00578177104078148,1.3977433454194677,1.1927515211153352,0.581060747230811,0.5539299389783302
2023-02-21,0.0,-0.001003126492992057,-0.00023125256064071564,-0.0012343790536327726,1.3963977201064108,1.220123443833018,0.580568781093159,0.5588211278506057
2023-02-22,0.0,-0.015280363131582653,-0.00023125256064071564,-0.015511615692223368,1.3531720030959042,1.1904310925034955,0.568524697196669,0.5523968466912678
2023-02-23,0.0,-0.002452434977984641,-0.00023125256064071564,-0.0026836875386253567,1.3577529436103246,1.1905358925571807,0.5704974070137034,0.552616475293226
2023-02-24,0.0,-0.002595429723749043,-0.00023125256064071564,-0.0028266822843897588,1.367772047113885,1.1940527556273088,0.574121808705538,0.5537697635120993
2023-02-27,0.0,-0.004185411445805309,-0.00023125256064071564,-0.004416664006446025,1.3821448591500574,1.1919222367024562,0.5810439774879954,0.553237995954816
2023-02-28,0.0,-0.0051027157362857345,-0.00023125256064071564,-0.00533396829692645,1.3193276742151667,1.2370935895384723,0.5647387900918189,0.5692592794593831
2023-03-01,0.0,0.008492348770636093,-0.00023125256064071564,0.008261096209995378,1.3022939985259205,1.2427197252096198,0.5667813779326347,0.5557140823995876
2023-03-02,0.0,-0.007392168719804415,-0.00023125256064071564,-0.007623421280445131,1.2829924654238256,1.2391802775016996,0.5606031249521125,0.551711475163869
2023-03-03,0.0,0.015728598629827895,-0.00023125256064071564,0.015497346069187179,1.1801656072243103,1.1982492468835733,0.5406675103343221,0.5444224049906489
2023-03-06,0.0,0.006655523618366965,-0.00023125256064071564,0.00642427105772625,1.1722612147389808,1.1928544876988831,0.5444702056707483,0.5420397740805609
2023-03-08,0.0,0.0024250512391459367,-0.00023125256064071564,0.002193798678505221,1.1755299012226705,1.192687935692767,0.5457245331827365,0.5426691656654341
2023-03-09,0.0,-0.009282249899975281,-0.00023125256064071564,-0.009513502460615997,1.151715665964852,1.1807685523431275,0.5395310752485325,0.540249447022147
2023-03-10,0.0,-0.010045664635585094,-0.00023125256064071564,-0.01027691719622581,1.1010020296885763,1.1732959195260229,0.5273314303150272,0.5370993773510218
2023-03-13,0.0,-0.014851035931626178,-0.00023125256064071564,-0.015082288492266893,1.0459707575529813,1.1430703709299848,0.5158169556523693,0.5303208031547636
2023-03-14,0.0,-0.006470680525861194,-0.00023125256064071564,-0.00670193308650191,1.032113875312689,1.1378969731754933,0.5090653319477312,0.5282636649013484
2023-03-15,0.0,-0.004174683738684903,-0.00023125256064071564,-0.004405936299325619,1.0351321747029414,1.1162281802785272,0.5098287947506353,0.5224900124128784
2023-03-16,0.0,0.0007924286811309411,-0.00023125256064071564,0.0005611761204902255,1.049437707279077,1.1204205648067818,0.5081843618296422,0.5245308410631926
2023-03-17,0.0,0.006738129621978839,-0.00023125256064071564,0.006506877061338123,1.0109733803988858,1.1343868347534205,0.49573885502087944,0.533537539569674
2023-03-20,0.0,-0.0065292432199922645,-0.00023125256064071564,-0.00676049578063298,1.0122203052002767,1.1369941678798512,0.4927044882981536,0.5260698187439419
2023-03-21,0.0,0.007010642946744028,-0.00023125256064071564,0.006779390386103312,0.9923732131139381,1.1407915923940128,0.4877854308301067,0.5293455248572501
2023-03-22,0.0,0.0025953757489405316,-0.00023125256064071564,0.002364123188299816,0.8967183093045671,1.10888924318623,0.4679774860236773,0.5187330226206528
2023-03-23,0.0,-0.004372693304643627,-0.00023125256064071564,-0.004603945865284342,0.8696613854966201,1.1087169598614945,0.4724765326993547,0.5183241670822858
2023-03-24,0.0,-0.007720933328590696,-0.00023125256064071564,-0.007952185889231411,0.6198189786726377,1.109660443077124,0.3921355300779956,0.5206615489177411
2023-03-27,0.0,0.0023988383407489433,-0.00023125256064071564,0.0021675857801082277,0.4074147977651301,1.0822523322014508,0.33381177209969487,0.5049790478618099
2023-03-28,0.0,-0.002001683861354908,-0.00023125256064071564,-0.002232936421995624,0.36566363981462424,1.0128475597849427,0.3105700159229659,0.4775798706431377
2023-03-29,0.0,0.007609856589321451,-0.00023125256064071564,0.007378604028680735,0.3495973077763052,1.0052337736172348,0.38537452849195514,0.47678195792287487
2023-03-31,0.0,0.016337198944623932,-0.00023125256064071564,0.016105946383983216,0.2849964671520061,0.9580690786034401,0.3841450419391904,0.46248305878050666
2023-04-03,0.0,0.002206297973761151,-0.00023125256064071564,0.0019750454131204354,0.266591829953049,0.9574161934622962,0.3859912547097446,0.4621150377606402
2023-04-05,0.0,0.009138954817361267,-0.00023125256064071564,0.008907702256720551,0.24775612538066963,0.9631760168339989,0.3703088211874686,0.45943093219464337
2023-04-06,0.0,0.002397874785437182,-0.00023125256064071564,0.002166622224796466,0.2496814746527992,0.8749076201697957,0.3743358258487771,0.43950105732335837
2023-04-10,0.0,0.0014148632219350699,-0.00023125256064071564,0.0011836106612943542,0.2409456228519564,0.8625774657446063,0.359475921608884,0.42093331195940314
2023-04-11,0.0,0.005574768321964241,-0.00023125256064071564,0.005343515761323525,0.23838448449725136,0.8435764699136382,0.3571843189083151,0.4207633786798123
2023-04-12,0.0,0.005083967961446945,-0.00023125256064071564,0.004852715400806229,0.23491248508432938,0.8401866257881979,0.3512838074748295,0.4198244059060757
2023-04-13,0.0,0.0008757724412713497,-0.00023125256064071564,0.000644519880630634,0.1956196197516665,0.8328049313281984,0.2996584218358303,0.4170916047940757
2023-04-17,0.0,-0.006795512150830185,-0.00023125256064071564,-0.007026764711470901,0.1570433176182584,0.8272682241601673,0.254497110954046,0.40954955946474214
2023-04-18,0.0,-0.0026373533282438855,-0.00023125256064071564,-0.002868605888884601,0.15709053820210306,0.8224519595067128,0.25486736712318203,0.40609271042839157
2023-04-19,0.0,-0.002344283016240789,-0.00023125256064071564,-0.0025755355768815047,0.15951513807139392,0.8066273670888882,0.2605532890137027,0.3999986847031181
2023-04-20,0.0,0.0003234746363958152,-0.00023125256064071564,9.222207575509955e-05,0.16095552631651924,0.8723787453223267,0.2615091008166008,0.43837478072275066
2023-04-21,0.0,-2.260708945023282e-05,-0.00023125256064071564,-0.00025385965009094846,0.15672929947082395,0.8614592078475347,0.25650021623275576,0.43317415625627614
2023-04-24,0.0,0.006771973756565242,-0.00023125256064071564,0.006540721195924526,0.1544930665494943,0.818360295803684,0.2516092966972439,0.41756405002876923
2023-04-25,0.0,0.0014568576938982503,-0.00023125256064071564,0.0012256051332575346,0.12790488735461375,0.822781800418999,0.2245539325274968,0.4236968642817731
2023-04-26,0.0,0.0024958627615121465,-0.00023125256064071564,0.002264610200871431,0.1240617501422881,0.810064318465519,0.2196710060745388,0.42400061835909264
2023-04-27,0.0,0.005695152810193838,-0.00023125256064071564,0.005463900249553122,0.12274384072414343,0.8068685093065076,0.21795421802834575,0.42545894129151024
2023-04-28,0.0,0.008370013603697934,-0.00023125256064071564,0.008138761043057219,0.12063364519677751,0.8012009603415986,0.2158255792743332,0.4223881392082279
2023-05-02,0.0,0.004575166931912511,-0.00023125256064071564,0.004343914371271795,0.11981153096347691,0.7995296406547475,0.21627052849562398,0.4215310305466121
2023-05-03,0.0,-0.00318502836487633,-0.00023125256064071564,-0.0034162809255170457,0.11654408758507966,0.7860525055880497,0.2056988939498931,0.4180413692813674
2023-05-04,0.0,0.009173717607303677,-0.00023125256064071564,0.008942465046662962,0.0022881955261353573,0.779482192292542,0.005168182800955702,0.41781266883526635
2023-05-05,0.0,-0.010232406865540389,-0.00023125256064071564,-0.010463659426181104,0.003841087742642336,0.7350739254845949,0.008852457705457662,0.3979965177134707
2023-05-08,0.0,0.010814123118324304,-0.00023125256064071564,0.010582870557683588,0.0009525526967304427,0.6991305026317911,0.058815128818696966,0.3856064214451099
2023-05-09,0.0,8.480038171931881e-05,-0.00023125256064071564,-0.00014645217892139684,2.867756007356115e-19,0.6989736458690442,inf,0.38518803810533886
2023-05-10,0.0,0.0026908205008338015,-0.00023125256064071564,0.002459567940193086,2.864441904440873e-19,0.7016537835358958,inf,0.38778745975912693
2023-05-11,0.0,-0.0009882342854272697,-0.00023125256064071564,-0.0012194868460679853,3.047422406832987e-19,0.6895188455855207,inf,0.3860013774107547
2023-05-12,0.0,0.0009728797753729701,-0.00023125256064071564,0.0007416272147322545,0.0,0.6725979988218412,,0.38208127497744443
2023-05-15,0.0,0.004589120522186851,-0.00023125256064071564,0.004357867961546136,3.0725113459498194e-19,0.6827661088082336,inf,0.39530888628126787
2023-05-16,0.0,-0.006106338807060685,-0.00023125256064071564,-0.006337591367701401,3.095238051618757e-19,0.6861011271151717,inf,0.3968367678615257
2023-05-17,0.0,-0.005728269488420423,-0.00023125256064071564,-0.005959522049061139,2.2908787248439965e-19,0.7507705334248558,inf,0.4248441193269856
2023-05-18,0.0,-0.002849053652701161,-0.00023125256064071564,-0.003080306213341877,2.0966884331831482e-19,0.7502607637980799,inf,0.42496868536103755
2023-05-19,0.0,0.0040513721791914925,-0.00023125256064071564,0.003820119618550777,3.0636910878859935e-19,0.7559687995492989,inf,0.4288277003278571
2023-05-22,0.0,0.006097761825706316,-0.00023125256064071564,0.0058665092650656,2.3326098934439537e-19,0.7524475218399762,inf,0.4304407232811191
2023-05-23,0.0,0.001834600568861644,-0.00023125256064071564,0.0016033480082209284,2.348075678645264e-19,0.747117807114864,inf,0.42843901863302974
2023-05-24,0.0,-0.0034117947119577385,-0.00023125256064071564,-0.003643047272598454,1.4604745847691472e-19,0.7432968713718177,inf,0.4272017318769563
2023-05-25,0.0,0.001955111686716471,-0.00023125256064071564,0.0017238591260757552,1.5732150409152372e-19,0.7395597033538354,inf,0.42357185375750167
2023-05-26,0.0,0.009726420827874671,-0.00023125256064071564,0.009495168267233955,3.0888901230369524e-19,0.7294095377040719,inf,0.42045983556968125
2023-05-29,0.0,0.005367798508963517,-0.00023125256064071564,0.0051365459483228015,3.0666236788564136e-19,0.7256115934669786,inf,0.4194036265082949
2023-05-30,0.0,0.0018925684396833287,-0.00023125256064071564,0.001661315879042613,0.0,0.7379497344424123,,0.4215405184196625
2023-05-31,0.0,-0.0053370195013254795,-0.00023125256064071564,-0.005568272061966195,1.3402882960691865e-18,0.7353892395451823,inf,0.42137552715277876
2023-06-01,-0.006930984237738191,-0.0025169624936233204,-0.007162236798378907,-0.002748215054264036,0.009582687131233069,0.7409126342586851,0.06951531755453293,0.42427299766819787
2023-06-02,0.02813397715965782,0.002507044360454902,0.027902724599017104,0.0022757917998141863,0.02685574162469254,0.7590500804536839,0.04620062767001992,0.42577939595612707
2023-06-05,0.04659118075203139,0.003223787573137793,0.046359928191390676,0.0029925350124970773,0.06562990668290769,0.7520525465661799,0.059689798851075726,0.40578272780151636
2023-06-06,0.016989915558682123,0.00027699431442118616,0.016758662998041407,4.574175378047052e-05,0.065453581973072,0.7604352281897364,0.056530201943591915,0.40844505739295023
2023-06-07,0.012434197455075902,0.006849851638528914,0.012202944894435186,0.006618599077888199,0.08815530711597426,0.7646615952707041,0.07411992674972814,0.41027433473755587
2023-06-08,0.0018684295846420618,-0.0049048192636628185,0.0016371770240013461,-0.005136071824303534,0.10514610699006059,0.7606815075812022,0.08499524406821314,0.41023180390599345
2023-06-09,0.04148308559962688,-0.00381819725413457,0.04125183303898616,-0.0040494498147752855,0.024820621687022103,0.7391565445891092,0.016482839900298068,0.38400235505431296
2023-06-12,0.003253647782095914,0.0020524046550352004,0.0030223952214551986,0.0018211520943944848,0.02718684377215862,0.7420522451830371,0.01805717294873825,0.38491888543290426
2023-06-13,-0.0037920690548418623,0.0061635024393194016,-0.004023321615482578,0.005932249878678686,0.0016708760235153912,0.7329057860642907,0.0010865894593689487,0.38102428146441936
2023-06-14,-0.005692119174100285,0.0021238341844009856,-0.005923371734741001,0.00189258162376027,-0.01484286921021644,0.7106770806924178,-0.00930652300449709,0.3723038493645687
2023-06-15,0.018069304813018494,-0.0036149041015322014,0.01783805225237778,-0.003846156662172917,-0.08365357645326396,0.6973341851692231,-0.04799180523947732,0.36409013730806306
2023-06-16,0.034986841003174396,0.0073790483520230765,0.03475558844253368,0.007147795791382361,0.015427792156072127,0.7294101266656787,0.008014106514118638,0.3719711654749361
2023-06-19,0.03176775252907471,-0.0037475183921172883,0.031536499968433995,-0.003978770952758004,-0.08665908267484172,0.7086583682411087,-0.042304053299351135,0.3541767542441483
2023-06-20,0.0185045220090454,0.003265717567498605,0.018273269448404683,0.0030344650068578893,-0.07375012753209509,0.7168462425849155,-0.035502283627764745,0.35139985136777274
2023-06-21,-0.010469157363472759,0.0021337637466720683,-0.010700409924113474,0.0019025111860313526,-0.06799402167690807,0.6916728176591735,-0.03206485485317017,0.33872575348717904
2023-06-22,-0.0022906671615957608,-0.004539443817404343,-0.0025219197222364764,-0.004770696378045058,-0.06494039310201487,0.6944102949112863,-0.030316917888976575,0.338728001242757
2023-06-23,-0.008609182392986359,-0.005633615236065759,-0.008840434953627074,-0.005864867796706474,0.00014514832439576757,0.7003070348759368,6.758017428387095e-05,0.3418406559563534
2023-06-26,0.04482977546304401,0.0013768299134766515,0.04459852290240329,0.0011455773528359359,0.0026568930322160055,0.6350757702182452,0.001119367107560342,0.3084701632259623
2023-06-27,0.012574370868585039,0.00675190341711196,0.012343118307944323,0.006520650856471244,0.014425241250489574,0.6182100532988182,0.006049281506438866,0.3077666073217151
2023-06-28,-0.00017600431275655026,0.00822107281232487,-0.0004072568733972659,0.007989820251684154,-0.029409665253718197,0.4227187755390477,-0.012158867269049573,0.22629336302103498
2023-06-30,0.012230589991363061,0.01143527476356887,0.011999337430722345,0.011204022202928154,0.017825618893400435,0.31516476277541017,0.007560983173735868,0.18666241223602004
2023-07-03,0.025612804536674805,0.00695709243369369,0.02538155197603409,0.0067258398730529745,0.06740801161841026,0.32241020653092245,0.028048038935833415,0.1897817471656356
2023-07-04,-0.007670864505069375,0.003438946519135566,-0.00790211706571009,0.0032076939584948505,0.07447142887985667,0.32418252753384524,0.030512698057870782,0.2006002350767802
2023-07-05,0.005324052831165327,0.0004899685388621844,0.005092800270524611,0.00025871597822146875,0.1328490181070364,0.3094133075867889,0.05099789864745373,0.19548313808209006
2023-07-06,0.015435632312040148,0.00509321758125636,0.015204379751399433,0.004861965020615644,0.1566801044846887,0.3022040769870942,0.06011436146840122,0.1920867570458779
2023-07-07,-0.02249930554660229,-0.00848835445771845,-0.022730558107243004,-0.008719607018359166,0.36086208698245364,0.3379381606024912,0.135803765732233,0.21113671407673568
2023-07-10,-0.009281366870410368,0.0012466303397029588,-0.009512619431051084,0.0010153777790622431,0.3663678549084418,0.33780104527011934,0.13673802855719622,0.2101494956784362
2023-07-11,0.047118282915934895,0.004313930032438185,0.04688703035529418,0.004082677471797469,0.44073548864452733,0.36165718041526596,0.15305451037294618,0.2078109738234344
2023-07-12,-0.0034421501221760797,-0.002834429471475497,-0.0036734026828167954,-0.0030656820321162126,0.47953886218037967,0.36371330015394204,0.1663302051742528,0.20880275379673838
2023-07-13,-0.0031937272826758623,0.0015192303855748879,-0.003424979843316578,0.0012879778249341722,0.49614769690407406,0.3592284110839625,0.1710281192677768,0.20483013311831194
2023-07-14,0.007334077846391063,0.007765114931427508,0.007102825285750347,0.0075338623707867924,0.4896043118063471,0.3491199687235863,0.1711484390089918,0.197156669208961
2023-07-17,0.005237594107439403,0.007511013251041421,0.005006341546798687,0.007279760690400705,0.4700838693670378,0.3218168999046163,0.16261469337326884,0.18172719816542
2023-07-18,0.008787921998513859,0.001917706853032497,0.008556669437873143,0.0016864542923917814,0.4601663465171911,0.3226516966651328,0.15829675848625546,0.18196244762297953
2023-07-19,0.04268674050035459,0.004248282371482448,0.042455487939713876,0.004017029810841732,0.5066164188792824,0.3519443746909027,0.16521237403982902,0.18874438392960624
2023-07-20,0.011555698449638774,0.007361412439498949,0.011324445888998058,0.007130159878858233,0.5092841786500156,0.3648960325486884,0.1676553710065215,0.19575902853704336
2023-07-21,-0.005137028502805063,-0.011719737128305097,-0.005368281063445779,-0.011950989688945812,0.5404620107953444,0.369356549126278,0.18772544606108216,0.2009896591427412
2023-07-24,0.0024712943342646287,-0.0036794322929856182,0.002240041773623913,-0.003910684853626334,0.5709325154187612,0.3768644474144092,0.19872336834449286,0.20411949811348779
2023-07-25,0.032060644575064856,0.0004193703428323481,0.03182939201442414,0.00018811778219163244,0.5513780284946257,0.3664953952259142,0.18802169609779304,0.19360527728234295
2023-07-26,0.0042753023619530595,0.004964339187534694,0.004044049801312344,0.004733086626893979,0.5462483934612602,0.36085169504742226,0.1871000778713027,0.19101062240167083
2023-07-27,0.00899406231183697,-0.0059863783008722304,0.008762809751196254,-0.006217630861512946,0.5420880417887475,0.3474471970752975,0.18816162377088683,0.18419830116258754
2023-07-28,0.008863190325117065,-0.0007044597937843067,0.00863193776447635,-0.0009357123544250223,0.5835459527273382,0.35025239511197886,0.20033879866709023,0.1852673018237794
2023-07-31,0.012520189775550694,0.005484562836559181,0.012288937214909978,0.005253310275918466,0.6075772865795016,0.356423693778188,0.20920591495972027,0.18880971900667615
2023-08-01,0.007453613857267838,-0.0010251191770254131,0.007222361296627122,-0.0012563717376661288,0.5927622885083195,0.3513092329503193,0.2036089173136958,0.18285158435719
2023-08-02,-0.02061111947886296,-0.010489749274959825,-0.020842372039503676,-0.010721001835600541,0.7873080807376963,0.3362414935657944,0.2695358413303914,0.1718135161513532
2023-08-03,-0.009196131103093363,-0.007420685416911321,-0.009427383663734079,-0.007651937977552037,0.8468764857907184,0.356433925848646,0.283283678666015,0.18262344149925527
2023-08-04,0.00205710400703496,0.006983389270114548,0.0018258514463942443,0.006752136709473833,0.9014118401836413,0.35142756868881636,0.29646442934456374,0.18282260689576071
2023-08-07,0.0009738319215419899,0.004114401867602702,0.0007425793609012743,0.003883149306961986,0.8813661594964469,0.3462794865714965,0.2907020272040171,0.18019380868118604
2023-08-08,-0.0042845710275372095,-0.0013497354646058168,-0.004515823588177925,-0.0015809880252465325,0.9032192068153727,0.3488784533538864,0.2974442005568877,0.18135184397412712
2023-08-09,0.004228083451395692,0.003152707884763739,0.0039968308907549766,0.0029214553241230234,0.8906937575266215,0.3727388517904419,0.29371565735460736,0.1903230540800879
2023-08-10,0.012770202403964648,-0.004556268458015711,0.012538949843323932,-0.0047875210186564265,0.8552803187212371,0.35736523494622513,0.2849393975098589,0.18199410456948875
2023-08-11,0.0001085435448946459,-0.005874136161590715,-0.00012270901574606974,-0.006105388722231431,0.8830131818200072,0.3573506136877207,0.2970892221771886,0.18268803094719052
2023-08-14,0.00038962651020812977,0.00032169565781225984,0.00015837394956741413,9.04430971715442e-05,0.8803652413105159,0.3690918598895908,0.29201685505940184,0.1874267014874318
2023-08-16,0.026009183148430592,0.0015667570139761278,0.025777930587789877,0.0013355044533354121,0.8793027619558046,0.37397841594382625,0.28508669048777285,0.18730296995181916
2023-08-17,-0.012009716918661595,-0.005124582584125403,-0.01224096947930231,-0.005355835144766119,0.9225874620252938,0.39022296635103354,0.29807852249451383,0.1947048929710428
2023-08-18,-0.014353153817666775,-0.0028452826260957353,-0.01458440637830749,-0.003076535186736451,0.983862282547343,0.40158654379897374,0.31426372679025816,0.19822980300509896
2023-08-21,0.04130839255349095,0.0043215209131937105,0.04107713999285023,0.004090268352552995,1.086031397299496,0.4456772319978602,0.33453809858758565,0.21065804356956394
2023-08-22,0.013962559695229748,0.00014693555773015454,0.013731307134589033,-8.43170029105611e-05,1.0881217632818887,0.4503099864003794,0.33547412622648387,0.211984649802863
2023-08-23,0.016401553998605767,0.0024515199000461063,0.01617030143796505,0.0022202673394053907,1.0841980009583023,0.45566568731006823,0.3326354568838785,0.21386653637453729
2023-08-24,0.03710095996261087,-0.002946964680621278,0.03686970740197015,-0.0031782172412619936,1.0133607559932138,0.42481822706231837,0.3059539623929291,0.1938236347129684
2023-08-25,0.00737240852024601,-0.006236153774081932,0.007141155959605294,-0.006467406334722647,1.0913360164287798,0.4129402207160233,0.32714719626866023,0.18866083705808304
2023-08-28,-0.00934231043275402,0.002089194238900971,-0.009573562993394735,0.0018579416782602554,1.1155389493095729,0.406566848943508,0.32992974860619645,0.1849642771562574
2023-08-29,-0.01051788506438589,0.0018957584743610756,-0.010749137625026606,0.00166450591372036,1.10700862739699,0.40994092871014426,0.3247457082985584,0.1800289685248599
2023-08-30,0.009938816316225507,0.0002480956863764039,0.009707563755584792,1.6843125735688247e-05,1.0975116834664662,0.4066281278541007,0.31903102844208925,0.17830928635847876
2023-08-31,0.05217072578732229,-0.004840350603388277,0.051939473226681576,-0.005071603164028993,0.9013728124301267,0.3349388738334045,0.2533281956737051,0.14002621329173334
2023-09-01,0.025824868123815126,0.009426710188917609,0.02559361556317441,0.009195457628276893,0.9254246507586841,0.3680968061681378,0.26652869542560975,0.15346953751872494
2023-09-04,0.05501883973657562,0.004810833701642592,0.054787587175934904,0.004579581141001876,0.9750004522987203,0.4090222315197188,0.2769457438939753,0.16196799646108057
2023-09-05,0.005721283456248338,0.0023605960187407238,0.005490030895607623,0.002129343458100008,0.9719577944284041,0.42509688916927363,0.2764576399342978,0.16730359438524497
2023-09-06,-0.027631470290198856,0.0018467726478093027,-0.027862722850839572,0.001615520087168587,0.9585099890672607,0.41347853469933515,0.2610858262657064,0.1581274150715735
2023-09-07,0.010189650453552579,0.005915032360780392,0.009958397892911863,0.005683779800139677,0.9386974583867597,0.4621943417413539,0.2554580102917494,0.17242361314983046
2023-09-08,0.0301759857198467,0.004709190366575022,0.029944733159205983,0.004477937805934307,1.0878017790751264,0.4978228479261193,0.29931328698639875,0.18334114716898173
2023-09-11,0.08301228219910417,0.008900143420050854,0.08278102963846345,0.008668890859410139,1.3932213946239194,0.652571206454661,0.34934316888071604,0.2200617597882827
2023-09-12,-0.07325713815353663,-0.0001575482868895195,-0.07348839071417734,-0.00038880084753023514,1.5196511424594397,0.6785937086510795,0.337937260726321,0.20721318572813446
2023-09-13,-0.0003741205089915489,0.003841345269944396,-0.0006053730696322646,0.0036100927093036805,1.5067971001820477,0.6777796368426863,0.3364151215365743,0.20368904395172358
2023-09-14,0.01597639135389506,0.001649208239910216,0.015745138793254343,0.0014179556792695003,1.5542961808004936,0.7030846157574828,0.34484421118367203,0.20342344558649106
2023-09-15,-0.001885302224224339,0.004439613877174287,-0.0021165547848650546,0.004208361316533571,1.4585682688203365,0.6924794829843347,0.32348034774295825,0.19876034408480997
2023-09-18,-0.018944713829062154,-0.002924316846098174,-0.01917596638970287,-0.0031555694067388895,1.6059941914215714,0.7176070097664331,0.35421837448081683,0.20411029620137403
2023-09-20,-0.012689904268639363,-0.011518249945432046,-0.012921156829280078,-0.011749502506072762,1.5997310828012314,0.7511020443705512,0.36753993651729794,0.2181069955132271
2023-09-21,-0.013876500271950087,-0.007991939166498319,-0.014107752832590803,-0.008223191727139034,1.6495907610053597,0.7996505501004219,0.3863528482695632,0.2330321531285687
2023-09-22,0.007846043622937504,-0.003449417659114995,0.0076147910622967885,-0.0036806702197557106,1.629591279029294,0.7929621515632889,0.38114801541303445,0.2299011224645874
2023-09-25,-0.0059662803990186974,1.5288066889551644e-05,-0.006197532959659413,-0.000215964493751164,1.6139440399408742,0.8140268039374559,0.37366648643089545,0.23458751911066822
2023-09-26,0.009085184886901798,-0.0005007261720755274,0.008853932326261083,-0.000731978732716243,1.5999705657849246,0.8147373356053038,0.3786429867858717,0.23486171006908163
2023-09-27,0.013329364715524816,0.002631619198663282,0.0130981121548841,0.0024003666380225663,1.6175305527732866,0.8155753396975643,0.37926470364888687,0.23406991812568775
2023-09-28,-0.0040087752921307285,-0.009783629666773708,-0.004240027852771444,-0.010014882227414423,1.6680460559513406,0.8220744104539985,0.39625146816583096,0.23716896333627976
2023-09-29,0.011335689844093721,0.005877516917168757,0.011104437283453006,0.005646264356528041,1.7381029292351664,0.8268074282513609,0.4022834759887843,0.23926042201385717
2023-10-03,0.012242676902540994,-0.005578424654468894,0.012011424341900279,-0.00580967721510961,1.6570789235470083,0.8008985890808815,0.3843094501583723,0.23292580786603923
2023-10-04,-0.003032148016169023,-0.004744307271330683,-0.0032634005768097385,-0.004975559831971399,1.7016921339991244,0.8288341158109517,0.39684096572076943,0.24062622957805965
2023-10-05,0.002437036786918645,0.005641584105285702,0.0022057842262779292,0.005410331544644986,1.6576254849797658,0.9056541998331678,0.3899102069896077,0.25481872843017833
2023-10-06,-0.007500301999225911,0.0055127073660514725,-0.007731554559866627,0.005281454805410757,1.5847529209573503,0.8841463501118907,0.3724792223186593,0.24905761647605504
2023-10-09,-0.042501074895972435,-0.00718194675884698,-0.04273232745661315,-0.0074131993194876955,1.6673198433654959,1.017405149326512,0.3802512388461911,0.27891991349894824
2023-10-10,0.023168580285189755,0.00909680297624016,0.02293732772454904,0.008865550415599444,1.6865242325208276,1.043153448830299,0.3930527025207543,0.28788974554815755
2023-10-11,-0.0005204137226241246,0.006170692128707245,-0.0007516662832648402,0.005939439568066529,1.5571173283424,1.0259296932086779,0.37396444254139216,0.2842645775597019
2023-10-12,0.02143736514118255,-0.0008757409120068171,0.021206112580541836,-0.0011069934726475328,1.5374330801251974,1.0312280839576653,0.36755320882112513,0.2842701967554538
2023-10-13,0.007471055125888748,-0.0021698099802970328,0.0072398025652480325,-0.0024010625409377484,1.538472075790191,1.0398704727495813,0.3688243213386361,0.28638948596634595
2023-10-16,0.009232140557601687,-0.0009772027556287366,0.009000887996960971,-0.0012084553162694522,1.5820689860641513,1.0371994544292056,0.373381059819115,0.2858724074562641
2023-10-17,0.014337336873122775,0.004041709427698992,0.014106084312482059,0.003810456867058276,1.641888147882183,1.0463379562656687,0.3828014709266826,0.2861989837861805
2023-10-18,-0.0003554208030274175,-0.007086812741337156,-0.0005866733636681332,-0.007318065301977872,1.6242159421030213,1.0393521779299895,0.3835516346381258,0.2864605286620088
2023-10-19,-0.014691903903113701,-0.0023588102112444,-0.014923156463754417,-0.0025900627718851155,1.573086359375238,1.0534481537850604,0.37540836131894845,0.289067501150772
2023-10-20,0.02309481427819038,-0.004180896084593599,0.022863561717549663,-0.004412148645234315,1.546467661509203,1.0194595040156509,0.36299003178034395,0.2799911742138899
2023-10-23,-0.06750217738522768,-0.013350307425555652,-0.0677334299458684,-0.013581559986196368,1.9850624058865232,1.2506961803021066,0.43615895791870746,0.3340954627362333
2023-10-25,-0.006825362863283946,-0.008277236732921023,-0.0070566154239246615,-0.008508489293561738,1.9751262551447395,1.2760540412570052,0.4395124651526192,0.3424751090789332
2023-10-26,-0.01232936630624204,-0.013853064912347501,-0.012560618866882756,-0.014084317472988217,1.8980233788062528,1.2757363513317428,0.44553903439399084,0.3509905646998124
2023-10-27,0.019826928366793783,0.010075700327460302,0.019595675806153068,0.009844447766819586,1.9024119282659018,1.2848421264742778,0.45432738340890355,0.35689503994095373
2023-10-30,-0.003824949448811954,0.004916740769664862,-0.00405620200945267,0.004685488209024147,1.895061974370273,1.284123386362805,0.45222123660336366,0.3561563840226765
2023-10-31,0.004891617606658238,-0.0032026069828995363,0.004660365046017523,-0.003433859543540252,1.887565483143241,1.312351389295564,0.4514069069077031,0.36184374204153785
2023-11-01,-0.0019328312651077928,-0.004740624572936891,-0.0021640838257485084,-0.004971877133577607,1.8911910706471182,1.325366479713479,0.4505044777661149,0.36577557824158224
2023-11-02,0.0,0.007588523257266999,-0.00023125256064071564,0.0073572706966262835,1.818763049550392,1.296845908543754,0.44016940699271356,0.35967347968414237
2023-11-03,0.0,0.005087980838331285,-0.00023125256064071564,0.00485672827769057,1.752402949616206,1.3211587329750567,0.4200966496119616,0.3638519635203024
2023-11-06,0.0,0.00941990339899168,-0.00023125256064071564,0.009188650838350965,1.6559596502248608,1.3045712886752812,0.401443101765222,0.3576116307918559
2023-11-07,0.0,-0.000260191958478706,-0.00023125256064071564,-0.0004914445191194217,1.703543415330612,1.3581332516444424,0.4080082458879172,0.3671550096627681
2023-11-08,0.0,0.0018962926582819506,-0.00023125256064071564,0.001665040097641235,1.7176417809916227,1.3547452152345505,0.40994763750585234,0.36632590199622855
2023-11-09,0.0,-0.002478937369815082,-0.00023125256064071564,-0.0027101899304557975,1.713876173450385,1.3611249800734713,0.4097719306988601,0.3682473333297404
2023-11-10,0.0,0.001549283945833313,-0.00023125256064071564,0.0013180313851925973,1.7170472398884342,1.3576530239565754,0.4096182025522344,0.36725817915573344
2023-11-13,0.0,0.0009369804014345284,-0.00023125256064071564,0.0007057278407938128,1.7507060869310196,1.3577195397781203,0.41606289918213823,0.3672745261609566
2023-11-15,0.0,0.011926753508604282,-0.00023125256064071564,0.011695500947963566,1.630300034935081,1.3067806620367215,0.39753397657309747,0.35884199889189233
2023-11-16,0.0,0.004561522280999375,-0.00023125256064071564,0.004330269720358659,1.6081877041797425,1.3009584880216603,0.39386025133788416,0.3558883286087358
2023-11-17,0.0,-0.0016897597201204206,-0.00023125256064071564,-0.0019210122807611363,1.5961704175269202,1.3070523453849558,0.39383282766908273,0.3559003398397294
2023-11-20,0.0,-0.0019157289123818977,-0.00023125256064071564,-0.0021469814730226133,1.5783152738256567,1.3076301351708046,0.38847505833269674,0.35578905457010573
2023-11-21,0.0,0.0045394734754240496,-0.00023125256064071564,0.004308220914783334,1.5376738595287585,1.3056753061725657,0.38088168090501223,0.3554237140713771
2023-11-22,0.0,0.0014380348265852216,-0.00023125256064071564,0.001206782265944506,1.4750997461512938,1.322803700758055,0.3718836117257291,0.35870045298741277
2023-11-23,0.0,-0.0004971574875239915,-0.00023125256064071564,-0.0007284100481647071,1.4769431630531384,1.326381154759512,0.37302345367934836,0.3596617684368632
2023-11-24,0.0,-0.00036868908443588033,-0.00023125256064071564,-0.000599941645076596,1.4669369775561094,1.3272389451651938,0.37112941096378843,0.35915572645526944
2023-11-28,0.0,0.004799264638990497,-0.00023125256064071564,0.004568012078349781,1.5104577977911955,1.317466902317095,0.3901764724660675,0.3572506445605094
2023-11-29,0.0,0.010402389113554511,-0.00023125256064071564,0.010171136552913795,1.4817038509876468,1.311998143937705,0.3875205187649801,0.3563705957425639
2023-11-30,0.0,0.0018187545137213768,-0.00023125256064071564,0.0015875019530806611,1.4885729781008035,1.3246720314607836,0.3900448132054887,0.35881416435782887
2023-12-01,-0.0003903496372391624,0.0066929416105065975,-0.000621602197879878,0.006461689049865882,1.4647219700069467,1.3046288313673144,0.3878300413290461,0.3550132875488002
2023-12-04,0.0014622435963012048,0.020668169003769332,0.0012309910356604892,0.020436916443128617,1.2379824424097419,1.1630574371480904,0.35627102298608104,0.33121147098952214
2023-12-05,-0.004442450159373501,0.008135565760247543,-0.004673702720014217,0.007904313199606827,1.3334206565810134,1.1240226387891028,0.40118639060685213,0.321821264448114
2023-12-06,-0.005555731971031097,0.003960643244200535,-0.005786984531671813,0.003729390683559819,1.277344345593171,1.1060679637749318,0.38370423147553756,0.31814445573121053
2023-12-07,-0.0020335012310167544,-0.0017455990623970186,-0.00226475379165747,-0.001976851623037734,1.2030002178856976,1.0877985973124271,0.3820091944292364,0.3182515920731746
2023-12-08,-0.004217938789396247,0.003265370504707432,-0.004449191350036963,0.0030341179440667165,1.1951064828363036,1.0834451896153834,0.3798757600312892,0.3173630583249364
2023-12-11,0.00999391131867755,0.001320935183362959,0.009762658758036835,0.0010896826227222434,1.2043092983521742,1.0821640665311403,0.38799920986998854,0.3157708489880435
2023-12-12,-0.009878762856892598,-0.004319607014175553,-0.010110015417533313,-0.004550859574816268,1.2040317878017703,1.0983304452202556,0.3882552934146261,0.3195611634586195
2023-12-13,-0.0023296382760266132,0.0009542158562574343,-0.002560890836667329,0.0007229632956167187,1.1648311540198553,1.1471154204742826,0.38186003050416895,0.3374065340538347
2023-12-14,0.0015198977260013624,0.012250087289956912,0.0012886451653606468,0.012018834729316197,0.8854674449410483,1.1059502548977689,0.3522938436027418,0.3301852208709037
2023-12-15,0.012150434329279758,0.012932779200891975,0.011919181768639042,0.01270152664025126,0.8660048602414208,1.1074349988566832,0.42592335666281156,0.33509580062748034
2023-12-18,-0.0026916663387236417,-0.0017710126840955187,-0.0029229188993643573,-0.0020022652447362344,0.8680873080906447,1.1127750562560816,0.42690765626482907,0.33717049747850397
2023-12-19,-0.00231712860964306,0.0016083748565725031,-0.0025483811702837755,0.0013771222959317875,0.864110154300283,1.1323454499975278,0.4302031098897659,0.34274391486068523
2023-12-20,-0.019085120257829158,-0.01412146609423337,-0.019316372818469874,-0.014352718654874086,0.895792164899141,1.1195258124620555,0.4563608541849124,0.34767432822489436
2023-12-21,0.01086397069997802,0.004959794076523361,0.010632718139337305,0.004728541515882645,0.8880823219356261,1.156432181601735,0.4566190143568814,0.3617006666542035
2023-12-22,0.0061740239932910335,0.004438926556610712,0.005942771432650318,0.004207673995969996,0.8872063539712395,1.149250843884925,0.4468856761077678,0.36054797769388724
2023-12-26,0.0003063105024521118,0.004306875934107168,7.505794181139613e-05,0.004075623373466453,0.8656895851444456,1.1478324245044067,0.4338182250124154,0.36122488870494734
2023-12-27,0.005300041930387467,0.0099527499207277,0.005068789369746751,0.009721497360086984,0.8809603145235192,1.1316178065499916,0.4461156794927879,0.3580830656073561
2023-12-28,0.0021461583734365686,0.005723881307796219,0.001914905812795853,0.0054926287471555035,0.8761304184395711,1.1177507820898391,0.4454864051936759,0.35327264526860463
2023-12-29,0.0014143490593709895,-0.0021717930740454694,0.001183096498730274,-0.002403045634686185,0.8780239472248436,1.11532216144759,0.44893723824228826,0.3596418324936339
2024-01-01,0.008009893216566644,0.00048317180721269004,0.007778640655925928,0.0002519192465719744,0.8697142126286402,1.1110357240983249,0.44711779498838644,0.3573164444922241
2024-01-02,0.002274943622798009,-0.003500136051024061,0.0020436910621572935,-0.0037313886116647765,0.8822613324151956,1.1253098871282456,0.4452135118021411,0.3607959804270521
2024-01-03,-0.004290519080941135,-0.00685186637566948,-0.004521771641581851,-0.007083118936310195,0.8598626645068799,1.1304013705791658,0.4405729871492747,0.3605941403453306
2024-01-04,0.003519222094220842,0.006564470186349425,0.0032879695335801262,0.006333217625708709,0.9087206404961591,1.1016879805609994,0.46661105542501724,0.3532591299542102
2024-01-05,0.006538863160162833,0.002410182228605562,0.006307610599522118,0.0021789296679648462,0.9181231610875293,1.1099845890071622,0.46689759043522994,0.3562047014417099
2024-01-08,0.02276182766689483,-0.00911070868564301,0.022530575106254114,-0.009341961246283725,0.7917897512230326,1.04350272613409,0.40023294959884204,0.3371497515646234
2024-01-09,0.011594178382526188,0.0014804820050666745,0.011362925821885472,0.0012492294444259588,0.8074835477428737,1.03751478730172,0.4056549718624334,0.3348565718398557
2024-01-10,0.0011831892270319777,0.0034277152411805734,0.0009519366663912621,0.0031964626805398577,0.6884519590266182,1.0003578521160748,0.3748947934494839,0.32247877420137017
2024-01-11,0.007778579334115632,0.0013183031833516878,0.007547326773474916,0.0010870506227109722,0.6386679284476278,1.001715003784092,0.3529908549903977,0.3234922039749066
2024-01-12,-0.002648868516391456,0.011426492637705898,-0.0028801210770321717,0.011195240077065183,0.6102922017778817,0.933427237149119,0.34197430225451947,0.3115943967757331
2024-01-15,0.015652550231744833,0.009267074694848665,0.015421297671104117,0.00903582213420795,0.6596566469198758,0.9387022912130725,0.3776838916649255,0.3147958979243801
2024-01-16,-0.0008312831034746893,-0.0029482333845447517,-0.001062535664115405,-0.0031794859451854673,0.6703326167357814,0.9399873479264563,0.3853077906946745,0.31586339211992354
2024-01-17,-0.0032165114608598833,-0.020894393512082443,-0.003447764021500599,-0.02112564607272316,0.5995551542008438,0.8841685465488964,0.3760774598260073,0.3104371927176128
2024-01-18,-0.008198559911811953,-0.0050852715087356115,-0.008429812472452669,-0.005316524069376327,0.5981472836030169,0.8972099327502897,0.3802149156947346,0.31414588871773336
2024-01-19,0.0032687477509916185,0.00746195718645537,0.003037495190350903,0.0072307046258146546,0.6098272102608583,0.8880655703239715,0.38527995170967505,0.3124112840935434
2024-01-23,-0.03445389055439485,-0.01774084294273448,-0.034685143115035566,-0.017972095503375196,0.717539962172385,0.935622238619573,0.45124323762895613,0.34020681172009054
2024-01-24,0.017943652319287295,0.010129971071150878,0.01771239975864658,0.009898718510510163,0.7882437446159622,0.9435239144719517,0.504794664726575,0.34386611919001764
2024-01-25,0.02453450946414093,-0.004724053755400193,0.024303256903500214,-0.004955306316040908,0.49314053581568584,0.9251950323924983,0.4160688782829709,0.33171592272922423
2024-01-29,0.016735535341379393,0.018030591452244726,0.016504282780738677,0.01779933889160401,0.5177727567653392,0.9207953816194904,0.43904099023031307,0.33792713546520625
2024-01-30,0.0223889154557797,-0.009913698102483215,0.022157662895138985,-0.01014495066312393,0.3994007135864203,0.8682115578023293,0.3261896688706865,0.32366871695360044
2024-01-31,0.02435786498123016,0.009460025419002926,0.024126612420589444,0.00922877285836221,0.4068479666822447,0.8906227446687477,0.32624759548497667,0.3318953876141595
2024-02-01,0.016163974710508233,-0.0013003033741542103,0.015932722149867518,-0.001531555934794926,0.39804634883157847,0.8991658959758051,0.3148500777854384,0.33333841547981574
2024-02-02,-0.02072136827586224,0.007205988175093214,-0.020952620836502955,0.006974735614452499,0.3689044569251327,0.8685019935704524,0.27906652779742475,0.32098848341566316
2024-02-05,-0.022108439679466296,-0.0037568550808078083,-0.022339692240107012,-0.003988107641448524,0.4035849994462631,0.8806480158252358,0.291696317553769,0.32343964311049334
2024-02-06,0.01590999071765231,0.007243402101531293,0.015678738157011596,0.007012149540890578,0.4272161614784079,0.8909151159411616,0.304201654029545,0.32770022923780734
2024-02-07,0.010999507297330124,5.014315737827957e-05,0.010768254736689409,-0.00018110940326243608,0.42401772284028566,0.8627984174204526,0.30008296402450485,0.3156188761520828
2024-02-08,-0.00029818591551067364,-0.009692017110872975,-0.0005294384761513893,-0.00992326967151369,0.4268011265516331,0.8446902452973638,0.3054851597492224,0.3106723195016323
2024-02-09,-0.014736463908005981,0.0029722318898448563,-0.014967716468646697,0.0027409793292041407,0.4206592951376317,0.8441549570266418,0.29515396501054314,0.30844532873477865
2024-02-12,-0.055369403646862825,-0.0076414194307357075,-0.05560065620750354,-0.007872671991376423,0.5573288865125677,0.9217956474603849,0.3292011766489393,0.325983974925264
2024-02-13,-0.0019696472160983802,0.005884480011507653,-0.002200899776739096,0.005653227450866938,0.5530398446605436,0.9119558811024692,0.32649007404954566,0.3231776397000208
2024-02-14,0.02087220067495421,0.004451992284961959,0.020640948114313495,0.004220739724321243,0.5659106950941959,0.9214221073869271,0.3283523412545548,0.32558250187914745
2024-02-15,0.012504283305716513,0.0032371361888359207,0.012273030745075797,0.003005883628195205,0.5694482019317068,0.9388124507043242,0.32860979679271696,0.3310494885651082
2024-02-16,-0.009126565454013358,0.005930843022260657,-0.009357818014654073,0.005699590461619941,0.5749759484156797,0.9292837913856308,0.32631562116466184,0.32658678899375343
2024-02-19,0.01641499774751276,0.0037000088082788096,0.016183745186872045,0.003468756247638094,0.5846103974484351,0.9342916088450782,0.32834501705832886,0.32788899291274937
2024-02-20,0.008289314612921261,0.0033766555730090353,0.008058062052280546,0.0031454030123683197,0.5874451582770256,0.9336625443265376,0.32886730121802066,0.3296289556910246
2024-02-21,-0.02828732660599753,-0.006392700010330099,-0.028518579166638247,-0.006623952570970815,0.645287292987978,0.9550689281724428,0.35053595366502244,0.3350247241522944
2024-02-22,0.014652867937651415,0.0073633218581414805,0.0144216153770107,0.007132069297500765,0.6623178485300686,0.9526788926030967,0.3584103666343438,0.3353787533915968
2024-02-23,0.002070519761047107,-0.0002137959201901074,0.0018392672004063915,-0.00044504848083082305,0.6610898676830411,0.93274666863734,0.35797938449722616,0.33351819088014767
2024-02-26,-0.007877293301973842,-0.004080928508836235,-0.008108545862614558,-0.00431218106947695,0.6699272871573836,0.9395311672041735,0.3629779727914084,0.3368110663452234
2024-02-27,0.002729716975914176,0.003448994348646428,0.0024984644152734603,0.0032177417880057124,0.6700090971626794,0.9357798503070291,0.36292425113846194,0.3363269591898791
2024-02-28,-0.02487708123302701,-0.011135927809948543,-0.025108333793667725,-0.011367180370589258,0.7317920633640177,0.9932972923319381,0.39410362500105356,0.36316430916034476
2024-02-29,0.023350291851410354,0.0014418556686905948,0.02311903929076964,0.0012106031080498791,0.7497347171968877,1.0106756353666475,0.392406013692702,0.36608361306679094
2024-03-01,-0.0048077841277816,0.016192168700068565,-0.005039036688422316,0.01596091613942785,0.686248974218337,0.9589619310760342,0.3688048891056811,0.35425954181721353
2024-03-04,0.010120161616041345,0.0029925402887358565,0.00988890905540063,0.002761287728095141,0.6956991350796138,0.9623937022741645,0.37179671552993954,0.355945226608156
2024-03-05,-0.023521018023384688,-0.00220029050703785,-0.023752270584025403,-0.0024315430676785654,0.7898241419643343,0.9759312196371536,0.3937545471116654,0.3589635686955859
2024-03-06,-0.028359284806894203,0.005266971542034149,-0.02859053736753492,0.005035718981393433,0.7739891103275038,1.009717675367543,0.37352802286885345,0.3779185833685196
2024-03-07,0.019179229000691134,0.0008676673462120199,0.018947976440050418,0.0006364147855713043,0.7790923887701318,0.9862352121194893,0.37207033801580464,0.36830135621702403
2024-03-11,-0.018346956108459267,-0.007153178801771132,-0.018578208669099983,-0.007384431362411847,0.8082053455749755,0.9704914202869581,0.3847309558550273,0.3754399747567252
2024-03-12,-0.015425014031477002,0.0001365188668460693,-0.015656266592117718,-9.473369379464636e-05,0.8163702692356494,0.9719138880428759,0.38551294489556703,0.3749630183069144
2024-03-13,-0.055904019309777175,-0.015132725270416536,-0.05613527187041789,-0.015363977831057252,0.994593135847946,1.077975881179886,0.445767088991055,0.4128799465284694
2024-03-14,0.03477947638309553,0.006771215952804832,0.034548223822454815,0.0065399633921641165,1.03245317899983,1.1002552318325314,0.45037564659424784,0.41647246796345955
2024-03-15,-0.020089086976584514,-0.005567468627318717,-0.02032033953722523,-0.0057987211879594325,1.0551524007119415,1.097931025290339,0.45818365659796545,0.4188727153167085
2024-03-18,0.0037583013352142647,0.0014688778023679294,0.003527048774573549,0.0012376252417272138,1.088455398423414,1.0032559300569983,0.4644719271137426,0.4150470955998544
2024-03-19,-0.021255889214324752,-0.010802196640288697,-0.021487141774965468,-0.011033449200929413,1.1194418164726174,1.009233473945185,0.4725666262320797,0.45255794784146813
2024-03-20,-0.00554877289263056,0.0009923428906801757,-0.005780025453271276,0.00076109033003946,1.1184040214156405,1.0105040526989648,0.4716437925488414,0.452602034632017
2024-03-21,0.05378451402746198,0.0079146856998078,0.05355326146682127,0.007683433139167084,1.209660738122819,1.0600316056672872,0.48183983658156254,0.45810851339187425
2024-03-22,-0.005684177198197582,0.0038524885010076115,-0.005915429758838298,0.003621235940366896,1.1926890034866118,1.0590231799721017,0.4654161242284444,0.4573517508190797
2024-03-26,0.01030683168671831,-0.00416580634029895,0.010075579126077594,-0.0043970589009396654,1.165969917608007,1.0388934310366051,0.4553910802797469,0.45063654323316976
2024-03-27,0.04635549085424606,0.005405716783151604,0.046124238293605346,0.005174464222510888,1.2184763476852725,1.0683096003699508,0.45712493564349516,0.44632345680381197
2024-03-28,0.023626770280922083,0.009187001078543977,0.023395517720281367,0.008955748517903261,1.2515666358847477,1.079587932961299,0.46895465446177764,0.4486991572903437
2024-04-01,0.023223891871191116,0.006050979178091831,0.0229926393105504,0.005819726617451115,1.2947004321212925,1.1011915787066078,0.47722128635890276,0.4550865403332584
2024-04-02,1.7095992995264098e-05,-0.0003872860275131451,-0.00021415656764545155,-0.0006185385881538608,1.304241402303699,1.1000818258529501,0.47898224864602523,0.45495143978940317
2024-04-03,0.034524879845573064,-0.0008306302403686683,0.03429362728493235,-0.001061882801009384,1.2933729641317153,1.0918841886556592,0.4655366681939914,0.44535694891099636
2024-04-04,-0.0017099294040512358,0.003565912488363576,-0.0019411819646919515,0.0033346599277228606,1.286793311041639,1.0871578232495795,0.4638821851206713,0.44437561834048805
2024-04-05,-0.003224997619829195,-4.224679746289706e-05,-0.003456250180469911,-0.0002734993581036127,1.293777282528925,1.0994841263416988,0.4650718404271153,0.4453040344766926
2024-04-08,0.00698492462029443,0.006778164752814453,0.006753672059653715,0.006546912192173737,1.2954307930826838,1.0954347888447216,0.4644490599202955,0.44440303018694394
2024-04-09,0.00847050124853288,-0.0010390218270411866,0.008239248687892164,-0.0012702743876819023,1.3015248806740303,1.112094858864674,0.4643582393861395,0.45011001180592286
2024-04-10,-0.001457469861482652,0.0049044741142307835,-0.0016887224221233677,0.004673221553590068,1.2896847392747515,1.110727849229955,0.461101323458868,0.4488115197401619
2024-04-12,0.012814380671737569,-0.010301592814249916,0.012583128111096853,-0.010532845374890631,1.3047568481874723,1.068575924714754,0.47078295076944643,0.4349087969917438
2024-04-15,-0.016077265139601726,-0.010963897188301042,-0.016308517700242442,-0.011195149748941757,1.3119134175770566,1.0856959325595579,0.48019661100096006,0.4449547294268077
2024-04-16,0.008599529514514481,-0.005594325260972033,0.008368276953873766,-0.0058255778216127485,1.2912602099419748,1.0262698800074603,0.47405380918394946,0.43037536010019045
2024-04-18,0.007321449031662874,-0.0068652458503182245,0.007090196471022159,-0.00709649841095894,1.2617170151856536,0.9922322823610048,0.46642933506912204,0.41846998529051704
2024-04-19,-0.009200914824362028,0.0068717686886063944,-0.009432167385002743,0.006640516127965679,1.2832189533719396,0.9827748637222075,0.4683788501535279,0.41412376300992154
2024-04-22,0.028986145427791765,0.008551965982977361,0.02875489286715105,0.008320713422336645,1.3152119433777587,1.0126502098926353,0.47458053103388936,0.42639578455898647
2024-04-23,0.03239837742948137,0.0014147135985376202,0.03216712486884066,0.0011834610378969046,1.3254255501601047,1.0191429821505993,0.47023572442452377,0.4234935108208325
2024-04-24,-0.003409997610136828,0.0015379287654238016,-0.0036412501707775435,0.001306676204783086,1.4732654929220332,1.0217460273077386,0.48916133392829547,0.4246601402416973
2024-04-25,0.030116032363954215,0.0074969296067168845,0.0298847798033135,0.007265677046076169,1.5053997663339649,1.0390907930533864,0.4954671246223357,0.42922238393740686
2024-04-26,-9.052650817009678e-05,-0.006663626980883297,-0.0003217790688108124,-0.006894879541524013,1.5080477031904544,1.0397266269258683,0.49693863807832317,0.42926851879731404
2024-04-29,-0.03704212042460908,0.00996662256880243,-0.0372733729852498,0.009735370008161714,1.282700274045183,0.9688003595962458,0.403876143945369,0.39573528409937647
2024-04-30,-0.0014628655459223427,-0.00170251731563964,-0.0016941181065630584,-0.0019337698762803557,1.2729723829479622,0.9908655033702518,0.39694755192629977,0.4065499807527277
2024-05-02,0.0077702620890929275,0.0019177127972140884,0.007539009528452212,0.0016864602365733727,1.3317637223028544,0.8658924061833281,0.4162763951692664,0.3727985276578299
2024-05-03,-0.01032200111358772,-0.007609859296553445,-0.010553253674228436,-0.00784111185719416,1.3918839609713922,0.8716093211872152,0.4177035859430434,0.3744986174050918
2024-05-06,-0.006177446430710165,-0.0014749338156797576,-0.006408698991350881,-0.0017061863763204732,1.5433134894527407,0.8720745678416089,0.4565094786370759,0.36875068642536435
2024-05-07,-0.031946482358281125,-0.006246985595782073,-0.03217773491892184,-0.006478238156422789,1.5708460549472782,0.89038848922955,0.457276242269733,0.3716329235490525
2024-05-08,0.0027762163031792575,0.0,0.002544963742538542,-0.00023125256064071564,1.5832141953691379,0.8949864897055423,0.46249816357460566,0.37332503767573416
2024-05-09,-0.01777260910809164,-0.01546911781190452,-0.018003861668732357,-0.015700370372545236,1.626853320142553,0.9112422689760533,0.4949598953282475,0.38616221362866826
2024-05-10,-0.001137936660226102,0.0044494691449390444,-0.0013691892208668177,0.004218216584298329,1.5890386133774819,0.9105300204613461,0.48807198553348996,0.38514240739641137
2024-05-13,-0.010372561943161496,0.0022149680905385605,-0.010603814503802211,0.001983715529897845,1.5672309824905735,0.915672153934646,0.47822482895375396,0.38536512043531207
2024-05-14,0.02023245778929983,0.005148324587705533,0.020001205228659114,0.004917072027064817,1.5900632418510037,0.9284390644802122,0.48505996675970803,0.38878547739275165
2024-05-15,0.02566772703478626,-0.0007786004689536163,0.025436474474145543,-0.001009853029594332,1.6365719556895215,0.9326339056911491,0.48472661564687014,0.3853633686553505
2024-05-16,0.02607024735512775,0.009157377676264788,0.025838994794487036,0.008926125115624073,1.690817217603434,0.9542905539036807,0.5044769218188848,0.39309199291191066
2024-05-17,-0.006294777405822627,0.0027785403439750667,-0.0065260299664633425,0.002547287783334351,1.5421769221574384,0.9521163857285802,0.4815844078999149,0.3919358796896677
2024-05-21,-0.002484776314479409,0.002802051667603722,-0.0027160288751201245,0.0025707991069630065,1.5608716469257533,0.951716024019607,0.4851977791882703,0.3913531269835789
2024-05-22,0.006689356944844738,0.0030516154749500313,0.006458104384204022,0.0028203629143093156,1.5422893385970882,0.9527729662308392,0.48157008638283333,0.39177275631737685
2024-05-23,0.012764239029957603,0.01636661960848307,0.012532986469316887,0.016135367047842353,1.4597638945609637,0.944835678683956,0.47673799342354584,0.3948771952463483
2024-05-24,0.01711900535830657,-0.0004593757337192361,0.016887752797665856,-0.0006906282943599518,1.4887696631095144,0.960080236228196,0.4831639159379378,0.39661621169782413
2024-05-27,-0.005281365020228357,-0.0010737589261899938,-0.0055126175808690725,-0.0013050114868307094,1.4814204534749018,0.9645848979122307,0.48147661987911916,0.3980373780321566
2024-05-28,-0.031214784378933658,-0.0019317094176221072,-0.03144603693957437,-0.002162961978262823,1.5057291583749908,0.9798068754372401,0.47959470391494624,0.39861434050011496
2024-05-29,-0.003646402175087937,-0.008015115627261094,-0.003877654735728653,-0.00824636818790181,1.434247095082147,0.9751802250081074,0.46648112567733707,0.39892884875519774
2024-05-30,-0.008607804860796597,-0.009515599658179275,-0.008839057421437313,-0.00974685221881999,1.414275290167942,0.9775715108485605,0.4644541200672664,0.40249304699136584
2024-05-31,0.028698431036477734,0.0018697799732139142,0.02846717847583702,0.0016385274125731986,1.4286345263882143,0.9809968806139457,0.46304034289157675,0.4001704133930621
2024-06-03,0.006856754453541392,0.03254231769535276,0.006625501892900676,0.03231106513471205,1.081783845363546,0.8736627623535796,0.4086796395826268,0.3820580443424085
2024-06-04,-0.03016937673699338,-0.05929359941641077,-0.030400629297634096,-0.059524851977051485,0.8216710796559296,0.760966129219529,0.42266149030799377,0.4002616641360714
2024-06-05,0.01452890320607092,0.033624236760035675,0.014297650645430204,0.03339298419939496,0.7378077775884099,0.7303158703489356,0.40838297917957955,0.40102791966112056
2024-06-06,0.010610749630509675,0.008888049244237806,0.01037949706986896,0.00865679668359709,0.7379550313793222,0.7389009070370779,0.4129621241987887,0.40493629702006856
2024-06-07,-0.0003241639940901875,0.020539931466807104,-0.0005554165547309031,0.02030867890616639,0.7315582626503571,0.7135828872006964,0.4134235468380501,0.3970413693669366
2024-06-10,-0.005812352069826887,-0.0013289382574128705,-0.006043604630467603,-0.0015601908180535862,0.7313907326659025,0.7174364170281436,0.41330886942719347,0.39854102521928036
2024-06-11,0.004182595942537226,0.0002429314342191624,0.0039513433818965105,1.1678873578446769e-05,0.7233348311147728,0.7404268713767628,0.4136595271924795,0.404945164428898
2024-06-12,0.0040330799124179695,0.002497312914139238,0.003801827351777254,0.0022660603534985224,0.7417586743825316,0.7474253625971048,0.4317511162407122,0.4081189354090052
2024-06-13,-0.0028844304909817486,0.0032564994745150067,-0.0031156830516224643,0.003025246913874291,0.7391152629022242,0.748602181373217,0.43241274754759285,0.40886174219092813
2024-06-14,0.0007677505095138315,0.0028505279152657437,0.0005364979488731159,0.002619275354625028,0.7240600975258137,0.747776900485458,0.4259251255278237,0.4084206961175804
2024-06-18,0.005316711522556528,0.003933450786960613,0.005085458961915812,0.003702198226319897,0.7224995323458184,0.7495535175360625,0.42816831119669546,0.40958448124615826
2024-06-19,-0.009212712520675348,-0.0017786131162043084,-0.009443965081316064,-0.002009865676845024,0.6326582480775133,0.7513696378427389,0.3980640222101968,0.4104078805041963
2024-06-20,0.003697857609700428,0.0021687361796223215,0.0034666050490597122,0.0019374836189816058,0.6136163796710555,0.7480528587785411,0.39457716700643997,0.4088276282171165
2024-06-21,0.003550365154257218,-0.00279629951309035,0.0033191125936165022,-0.0030275520737310657,0.5966157705350656,0.7466612720461322,0.3885106688176536,0.4083882574872975
2024-06-24,-0.0029289015473874525,0.00156375661610908,-0.003160154108028168,0.0013325040554683643,0.5962299139834922,0.7547888701952788,0.38780765581002324,0.4105280089826021
2024-06-25,-0.00022661025825876369,0.007793879853915442,-0.00045786281889947933,0.007562627293274726,0.5629793363153972,0.749336400660236,0.3698152108133966,0.40640319942288256
2024-06-26,0.0010136194480498961,0.006218040121837909,0.0007823668874091805,0.005986787561197193,0.5590432663679931,0.7465862530215892,0.36856874501578235,0.405378985142308
2024-06-27,0.006009509289254922,0.007361040898544724,0.005778256728614206,0.007129788337904008,0.5214491716628946,0.7464769231525628,0.3691356220739416,0.40602083290093366
2024-06-28,0.008648100505941114,-0.0014099020825968367,0.008416847945300399,-0.0016411546432375523,0.5222830784381147,0.7320357497097243,0.37045063367055403,0.3964172901002349
2024-07-01,-0.0008577002240383047,0.005470484349075377,-0.0010889527846790203,0.005239231788434662,0.5257790030989746,0.7277374458383107,0.37287103271028565,0.39449517488621677
2024-07-02,-0.005643394347936703,-0.0007497161563467802,-0.005874646908577419,-0.0009809687169874959,0.5079083876036057,0.7282225180971785,0.3819075478106311,0.3944116831655689
2024-07-03,-0.0020865048497162864,0.006742306607722792,-0.002317757410357002,0.006511054047082077,0.48652818054145786,0.7253529732848701,0.37069041063076186,0.3931574122368524
2024-07-04,0.01309637029653632,0.0006444070008029268,0.012865117735895604,0.00041315444016221115,0.4745676012835663,0.7274519236848661,0.365382196286433,0.3923965397806584
2024-07-05,0.007042885222092288,0.0008928929498506211,0.006811632661451572,0.0006616403892099054,0.4740137041008899,0.7288152718334782,0.36463080414624743,0.39262376720172265
2024-07-08,0.0010697964416959138,-0.00013562113637344275,0.0008385438810551982,-0.0003668736970141584,0.4831310804476659,0.7292668955418009,0.3870188864513752,0.3927208436255729
2024-07-09,-0.0005297054457250594,0.004631820986013446,-0.000760958006365775,0.004400568425372731,0.4828121144545696,0.7278724736146104,0.3870060204966306,0.3923374185159295
2024-07-10,-0.0031697134617812983,-0.004450911197766749,-0.003400966022422014,-0.004682163758407465,0.4835676080282223,0.7297935279925639,0.3883790016807237,0.39340272963316897
2024-07-11,0.002505870603257021,-0.0003494426502141934,0.0022746180426163054,-0.000580695210854909,0.48141657800119286,0.7292540526443495,0.3864043484282368,0.39229335646272345
2024-07-12,0.006817298119818682,0.007657573644356042,0.0065860455591779665,0.007426321083715326,0.48536633028377074,0.7304458074576524,0.39075399564290486,0.39305793357734964
2024-07-15,-0.002236063953519274,0.003450669707641296,-0.0024673165141599895,0.0032194171470005806,0.4862085156182677,0.7287743934337723,0.3911460859759026,0.3922392159980523
2024-07-16,0.0006408809292812734,0.0010697158254551198,0.00040962836864055774,0.0008384632648144041,0.5113024252454825,0.7538529468255708,0.4099474200970112,0.4061306382942017
2024-07-18,-0.011624003259338767,0.007632129743428306,-0.011855255819979482,0.007400877182787591,0.4810970204528408,0.7433271208869887,0.384870242690555,0.40079153534871964
2024-07-19,-0.008559615335716142,-0.010884676251089243,-0.008790867896356858,-0.011115928811729958,0.4971557365126346,0.7449787780372713,0.399665689367452,0.4035642077652113
2024-07-22,-0.003463448665497526,-0.0008825762723847497,-0.0036947012261382417,-0.0011138288330254653,0.5097458558138521,0.7454112546901183,0.4083473164041215,0.40393917432011345
2024-07-23,0.009661729649809159,-0.0012321559717249908,0.009430477089168443,-0.0014634085323657064,0.5145210066113269,0.7542729093382301,0.4122931093687737,0.4066601400771013
2024-07-24,0.025440459745527333,-0.002677831825905974,0.025209207184886617,-0.0029090843865466898,0.4786047844223055,0.7404123041911259,0.38567549473079044,0.39634996479064916
2024-07-25,0.002792280431180627,-0.0003031269840456652,0.0025610278705399114,-0.0005343795446863808,0.4782005218636567,0.7403286700130067,0.4022071201843069,0.39610287982279785
2024-07-26,0.001573467314981425,0.01756732976027453,0.0013422147543407092,0.017336077199633815,0.464504039185162,0.744253243319124,0.397348090132363,0.39474398611819067
2024-07-29,0.009003006361458343,5.03324972633834e-05,0.008771753800817628,-0.00018092006337733224,0.44324099204939704,0.7405036143574094,0.39288472656519696,0.39231882272938545
2024-07-30,0.008549455129901018,0.0008536433743000504,0.008318202569260302,0.0006223908136593348,0.4455451899657554,0.7421005919828315,0.39203853400087496,0.39226666619229955
2024-07-31,0.01467385599942328,0.00377553501085659,0.014442603438782564,0.0035442824502158743,0.4929635498885512,0.7054859812828794,0.461374375437219,0.37246595311951325
2024-08-01,-0.0138357067557624,0.0023946791656728195,-0.014066959316403116,0.002163426605032104,0.49095805343379306,0.69592317136561,0.453599774500429,0.3660980513167034
2024-08-02,-0.014744281665753256,-0.011722935491954689,-0.014975534226393972,-0.011954188052595405,0.5060446216242986,0.7195214315536915,0.46753113886073244,0.38200582713013653
2024-08-05,-0.053338648484177464,-0.02678645789462286,-0.05356990104481818,-0.027017710455263577,0.6267013811553268,0.7995179682385272,0.5306602592450668,0.41912020524851595
2024-08-06,-0.019879337321569324,-0.0026209626510589334,-0.02011058988221004,-0.002852215211699649,0.6328740790648749,0.8337930315521593,0.5283759166263968,0.43522152388706364
2024-08-07,0.021968160484522326,0.012710162480444431,0.02173690792388161,0.012478909919803716,0.6278032766058055,0.8332117967892952,0.5390607725244078,0.43675004588643085
2024-08-08,0.002265235524861575,-0.007428747813561065,0.0020339829642208596,-0.007660000374201781,0.6214152326617638,0.8303551066542283,0.535885998502424,0.43773926723834905
2024-08-09,0.01211625649871051,0.010386864037815746,0.011885003938069794,0.01015561147717503,0.6107714594167325,0.8478888390252391,0.5256611179419896,0.4497923562968053
2024-08-12,-0.014516471489802618,-0.0008412844977941925,-0.014747724050443334,-0.001072537058434908,0.6161807764910553,0.8422506638734459,0.5248929909850991,0.44804331302241024
2024-08-13,-0.023571474303949014,-0.008543146999630324,-0.02380272686458973,-0.00877439956027104,0.6381136665035717,0.850324473348429,0.5362280973805034,0.4512451275634856
2024-08-14,0.008692591421588292,0.00019677699987563635,0.008461338860947576,-3.4475560765079294e-05,0.6297168782129989,0.8505936166092696,0.5355886985821384,0.4516182259038025
2024-08-16,0.008207931275391545,0.016459762490292462,0.007976678714750829,0.016228509929651747,0.6335114456338736,0.8503194230281754,0.5586742391574991,0.45368848101407433
2024-08-19,-0.005034074837033775,0.0012835584110202358,-0.005265327397674491,0.0010523058503795202,0.6159464059542988,0.8530684857026322,0.5570587943193791,0.456233493277342
2024-08-20,-0.013199498513814967,0.005135759339910173,-0.013430751074455682,0.0049045067792694574,0.6107881461648342,0.8101468932684777,0.5494070354489116,0.44887588885168384
2024-08-21,0.009375303618807784,0.0028887826964991703,0.009144051058167069,0.0026575301358584547,0.6124810614003162,0.814103120271414,0.5488955377266748,0.45034059641406987
2024-08-22,0.02137343835618899,0.001667357653657442,0.021142185795548274,0.0014361050930167263,0.6117885407591532,0.810172384564349,0.5384919581596312,0.4478332850809527
2024-08-23,0.00956574481198924,0.00046955607782672715,0.009334492251348525,0.0002383035171860115,0.6049617006226826,0.8079248620156171,0.5274425520359445,0.4468462420893233
2024-08-26,-0.0026028269292862616,0.007551387144671073,-0.0028340794899269772,0.007320134584030358,0.6042151295561383,0.808855738715328,0.53445115899247,0.4482675722705905
2024-08-27,-0.0021605407541365196,0.0002858944102370753,-0.0023917933147772352,5.464184959635965e-05,0.6033384217787179,0.8060175375717308,0.5340686497974252,0.4478859035447648
2024-08-28,-0.003676738295212423,0.0013830024432652799,-0.0039079908558531384,0.0011517498826245642,0.5919694969962197,0.8047673745233069,0.5479330462370996,0.4472654723382755
2024-08-29,-0.00888635003007543,0.00397565940632294,-0.009117602590716145,0.0037444068456822244,0.5909124613855407,0.7865190813218074,0.5424029973203822,0.44075564570100817
2024-08-30,0.009526659697186801,0.003337760073577778,0.009295407136546086,0.0031065075129370623,0.5892154358063807,0.7831263765319807,0.536930283518431,0.43887027137969287
2024-09-02,-0.013008865476036746,0.001695950113232314,-0.013240118036677462,0.0014646975525915984,0.589623034274713,0.7825505230176921,0.5545350542181197,0.4373476659444284
2024-09-03,0.008483530907780423,4.550829989491412e-05,0.008252278347139708,-0.00018574426074580153,0.6336603311651867,0.779589901968769,0.5610952576915768,0.43535309925244675
2024-09-04,-0.005284684375429061,-0.0032100820170585243,-0.005515936936069776,-0.00344133457769924,0.7680647376025055,0.7807699475347278,0.5108172800084693,0.43602959993537616
2024-09-05,-0.002351145531240717,-0.0021270784221717465,-0.0025823980918814327,-0.002358330982812462,0.8759268598809977,0.7632535874633221,0.5094289000224382,0.4275405275274574
2024-09-06,-0.02601560603469555,-0.011650350298901935,-0.026246858595336264,-0.01188160285954265,0.9274348711534416,0.7817667338937897,0.5335944627093805,0.43959900735253593
2024-09-09,-0.013919069778535298,0.003390048695012693,-0.014150322339176014,0.0031587961343719773,1.0427492599256942,0.8018849588804661,0.5570256342908335,0.4453198558220713
2024-09-10,-0.003693459494961804,0.0041986500501236534,-0.0039247120556025195,0.003967397489482938,1.033300361992917,0.7984158042986073,0.5528157265005527,0.4439387785322606
2024-09-11,-0.021782088628023444,-0.004897963449619458,-0.02201334118866416,-0.005129216010260174,1.0681181396296586,0.8015977108817586,0.5629578498778371,0.44668205634901137
2024-09-12,0.005549264968438328,0.01887963282727112,0.005318012407797612,0.018648380266630404,0.9949947680859041,0.7988306826077525,0.5531030903569211,0.4562970843038966
2024-09-13,0.00835808047748321,-0.0012761636040355961,0.008126827916842494,-0.0015074161646763118,0.9871233569464817,0.7972251836818949,0.5466904677399824,0.4572767816357867
2024-09-16,-0.020475357345044354,0.0010746751326089488,-0.02070660990568507,0.0008434225719682331,0.9883364594372114,0.7881432845410024,0.5370164477279699,0.4502096550101662
2024-09-17,-0.026103278328502344,0.0013709866056039743,-0.02633453088914306,0.0011397340449632587,0.9836799304668462,0.7861776611739965,0.5197486427621452,0.44617268482311717
2024-09-18,-0.028421117421526865,-0.0016129951842196455,-0.02865236998216758,-0.0018442477448603611,1.001768344814674,0.7293140918490497,0.513910652407428,0.42349704383863035
2024-09-19,-0.007757008364426832,0.0015072376499098983,-0.007988260925067547,0.0012759850892691826,0.9996998616855669,0.7141260063840957,0.5128168492150194,0.4209578724795721
2024-09-20,0.06106738377384002,0.014760441377741573,0.06083613121319931,0.014529188817100858,1.2210055815227583,0.7644791817162696,0.554907523125124,0.43268610003060703
2024-09-23,-0.007407048708556907,0.005742385099666292,-0.007638301269197623,0.005511132539025576,1.2061913403662692,0.7597741164704265,0.549086316538891,0.4299781205365897
2024-09-24,0.0011002398898567467,5.2030021699067674e-05,0.0008689873292160311,-0.00017922253894164797,1.2171746676171646,0.7452904633356032,0.5507396033889023,0.422085274408101
2024-09-25,-0.022095759132771065,0.0024575565157058943,-0.02232701169341178,0.0022263039550651786,1.2149931655823671,0.7428213604391231,0.5405458276851198,0.4177317961112235
2024-09-26,-0.016397569265699574,0.008148714241454025,-0.01662882182634029,0.00791746168081331,1.1648270695229257,0.7018337761569725,0.5166287627419047,0.4093078424336322
2024-09-27,0.00814555918933535,-0.0014152231703233875,0.007914306628694634,-0.0016464757309641032,1.1652485374213177,0.7012405533825299,0.5169884583085137,0.408915693338686
2024-09-30,0.0030223339572754693,-0.014060900852023384,0.0027910813966347536,-0.0142921534126641,1.065547930587973,0.6901331461889743,0.4884149912087456,0.4066518498658327
2024-10-01,-0.0011395203463900883,-0.0005404401234794243,-0.001370772907030804,-0.0007716926841201399,1.0633586426203796,0.6747565280587238,0.4875555791109679,0.4105957256488742
2024-10-03,-0.0071866014727772765,-0.021196375260987388,-0.007417854033417992,-0.021427627821628104,0.967385184012126,0.6482289230955737,0.4721300818780446,0.40510100676852007
2024-10-04,-0.0026198616948361897,-0.009326695880144675,-0.0028511142554769053,-0.009557948440785391,0.9440605714744539,0.6362938549000986,0.47005765795058463,0.4025099701747969
2024-10-07,-0.04772764144326702,-0.008748875168602677,-0.04795889400390774,-0.008980127729243392,1.0265715295742353,0.6693830517234534,0.4875203665160423,0.40989414815377195
2024-10-08,0.057575648159742254,0.00876764730346924,0.05734439559910154,0.008536394742828524,1.1336433694125727,0.7087679795856304,0.494789371812737,0.42128339781188046
2024-10-09,0.020220833626999335,-0.0012473907279866303,0.01998958106635862,-0.001478643288627346,1.126950967611291,0.7056440268488234,0.48536809125066577,0.41687025081155477
2024-10-10,0.013808247938221996,0.0006604768849507447,0.01357699537758128,0.0004292243243100291,1.1328101810160969,0.7052013429107078,0.48379451950771474,0.4155090811604884
2024-10-11,0.02411309328654454,-0.0013680536120755926,0.023881840725903825,-0.0015993061727163083,1.1212371623356492,0.6991814975465769,0.4722203752743874,0.4083604991064168
2024-10-14,0.027778437955825686,0.006557345754428789,0.02754718539518497,0.006326093193788074,1.1551690614293788,0.7117723696866124,0.47755686915396006,0.41221454209037395
2024-10-15,0.036491294393467655,-0.0028096049048969007,0.03626004183282694,-0.0030408574655376164,1.1265730722697744,0.7017283635348429,0.45267562622474566,0.39925382703321766
2024-10-16,-0.007188590864702471,-0.0034340754096676696,-0.007419843425343187,-0.003665327970308385,1.1289388697230371,0.7220701193995387,0.453968650055178,0.4095255388319879
2024-10-17,-0.027707795824254755,-0.008868227322834543,-0.02793904838489547,-0.009099479883475259,1.2028421946135979,0.7313914454212755,0.47929137001222266,0.41118060515054833
2024-10-18,0.007427619825957965,0.004210173941240125,0.0071963672653172495,0.0039789213805994095,1.2207710118356112,0.7397854848655608,0.4801114428599089,0.4154465487342506
2024-10-21,-0.024479391436035725,-0.00293518237799828,-0.02471064399667644,-0.0031664349386389956,1.2363446276613181,0.7554874765587134,0.48150558559755413,0.4203385727687914
2024-10-22,-0.015086986434334815,-0.012469180337869368,-0.01531823899497553,-0.012700432898510083,1.2358927776468713,0.7679413538986236,0.48998114625083294,0.42904142637317283
2024-10-23,0.01137465136678828,-0.001495564743491773,0.011143398806147564,-0.0017268173041324886,1.2503763606955567,0.7504916780276314,0.5007636645132137,0.4222524555091406
2024-10-24,0.007869744878911789,-0.0014773427748562273,0.007638492318271073,-0.001708595335496943,1.2466449588647421,0.7469013753534154,0.49873820623824994,0.42596325946724584
2024-10-25,-0.030462402223092155,-0.008959220549493163,-0.03069365478373287,-0.009190473110133879,1.3744799494364779,0.7654576181058864,0.525317673927112,0.4329938080724612
2024-10-28,0.026246638945187417,0.0065485676346082045,0.0260153863845467,0.006317315073967489,1.4060128502585554,0.7619221733060263,0.5339635830575328,0.43205188756894686
2024-10-29,0.018422669283769677,0.0052466588480091225,0.01819141672312896,0.005015406287368407,1.4206269347231,0.7714072225546431,0.538584120423789,0.4347638091296991
2024-10-30,0.031109647218079406,-0.005149825253829232,0.03087839465743869,-0.005381077814469948,1.3617826666312918,0.7882206074426281,0.5094099933201354,0.445576763131692
2024-10-31,0.0398401913282711,-0.005566773640794054,0.039608938767630386,-0.005798026201434769,1.312167376536177,0.7653961325465855,0.4796320241058242,0.42452606288497474
2024-11-01,-0.0019332095801034566,0.004090004961616156,-0.002164462140744172,0.0038587524009754404,1.3044791429812406,0.763233593742395,0.47187100227752965,0.4237705695286534
2024-11-04,0.0,-0.0127137736646451,-0.00023125256064071564,-0.012945026225285816,1.0908132757849327,0.7495339135372314,0.3845042370787194,0.41868476176441194
2024-11-05,0.0,0.00908305881860727,-0.00023125256064071564,0.008851806257966555,1.0479589059419085,0.7438755219461898,0.37656422715744164,0.4169182690873615
2024-11-06,0.0,0.011181870759630508,-0.00023125256064071564,0.010950618198989792,0.9771824251670289,0.7210437592048079,0.3522521811693022,0.41080045782702146
2024-11-07,0.0,-0.011628025706147627,-0.00023125256064071564,-0.011859278266788342,0.9599168679163197,0.7130834700113655,0.3502083782311522,0.4088047672960547
2024-11-08,0.0,-0.002113709312467793,-0.00023125256064071564,-0.0023449618731085087,0.9541819671633984,0.7033788131823268,0.34368196436974136,0.40091849216916414
2024-11-11,0.0,-0.00028567088740283353,-0.00023125256064071564,-0.0005169234480435492,0.951038425087093,0.7047954832252206,0.3440620305281855,0.40154105189153044
2024-11-12,0.0,-0.010680930776533315,-0.00023125256064071564,-0.01091218333717403,0.8810787042822953,0.6997495511691924,0.3245455216386691,0.40144372726853506
2024-11-13,0.0,-0.013582562322921432,-0.00023125256064071564,-0.013813814883562148,0.8397568457374115,0.6836101898234467,0.31776136290207396,0.39703946336442847
2024-11-14,0.0,-0.0011185324376894457,-0.00023125256064071564,-0.0013497849983301613,0.8759682099983602,0.686242148060554,0.3180595726692552,0.4019791525974408
2024-11-18,0.0,-0.0033527151631265184,-0.00023125256064071564,-0.003583967723767234,0.8793422366304096,0.6718669484072224,0.3196684978757754,0.3961660279347149
2024-11-19,0.0,0.002758581406631766,-0.00023125256064071564,0.0025273288459910503,0.9101120598579686,0.6730754886496368,0.3310747949626825,0.3971308460756839
2024-11-21,0.0,-0.007168807933116472,-0.00023125256064071564,-0.007400060493757188,0.8952645500576148,0.6712017163531632,0.32745659732661275,0.3968882121772286
2024-11-22,0.0,0.023869464111237804,-0.00023125256064071564,0.023638211550597088,0.7381962174532882,0.6409722720121167,0.2963909880619643,0.387412161501822
2024-11-25,0.0,0.013161295867362366,-0.00023125256064071564,0.01293004330672165,0.7005502612219119,0.6298937234060712,0.28841707284261525,0.3801882805072717
2024-11-26,0.0,-0.0011312238174179257,-0.00023125256064071564,-0.0013624763780586413,0.7179698223581762,0.6310615622365839,0.2933283245319817,0.38245275846772114
2024-11-27,0.0,0.003323085437806128,-0.00023125256064071564,0.0030918328771654124,0.7154875999995869,0.6300654229739377,0.2928643420373248,0.3820980891972329
2024-11-28,0.0,-0.014861029054492936,-0.00023125256064071564,-0.015092281615133651,0.6852829200002719,0.6137861346608204,0.2875563388894705,0.3809799058108806
2024-11-29,0.0,0.009072001940535257,-0.00023125256064071564,0.008840749379894541,0.6823662890948236,0.610650186344439,0.289377178935216,0.3791583783906196
2024-12-02,0.0,0.006006820004948565,-0.00023125256064071564,0.00577556744430785,0.6687308039995783,0.6067147444651105,0.28499738814096764,0.3761293208380281
2024-12-03,0.0,0.007460011144599932,-0.00023125256064071564,0.007228758583959216,0.6654130945850515,0.6018361072695273,0.28666236847016663,0.3781968620200671
2024-12-04,0.0,0.00042109681465385407,-0.00023125256064071564,0.00018984425401313842,0.6642294504112596,0.6355588088322635,0.2865335245773477,0.38373165965351036
2024-12-05,0.0,0.009847825562885104,-0.00023125256064071564,0.009616573002244388,0.6443574000477766,0.6817417881845588,0.2812414010082138,0.35147600125629663
2024-12-06,0.0,-0.0012384293961259507,-0.00023125256064071564,-0.0014696819567666664,0.6435847348428179,0.7178881308015884,0.28087998473552844,0.34726705901530913
2024-12-09,0.0,-0.0023827399277279726,-0.00023125256064071564,-0.0026139924883686882,0.5912865375268838,0.7123857464656518,0.2584223382974963,0.34382480015215117
2024-12-10,0.0,-0.0003635086213900074,-0.00023125256064071564,-0.000594761182030723,0.6055616066099564,0.7548317483353679,0.265635737128779,0.35439386017653124
2024-12-11,0.0,0.0012901233029631864,-0.00023125256064071564,0.0010588707423224708,0.6127471726112484,0.7534715528156316,0.26839959543667935,0.3539027138362213
2024-12-12,0.0,-0.003778196379659149,-0.00023125256064071564,-0.0040094489402998645,0.5898015841246549,0.7519073397739944,0.261283307558245,0.35369895526212675
2024-12-13,0.0,0.008945547808588916,-0.00023125256064071564,0.0087142952479482,0.6092382883914637,0.7432836814216836,0.2609207475488099,0.3513900924228892
2024-12-16,0.0,-0.004039468921733236,-0.00023125256064071564,-0.0042707214823739514,0.6103442753046181,0.7434558417973418,0.262056324664159,0.35184193685997717
2024-12-17,0.0,-0.013468730047733413,-0.00023125256064071564,-0.013699982608374128,0.6002090300800687,0.7251184874238074,0.2659750293163568,0.3476106926861112
2024-12-18,0.0,-0.005635699812006956,-0.00023125256064071564,-0.005866952372647671,0.6137198749994507,0.7207753517966274,0.2778471907444104,0.34617410827190875
2024-12-19,0.0,-0.010213311567061067,-0.00023125256064071564,-0.010444564127701783,0.6010394125359809,0.7085721765866195,0.2815696592701349,0.343228939944295
2024-12-20,0.0,-0.01520556915080562,-0.00023125256064071564,-0.015436821711446336,0.5899292655814019,0.6871593102184994,0.2833408484854124,0.3380286713649369
2024-12-23,0.0,0.0070354729729729115,-0.00023125256064071564,0.006804220412332196,0.39288201417302604,0.6844501524727264,0.20357295558586305,0.3376311551302662
2024-12-24,0.0,-0.0010861087115143775,-0.00023125256064071564,-0.0013173612721550931,0.41307626669081127,0.6851882160349142,0.2133549999171574,0.3380363974981769
2024-12-26,0.0,0.0009503186263191132,-0.00023125256064071564,0.0007190660656783976,0.4119434885958378,0.6910225462435333,0.21283201874817204,0.33960970364626825
2024-12-27,0.0,0.002661079652128029,-0.00023125256064071564,0.0024298270914873132,0.4315547294146719,0.6932157727206196,0.22723530360264552,0.3399888656890815
2024-12-30,0.0,-0.007075847935867907,-0.00023125256064071564,-0.007307100496508623,0.4848274237152508,0.6884892046131363,0.2563939124320772,0.33772172580181087
2024-12-31,0.0,-4.212721278373799e-06,-0.00023125256064071564,-0.00023546528191908944,0.4833182481102597,0.690086368843683,0.2558768515297665,0.33884264830077127
2025-01-01,0.0,0.004148887118253564,-0.00023125256064071564,0.003917634557612848,0.4967001747965353,0.6919359858288994,0.25885603739599944,0.33946727220145606
2025-01-02,0.0,0.018774033191665485,-0.00023125256064071564,0.01854278063102477,0.4418916582742498,0.6600363731782148,0.2413189826017018,0.3314387340081365
2025-01-03,0.0,-0.007602755327609123,-0.00023125256064071564,-0.007834007888249839,0.43738896378700004,0.6613296809792103,0.22947970220981664,0.33237307984558684
2025-01-06,0.0,-0.016192595996625703,-0.00023125256064071564,-0.01642384855726642,0.4195651019539236,0.6398963453760903,0.22465159948113622,0.3276200371821407
2025-01-07,0.0,0.0038892874268343647,-0.00023125256064071564,0.003658034866193649,0.3242959453035055,0.6377132012235814,0.19001055993899857,0.3270546355820911
2025-01-08,0.0,-0.0007993610384197103,-0.00023125256064071564,-0.001030613599060426,0.20529426181210214,0.6376895750298132,0.1366961473869683,0.3270546532631904
2025-01-09,0.0,-0.006857594959147506,-0.00023125256064071564,-0.007088847519788222,0.20851002247251366,0.6366147948372348,0.1418531358209651,0.32691153361579534
2025-01-10,0.0,-0.004037999702463213,-0.00023125256064071564,-0.004269252263103929,0.20514437478668368,0.6352524037140613,0.1407274664496336,0.3262044829620461
2025-01-13,0.0,-0.014747275302477436,-0.00023125256064071564,-0.014978527863118152,0.2033059402431404,0.6198979533859386,0.14672003182561877,0.32233854015639324
2025-01-14,0.0,0.003902874499386977,-0.00023125256064071564,0.003671621938746261,0.15565654081737773,0.616843332082023,0.11686357905935268,0.3200993058504134
2025-01-15,0.0,0.0016028803979861728,-0.00023125256064071564,0.0013716278373454571,0.16807069208535724,0.618693599516083,0.13824024075148514,0.3208799258366884
2025-01-16,0.0,0.004247650725383689,-0.00023125256064071564,0.004016398164742974,0.16223687975785017,0.6171063834989285,0.134441959390428,0.3204294968147495
2025-01-17,0.0,-0.004658651792672774,-0.00023125256064071564,-0.00488990435331349,0.11259230630490456,0.6320499125844287,0.09942660529527543,0.3279904928974575
2025-01-20,0.0,0.006100485537167577,-0.00023125256064071564,0.005869232976526861,0.10261056659982448,0.6258745711642771,0.09118321440420116,0.3238915954717566
2025-01-21,0.0,-0.013711845677293555,-0.00023125256064071564,-0.01394309823793427,0.09155128653876138,0.6130691715075612,0.08829686332568822,0.32069384088188324
2025-01-22,0.0,0.0056764909144164655,-0.00023125256064071564,0.00544523835377575,0.04767788258140176,0.6111239553593137,0.0468811798444283,0.32082514991810235
2025-01-23,0.0,0.0021593282262408753,-0.00023125256064071564,0.0019280756656001596,0.048074041530651854,0.6178054918266249,0.04781573891622176,0.32777448624015904
2025-01-24,0.0,-0.004876047658393667,-0.00023125256064071564,-0.005107300219034383,0.05015119713557737,0.616323331901267,0.050200091134058086,0.32741649525566024
2025-01-27,0.0,-0.011391241935562957,-0.00023125256064071564,-0.011622494496203672,-0.004851418366890694,0.62832324104969,-0.005570651152541168,0.32969583669555075
2025-01-28,0.0,0.005611229817278129,-0.00023125256064071564,0.005379977256637414,-0.04841129538917123,0.6247705948615692,-0.061256838890020725,0.32903072882055184
2025-01-29,0.0,0.008966649288351114,-0.00023125256064071564,0.008735396727710398,-0.07378122485897722,0.6169073820550323,-0.09938034374632897,0.32701524717831504
2025-01-30,0.0,0.003730087599762788,-0.00023125256064071564,0.0034988350391220724,-0.045149643868705756,0.6094703894165382,-0.07653528717689777,0.3242617483614086
2025-01-31,0.0,0.011135740150325812,-0.00023125256064071564,0.010904487589685097,-0.0018909788863645742,0.6053391687937572,-0.06700442738399418,0.32548154235173166
2025-02-01,0.0,-0.0011166221250199504,-0.00023125256064071564,-0.001347874685660666,0.0,0.5948754558808469,,0.3186252891019528
2025-02-03,0.0,-0.005157091976693451,-0.00023125256064071564,-0.0053883445373341665,3.731246348178633e-19,0.4646025960740291,inf,0.25116383503588996
2025-02-04,0.0,0.016189306820631133,-0.00023125256064071564,0.015958054259990417,1.7917260445926184e-19,0.4423446560853384,inf,0.24500424900762066
2025-02-05,0.0,-0.001809207062143936,-0.00023125256064071564,-0.0020404596227846516,3.6877662076801476e-19,0.4164813190010701,inf,0.23039517756316036
2025-02-06,0.0,-0.003922602634608197,-0.00023125256064071564,-0.004153855195248912,3.782557961773439e-19,0.42048456780160903,inf,0.23205331279972335
2025-02-07,0.0,-0.0018387386257991967,-0.00023125256064071564,-0.0020699911864399123,3.783321371769637e-19,0.4103064701420215,inf,0.2254676048378903
2025-02-10,0.0,-0.007570033692307909,-0.00023125256064071564,-0.007801286252948625,7.479777550281126e-19,0.4066932263188529,inf,0.22521547808701736
2025-02-11,0.0,-0.013249684936046169,-0.00023125256064071564,-0.013480937496686884,3.691096888453212e-19,0.3771972042437243,inf,0.21264590092747956
2025-02-12,0.0,-0.0011507892904301098,-0.00023125256064071564,-0.0013820418510708254,0.0,0.3766821698297093,,0.21264670111763517
2025-02-13,0.0,-0.0006009745771905495,-0.00023125256064071564,-0.0008322271378312651,7.676892585808376e-19,0.37356341194159837,inf,0.20729838976838685
2025-02-14,0.0,-0.004435266153706374,-0.00023125256064071564,-0.00466651871434709,3.8316138083998494e-19,0.37446005971450597,inf,0.20809001204052374
2025-02-17,0.0,0.0013192755977626813,-0.00023125256064071564,0.0010880230371219657,0.0,0.3860036942788326,,0.21491929737741075
2025-02-18,0.0,-0.0006184463402948426,-0.00023125256064071564,-0.0008496989009355582,3.8797306501893045e-19,0.3825770047168919,inf,0.21318478252907044
2025-02-19,0.0,-0.0005404326900405598,-0.00023125256064071564,-0.0007716852506812755,0.0,0.37658360530294016,,0.2116928481153134
2025-02-20,0.0,-0.0008612081186238907,-0.00023125256064071564,-0.0010924606792646063,0.0,0.3753330748352296,,0.21135587012650545
2025-02-21,0.0,-0.005117148798882476,-0.00023125256064071564,-0.005348401359523192,0.0,0.38096259572965113,,0.21388819252356617
2025-02-24,0.0,-0.010640105330068539,-0.00023125256064071564,-0.010871357890709255,0.0,0.3767975543239292,,0.21293310263500764
2025-02-25,0.0,-0.00025711604818956513,-0.00023125256064071564,-0.0004883686088302808,0.0,0.37813577981625396,,0.21369680958267312
2025-02-27,0.0,-0.00011087678764998277,-0.00023125256064071564,-0.0003421293482906984,0.0,0.3850606991812352,,0.21767689789929492
2025-02-28,0.0,-0.018644959666695105,-0.00023125256064071564,-0.01887621222733582,0.0,0.36639742414219867,,0.21150231182721985
2025-03-03,0.0,-0.00024400049223838316,-0.00023125256064071564,-0.0004752530528790988,9.568712534587068e-19,0.371285836680463,inf,0.21504436066037144
2025-03-04,0.0,-0.0016569416451024388,-0.00023125256064071564,-0.0018881942057431544,-9.57972851814249e-19,0.37023878274879946,-inf,0.21472802016929504
2025-03-05,0.0,0.011531695069225467,-0.00023125256064071564,0.011300442508584752,0.0,0.3611215022507805,,0.211590759894479
2025-03-06,0.0,0.009284847776867,-0.00023125256064071564,0.009053595216226284,-9.165502566934419e-19,0.35569653425210696,-inf,0.20976197786829845
2025-03-07,0.0,0.00034601398645017767,-0.00023125256064071564,0.00011476142580946203,0.0,0.32485068753797025,,0.19311646963701307
2025-03-10,0.0,-0.004088203913091726,-0.00023125256064071564,-0.0043194564737324415,0.0,0.33295042440853756,,0.19878612092682554
2025-03-11,0.0,0.0016740474556060647,-0.00023125256064071564,0.001442794894965349,0.0,0.3362843062579735,,0.20062432965712415
2025-03-12,0.0,-0.0012179087892316698,-0.00023125256064071564,-0.0014491613498723854,-9.153466853045892e-19,0.32540985927842947,-inf,0.1961798867924009
2025-03-13,0.0,-0.003262089461738671,-0.00023125256064071564,-0.0034933420223793865,0.0,0.33006477359000946,,0.1942174463203458
2025-03-17,0.0,0.004980568336268254,-0.00023125256064071564,0.004749315775627538,0.0,0.328232372337641,,0.19383076261222812
2025-03-18,0.0,0.01446329899483545,-0.00023125256064071564,0.014232046434194734,-9.090663725863823e-19,0.32210870776722067,-inf,0.19512242535747015
2025-03-19,0.0,0.0032100316461272094,-0.00023125256064071564,0.0029787790854864937,-9.103907919441706e-19,0.32860446758832873,-inf,0.2027253221949248
2025-03-20,0.0,0.012356195589090069,-0.00023125256064071564,0.012124943028449353,0.0,0.31628806853385427,,0.2015791864250089
2025-03-21,0.0,0.0068885519512889015,-0.00023125256064071564,0.006657299390648186,-2.3345652228287527e-19,0.31537049246927473,-inf,0.2020689603709094
2025-03-24,0.0,0.013188177230298859,-0.00023125256064071564,0.012956924669658143,-4.510688293142968e-19,0.20037433096538276,-inf,0.1415314773948627
2025-03-25,0.0,0.00043539728764163677,-0.00023125256064071564,0.00020414472700092112,-3.383860432604837e-19,0.2079839622218145,-inf,0.14685937323894097
2025-03-26,0.0,-0.007681079328545448,-0.00023125256064071564,-0.007912331889186164,-2.221800547581936e-19,0.2076341495449686,-inf,0.1470446749643866
2025-03-27,0.0,0.004474827877002596,-0.00023125256064071564,0.004243575316361881,-2.213881100304866e-19,0.21570190091743668,-inf,0.15554711767913593
2025-03-28,0.0,-0.0030773044101545244,-0.00023125256064071564,-0.00330855697079524,-4.475178594135777e-19,0.2378316514129814,-inf,0.17244560413811677
2025-04-01,0.0,-0.015036571865236992,-0.00023125256064071564,-0.015267824425877707,-4.2247750262154505e-19,0.2347142641617268,-inf,0.17255919681497375
2025-04-02,0.0,0.0071938424586863725,-0.00023125256064071564,0.006962589898045657,-2.0932019269502814e-19,0.23953723446129155,-inf,0.1749305145951891
2025-04-03,0.0,-0.0035251486188494496,-0.00023125256064071564,-0.0037564011794901653,0.0,0.23981049518426087,,0.1752350289107474
2025-04-04,0.0,-0.014866619775066536,-0.00023125256064071564,-0.015097872335707252,0.0,0.22678195257215816,,0.1638396183401379
2025-04-07,0.0,-0.03243254628305536,-0.00023125256064071564,-0.03266379884369608,7.345516802693327e-19,0.20383483583547307,inf,0.15575984877254298
2025-04-08,0.0,0.016887318902814252,-0.00023125256064071564,0.016656066342173537,-3.45037000534206e-19,0.15205882199233534,-inf,0.12864205378865914
2025-04-09,0.0,-0.006065856008070525,-0.00023125256064071564,-0.0062971085687112405,0.0,0.09437059332143219,,0.09179184483768135
2025-04-11,0.0,0.019170387409190415,-0.00023125256064071564,0.0189391348485497,-3.197882987090997e-19,0.08887758230893089,-inf,0.0900695775712389
2025-04-15,0.0,0.02190239778210845,-0.00023125256064071564,0.021671145221467736,-1.4653601190388282e-19,0.08035946610094546,-inf,0.0843502270558593
2025-04-16,0.0,0.004657316201027051,-0.00023125256064071564,0.004426063640386335,-2.8480638002246374e-19,0.08175982036852454,-inf,0.08863375980983486
2025-04-17,0.0,0.017683476937954135,-0.00023125256064071564,0.01745222437731342,-4.330750492328121e-19,0.05976135633968617,-inf,0.06875103444426417
2025-04-21,0.0,0.011483498464016417,-0.00023125256064071564,0.011252245903375702,-4.244168706655801e-19,0.06721559473777976,-inf,0.08537452133192043
2025-04-22,0.0,0.0017284255654137493,-0.00023125256064071564,0.0014971730047730336,-2.8351392785565144e-19,0.06487542041458681,-inf,0.0827405825703071
2025-04-23,0.0,0.006690840652122221,-0.00023125256064071564,0.006459588091481505,-2.8317838496834066e-19,0.04091521195552099,-inf,0.05570602338148534
2025-04-24,0.0,-0.0033807460922566923,-0.00023125256064071564,-0.003611998652897408,-2.8375950340453985e-19,0.038205153959555024,-inf,0.0522186481557138
2025-04-25,0.0,-0.00855166336268387,-0.00023125256064071564,-0.008782915923324586,0.0,0.031770519678115006,,0.04627888424580681
2025-04-28,0.0,0.012028211882747275,-0.00023125256064071564,0.01179695932210656,-2.8470253614648e-19,0.011949919559796986,-inf,0.017867109811074377
2025-04-29,0.0,0.0003061930965739812,-0.00023125256064071564,7.494053593326555e-05,-5.69555033474868e-19,0.01346647551577504,-inf,0.02038070788501989
2025-04-30,0.0,-7.191007773188485e-05,-0.00023125256064071564,-0.0003031626383726005,-2.8633453384777824e-19,0.014511518648191848,-inf,0.022085270130189252
2025-05-02,-0.003978104260800364,0.0005136803511647248,-0.004209356821441079,0.0002824277905240091,0.000388242525522229,-0.013056788811628837,0.007408703242661435,-0.02232000463715925
2025-05-05,0.007162625495453767,0.004700890697612925,0.0069313729348130515,0.004469638136972209,0.0049921768794255784,-0.0262872270651249,0.04591058880857412,-0.04936859977586636
2025-05-06,-0.023995060866085383,-0.0033338898599493128,-0.024226313426726098,-0.0035651424205900284,0.02304515394155518,-0.027303756844792953,0.0684916453654474,-0.048906997763550876
2025-05-07,0.010632356376297114,0.0014274549954715887,0.010401103815656398,0.001196202434830873,0.024092005592142085,-0.0102737925615191,0.0657029924339344,-0.021433765086490007
2025-05-08,-0.01567430012995219,-0.005758880297096702,-0.015905552690592906,-0.005990132857737418,0.04174328281642891,0.020696505779987228,0.09871783811395525,0.06609397699729029
2025-05-09,0.0019550588481382913,-0.0109501096942064,0.0017238062874975757,-0.011181362254847116,0.03617721979449383,0.018876409295359258,0.08630367404562148,0.06053534637364652
2025-05-12,0.01804330037825963,0.038183073090219954,0.017812047817618915,0.03795182052957924,0.12660066865045538,0.0765978879436514,0.29116921614219154,0.22591088386538855
2025-05-13,-6.932904755507785e-05,-0.01389583907654357,-0.0003005816081957935,-0.014127091637184286,0.1266721855756121,0.07578865917392462,0.29095959794130866,0.22470276354959326
2025-05-14,-0.002162172556938291,0.0036027960647213586,-0.0023934251175790067,0.003371543504080643,0.12580050268879997,0.07582473556787363,0.28855788486143524,0.22337825626671798
2025-05-15,0.004275611801663581,0.01602143814146184,0.004044359241022866,0.015790185580821126,0.13142480754779795,0.08100356420827272,0.30371289231225584,0.2381007148952011
2025-05-16,0.010218952530001824,-0.0016877607536591732,0.009987699969361108,-0.0019190133142998889,0.1276247896567891,0.07925672647433077,0.28419896340989653,0.22446784692587102
2025-05-19,-0.003490116062071724,-0.0029717088137536374,-0.00372136862271244,-0.003202961374394353,0.13056843932791484,0.08017501100035691,0.2883297942118005,0.22620714996636168
2025-05-20,-0.00014696900099675503,-0.010484831354666824,-0.00037822156163747067,-0.01071608391530754,0.13211041869556006,0.08033944252939151,0.29026833299195914,0.22662754763097676
2025-05-21,-0.0007986519290230643,0.00524831270888626,-0.00102990448966378,0.005017060148245545,0.13141279401422531,0.08116562799044186,0.28889311450333977,0.2272239255310206
2025-05-22,-0.0067494816440543115,-0.008211272774042211,-0.006980734204695027,-0.008442525334682927,0.13863974249612118,0.08567977468378278,0.30198473846766605,0.2369826149761701
2025-05-23,0.004469623798440292,0.009892488718005854,0.004238371237799576,0.009661236157365138,0.14324684818110356,0.08876814902779498,0.3108760943261165,0.24469207544521487
2025-05-26,0.0025338130837324613,0.005954979456279652,0.0023025605230917456,0.0057237268956389364,0.14442213609455853,0.08975704375002345,0.31323496562830855,0.2471651212778222
2025-05-27,-0.003964651689915555,-0.0069977248703164685,-0.0041959042505562705,-0.007228977430957184,0.14764916615030985,0.09232885469290313,0.32005604383021447,0.2529326636340167
2025-05-28,0.0027603552015100785,-0.0029706520659956714,0.002529102640869363,-0.003201904626636387,0.14574709415165493,0.09593271619696835,0.3154788017731574,0.25606473637536326
2025-05-29,0.0047624028123722795,0.003278479228775888,0.004531150251731564,0.0030472266681351723,0.14701378534640683,0.0986223933625332,0.3159759356085474,0.25953600714025343
2025-05-30,0.0015538526274285758,-0.00333823496911434,0.0013226000667878601,-0.0035694875297550555,0.14639166051626748,0.09803155234907764,0.3140065211257648,0.25792602066857095
2025-06-02,0.014913706416558092,-0.0013777230725331435,0.014682453855917377,-0.0016089756331738592,0.14305288816554262,0.09600109459863711,0.2852394099319503,0.23674032606304174
2025-06-03,0.0018411193981764384,-0.007043833380258491,0.0016098668375357228,-0.007275085940899206,0.13987025439992182,0.09618187352256471,0.2800788791904522,0.23512100836467875
2025-06-04,0.006417686295181246,0.003165904807986175,0.006186433734540531,0.0029346522473454595,0.14119848030451002,0.09867618291979997,0.28000621407972726,0.2379349695337312
2025-06-05,0.008113467823963605,0.005308696762106768,0.00788221526332289,0.005077444201466053,0.1518240914340419,0.1026182338294513,0.28827518025879517,0.24335149416654522
2025-06-06,0.0007744129442219805,0.01018752395450262,0.0005431603835812648,0.009956271393861904,0.15041786300940235,0.10280901497459262,0.28695639004639606,0.24432838213359165
2025-06-09,0.00040899682253892067,0.004005448710087123,0.00017774426189820502,0.003774196149446407,0.15023365692649146,0.10271255253550554,0.2864263235965654,0.24426526845113883
2025-06-10,0.003952798159446047,4.18584595869298e-05,0.0037215455988053314,-0.00018939410105378585,0.15213262147446074,0.10384456640608969,0.287429856615754,0.24506289946744286
2025-06-11,0.04199821485600408,0.0014798446727146697,0.04176696229536336,0.001248592112073954,0.15227787512604948,0.10881036180763773,0.20908633611128227,0.18660256361462307
2025-06-12,-0.029432399494348838,-0.010071084662786611,-0.029663652054989553,-0.010302337223427327,0.20117600575991684,0.13604794532970438,0.24856354967962815,0.2099143528404821
2025-06-13,-0.006032810734502014,-0.006814458847919758,-0.00626406329514273,-0.007045711408560473,0.2077077735396514,0.13954236631789096,0.256031237743831,0.2148011754578761
2025-06-16,0.004277167000032112,0.00921979376770854,0.004045914439391396,0.008988541207067824,0.209738705922963,0.1417594103828582,0.25928658303141644,0.21868060225571512
2025-06-17,-0.01369471018424906,-0.0037319707924959866,-0.013925962744889775,-0.003963223353136702,0.21994052165991781,0.14660595873784868,0.2663131274190425,0.22144159238272382
2025-06-18,0.0042517428138761915,-0.0016637405234334324,0.004020490253235476,-0.001894993084074148,0.2181763999461725,0.14726273175372873,0.2635906050389219,0.221319499855714
2025-06-19,-0.021502286597582465,-0.0007577278241026608,-0.02173353915822318,-0.0009889803847433765,0.22614893386254944,0.1490391321670402,0.26026027793768663,0.21355600865993127
2025-06-20,0.008611403772071258,0.01287247095983779,0.008380151211430542,0.012641218399197074,0.24147229095557404,0.15893478512842585,0.27540244287191684,0.22596927682903664
2025-06-23,0.009117245218005499,-0.0055948454872697395,0.008885992657364783,-0.005826098047910455,0.23135034337723276,0.1539862177352927,0.2629791141128693,0.2173567595113494
2025-06-24,0.019496556771741114,0.0029012296868362597,0.019265304211100398,0.002669977126195544,0.2408373424503383,0.1596426873083591,0.2631133416817737,0.2170923806280442
2025-06-25,-0.003985240978750637,0.008001820520425307,-0.004216493539391353,0.007770567959784591,0.23633026720953298,0.15864896232450318,0.25792560133695264,0.21346317680932128
2025-06-26,-0.006822899062484011,0.012052010814129765,-0.007054151623124727,0.01182075825348905,0.22667336240552305,0.1497582002430317,0.2456951883041412,0.20145292478785848
2025-06-27,0.0007561164996714442,0.003475704773181043,0.0005248639390307286,0.0032444522125403275,0.22642748423851028,0.14971680096673237,0.2455132242929952,0.2014458738403386
2025-06-30,0.025106927490148534,-0.004709842354665206,0.02487567492950782,-0.004941094915305921,0.20523017533945406,0.13699951897284796,0.2115705432598195,0.17574984972320745
2025-07-01,-0.003150692241493558,0.0009699396772837598,-0.0033819448021342735,0.0007386871166430442,0.20629878548541933,0.1370379108580512,0.21223552504334456,0.17558055571261244
2025-07-02,-0.0038206479553868355,-0.0034610085397696055,-0.004051900516027551,-0.003692261100410321,0.2089257415995007,0.13886157903971758,0.21460798089327093,0.17730407961267716
2025-07-03,0.015637047233158397,-0.00188971251922454,0.01540579467251768,-0.0021209650798652557,0.20688437850238658,0.13519807894927754,0.20518639479763923,0.1697602225786966
2025-07-04,-0.019252814194595902,0.0021924250859925998,-0.019484066755236618,0.001961172525351884,0.2067087646321787,0.13255440496897947,0.19841794800460427,0.1617054203250138
2025-07-07,-0.023036006268498777,1.1813410706551508e-05,-0.023267258829139492,-0.00021943914993416413,0.2121117332302867,0.13877056887675776,0.19554708422505057,0.16053218519519932
2025-07-08,-0.026999725137860753,0.0024036171315751087,-0.02723097769850147,0.002172364570934393,0.21673644977455,0.13432201565645394,0.1866427865177496,0.14794308962102262
2025-07-09,0.011969617489898665,-0.00181801902732881,0.01173836492925795,-0.0020492715879695256,0.2557286198592655,0.13491062761108943,0.19691102865392546,0.14537607573735975
2025-07-10,-0.004910831332172738,-0.004743646446198069,-0.005142083892813454,-0.004974899006838784,0.27331463614012563,0.13747784288847562,0.20650403669127734,0.1480503557876315
2025-07-11,-0.004546091400188135,-0.008100901810276007,-0.00477734396082885,-0.008332154370916722,0.2806284422600042,0.1405119114171973,0.21252769799428345,0.1516755968218015
2025-07-14,0.024035632734845436,-0.002685854157148504,0.02380438017420472,-0.0029171067177892196,0.27739813037489724,0.13329309944478604,0.1976382273718063,0.13906444773530982
2025-07-15,0.02283087379521942,0.004525103218794291,0.022599621234578704,0.004293850658153575,0.32459759437662894,0.1420273033428137,0.21522035906676887,0.1442410110753651
2025-07-16,0.004222114230657548,0.0006449487413033861,0.003990861670016832,0.00041369618066267044,0.3259035641561032,0.1446440633355242,0.21569508987125294,0.14503736920293858
2025-07-17,-0.002680561377749524,-0.003990217351728331,-0.0029118139383902397,-0.004221469912369047,0.3558276105645094,0.14619274645230562,0.228206173537739,0.14660327111604995
2025-07-18,-0.012342540449965522,-0.0056965580472427835,-0.012573793010606238,-0.005927810607883499,0.38713831460688936,0.15395376214059678,0.24372850414881955,0.15340484110945699
2025-07-21,0.015628826782797978,0.004898144302865282,0.015397574222157262,0.004666891742224566,0.4017880179806398,0.16066316941897352,0.25080061106127965,0.15830581260765492
2025-07-22,0.002149385567992601,-0.0011876443882732346,0.0019181330073518854,-0.0014188969489139502,0.4066576826950298,0.16046937557787078,0.25272353533927067,0.15789809421354642
2025-07-23,0.004876388681143151,0.006344544590244583,0.0046451361205024355,0.006113292029603867,0.40910203486861096,0.16324944784208245,0.25466138909521574,0.16051258240749758
2025-07-24,0.004690856590670256,-0.006256994627491075,0.00445960403002954,-0.0064882471881317905,0.40387011035968146,0.16207958483220397,0.2500797818203341,0.15793519274118448
2025-07-25,-0.029077633542061387,-0.008981674037030651,-0.029308886102702103,-0.009212926597671367,0.4864427885250561,0.1906713543485774,0.2869361487156073,0.1788717665085787
2025-07-28,-0.0037654501360311343,-0.006284962329387578,-0.00399670269667185,-0.0065162148900282935,0.488756255919304,0.19279825970525327,0.28966854610857334,0.18113901390353318
2025-07-29,0.01699472472791075,0.005680474234370125,0.016763472167270033,0.00544922167372941,0.5072882851278472,0.2013075718612801,0.2982922519861149,0.1867965092131868
2025-07-30,-0.012157154441816642,0.001367835124523431,-0.012388407002457358,0.0011365825638827154,0.5039386989609645,0.20282774960612462,0.29443438160132474,0.18549841556846286
2025-07-31,0.009143371612001738,-0.0034882717656889994,0.008912119051361023,-0.003719524326329715,0.48954262984540386,0.1994346455144134,0.2854771925599601,0.1817329853950071
2025-08-01,-0.016008500068929843,-0.008195943742782208,-0.01623975262957056,-0.008427196303422924,0.4961823561776526,0.21472285276389894,0.2958654161700912,0.19347733133085382
2025-08-04,0.014490356962084894,0.006407415043054421,0.014259104401444178,0.006176162482413705,0.509495004268248,0.22294732024316946,0.30401952768925256,0.1994800618264637
2025-08-05,-0.011334518689063655,-0.0029608040671041946,-0.01156577124970437,-0.0031920566277449103,0.49739699951600386,0.23008030616062317,0.29753453452220185,0.2035957685298712
2025-08-06,0.0005941864022986909,-0.003056914228121266,0.00036293384165797526,-0.0032881667887619814,0.5151769774727896,0.22971066120270625,0.303630214358934,0.20337307238466404
2025-08-07,0.005547073148441939,0.0008932609229541644,0.005315820587801223,0.0006620083623134487,0.558648904615124,0.23046711246656365,0.26306656203009704,0.20349226733480053
2025-08-08,-0.019418838164897645,-0.009466912735407229,-0.01965009072553836,-0.009698165296047945,0.660399750882203,0.2557184921766467,0.2986758500765497,0.22042105825042202
2025-08-11,0.021728494849654556,0.009101804471857822,0.02149724228901384,0.008870551911217106,0.7264164547753014,0.27366456580258075,0.3273913184087924,0.23262944045336864
2025-08-12,-0.004073376913893312,-0.003971941790719136,-0.0043046294745340274,-0.004203194351359851,0.7956107315900721,0.27551807473702955,0.3389744265773019,0.234028616594078
2025-08-13,0.03830548769855602,0.005388453516712133,0.0380742351379153,0.005157200956071417,0.888740263573258,0.29492585316230563,0.3617253636464267,0.23812276367253035
2025-08-14,-0.01066051974861304,0.00048543816407109475,-0.010891772309253756,0.0002541856034303791,0.8816127833618926,0.29626711194227484,0.3565761793667613,0.23734297318895825
2025-08-18,0.019283913312962753,0.009973019276634965,0.019052660752322037,0.009741766715994249,0.961956787371676,0.31733820051122136,0.3835691506518769,0.24991353157887913
2025-08-19,0.005258396662039422,0.004168564680625764,0.005027144101398706,0.003937312119985048,0.9792135602439697,0.3185495495274063,0.3894320703381601,0.2508307080489427
2025-08-20,-0.004386574725162351,0.0027981813736617234,-0.004617827285803067,0.0025669288130210077,0.9676796074768117,0.3171544046909445,0.37944935170580424,0.2495486207409732
2025-08-21,-0.021127633592004647,0.0013252889742787488,-0.021358886152645362,0.0010940364136380332,0.9858238365903572,0.3162375925896215,0.3708797078456825,0.24460870616259422
2025-08-22,0.016581015420697787,-0.008517482060098724,0.01634976286005707,-0.00874873462073944,0.8984769533081032,0.29770299326849914,0.3385265867095094,0.22946537170407538
2025-08-25,-0.0038666078556539585,0.003926417350905487,-0.004097860416294674,0.003695164790264771,0.8837935233282563,0.29571521941460044,0.3301668045208727,0.2278894522012145
2025-08-26,-0.004151358320843568,-0.010241179872034878,-0.0043826108814842835,-0.010472432432675594,0.8722072503386715,0.29757101222512533,0.33340832156211037,0.2305885471715766
2025-08-28,-0.009495620136304117,-0.008544430103923584,-0.009726872696944833,-0.0087756826645643,0.884959271048761,0.3046737092049744,0.34189353247797016,0.2363368161894705
2025-08-29,-0.01511160398611111,-0.0030223697933294824,-0.015342856546751826,-0.003253622353970198,0.9080423174634608,0.31088848854910023,0.3474863839588559,0.2390655960604145
2025-09-01,0.012942839788217197,0.008114070174605414,0.012711587227576482,0.007882817613964699,0.9340126445901353,0.3223599442920821,0.3636023022868082,0.24578020300280812
2025-09-02,-0.007347651794677779,-0.0018457290617897026,-0.007578904355318494,-0.0020769816224304183,0.9646132943266871,0.32426724518870914,0.3706883856305285,0.24683339513711344
2025-09-03,0.004128218865290467,0.0055107151470170646,0.0038969663046497516,0.005279462586376349,0.9560717648455438,0.3252520128604992,0.36938999355120183,0.24777727582935516
2025-09-04,-0.004813183263609688,0.0007788776228048189,-0.005044435824250404,0.0005476250621641032,0.9478238542086722,0.3376566799993638,0.3642363877713459,0.25179594220559165
2025-09-05,0.005180099670463401,0.00027084730671167456,0.004948847109822685,3.959474607095892e-05,0.9964739120335131,0.3372873440284201,0.3730981434610683,0.2513468598575457
2025-09-08,-0.006705692392469875,0.0012994782193525012,-0.006936944953110591,0.0010682256587117855,0.9989642860251984,0.33708079251062073,0.37195135805097534,0.25069972417398695
2025-09-09,-0.002983550671048163,0.003852930178235292,-0.0032148032316888786,0.0036216776175945764,0.9840029940956906,0.3404612691539232,0.36785859837677676,0.2516675826519406
2025-09-10,-0.0047581447916972275,0.0042020862308871365,-0.004989397352337943,0.003970833670246421,0.9335950778278398,0.3412451203997123,0.37355148142279776,0.2511977033756284
2025-09-11,-0.007252416774861659,0.0012974116602184615,-0.007483669335502374,0.001066159099577746,0.8256195929007365,0.34083674150784443,0.332828262801805,0.25044711912331635
2025-09-12,-0.0033367220558698785,0.004339045410009845,-0.003567974616510594,0.00410779284936913,0.8101468062244931,0.33965173612165145,0.32426821926496185,0.24929194873362612
2025-09-15,0.0006303500599107448,-0.0017838966811339896,0.00039909749927002913,-0.0020151492417747052,0.8225263137337827,0.33936109448540097,0.3227029662758286,0.2491725066262732
2025-09-16,-0.0005919166458748792,0.006777256391098607,-0.0008231692065155949,0.006546003830457892,0.7790465903035633,0.3374954158003941,0.31044865807707483,0.2482080921747129
2025-09-17,0.0021107733563365816,0.003611475529465391,0.001879520795695866,0.0033802229688246754,0.7839472043449027,0.33822767687371286,0.3131703821315492,0.2485708976895704
2025-09-18,0.0014129109495797376,0.0036853015416349333,0.001181658388939022,0.0034540489809942176,0.7687513125218147,0.33903853585413424,0.3142998878188276,0.24904045489169213
2025-09-19,0.00036665851214001677,-0.0037976065391384095,0.00013540595149930112,-0.004028859099779125,0.7721296479396363,0.3459435602878818,0.30445456273249905,0.25181398615266043
2025-09-22,-0.004043930421115172,-0.004923635718664832,-0.004275182981755887,-0.005154888279305547,0.817396144863046,0.3478892953943853,0.32250466916005355,0.2534746992725122
2025-09-23,-0.004901282776302085,-0.0013034343973540308,-0.005132535336942801,-0.0015346869579947464,0.7926355932028571,0.354887753410485,0.31739062469661516,0.2564286989769611
2025-09-24,0.006991795562518055,-0.00447365300760838,0.006760543001877339,-0.004704905568249096,0.8125759749650869,0.351784386600101,0.320638874730137,0.25366393247538277
2025-09-25,-0.004421741357782616,-0.006626948212322681,-0.0046529939184233315,-0.0068582007729633965,0.940450851207596,0.36090736256729805,0.3591120836316574,0.2584093362829244
2025-09-26,-0.015328794313663852,-0.009487437927231501,-0.015560046874304567,-0.009718690487872217,0.9841103248600894,0.37473066444565895,0.3794523063336008,0.2678779928053025
2025-09-29,0.009571116437768312,-0.0008030448049409777,0.009339863877127597,-0.0010342973655816934,1.0582377614164409,0.3759536615937383,0.41648265036596294,0.26708065327972824
2025-09-30,-0.003959597184175823,-0.0009661407544825362,-0.004190849744816538,-0.0011973933151232519,1.062974169189706,0.37743219901930003,0.41796814875804283,0.267755845992762
2025-10-01,-0.0008530542277705999,0.009150390492475902,-0.0010843067884113156,0.008919137931835186,1.003082175504153,0.37334839174678525,0.4047105967168637,0.26583834845726595
2025-10-03,0.0,0.0023332467769816567,-0.00023125256064071564,0.002101994216340941,1.016045148076748,0.3834051741723859,0.41581109578673786,0.2691840923028422
2025-10-06,0.0,0.007367178791287232,-0.00023125256064071564,0.0071359262306465165,1.0145908623474698,0.3832933475759165,0.4289013211416628,0.26914272854867866
2025-10-07,0.0,0.0012222193924698033,-0.00023125256064071564,0.0009909668318290876,1.0166129285156122,0.383901372597302,0.4417933094043454,0.26929841683192424
2025-10-08,0.0,-0.0024752925801897474,-0.00023125256064071564,-0.002706545140830463,1.0588448350142048,0.394410949439096,0.4791799019443902,0.27280693570494824
2025-10-09,0.0,0.005416017571936882,-0.00023125256064071564,0.005184765011296166,1.0511432875603879,0.4538818134982787,0.483533466402087,0.2921516010375161
2025-10-10,0.0,0.0041120501676790155,-0.00023125256064071564,0.0038807976070383,1.0396838936372719,0.47063756229600046,0.4784857865410994,0.29766762381139833
2025-10-13,0.0,-0.0022938183927065925,-0.00023125256064071564,-0.002525070953347308,1.0539266089177408,0.47317198879610783,0.4773882695962238,0.2984170375226313
2025-10-14,0.0,-0.003244479132464395,-0.00023125256064071564,-0.0034757316931051108,1.0901066765682113,0.49748386920087617,0.5120265915817347,0.30629802316653454
2025-10-15,0.0,0.007080820872521931,-0.00023125256064071564,0.006849568311881216,1.0144167294943587,0.5317976123678786,0.4977650862198772,0.31689743892458316
2025-10-16,0.0,0.010336228211479837,-0.00023125256064071564,0.01010497565083912,0.9595669824329823,0.5248127064537393,0.48520977446855346,0.3147286772822919
2025-10-17,0.0,0.004867983737610659,-0.00023125256064071564,0.004636731176969944,0.9546018799413037,0.5498650908082271,0.4831274901856927,0.3223394906049311
2025-10-20,0.0,0.005184813729964155,-0.00023125256064071564,0.004953561169323439,0.9237412912939099,0.5595147693021792,0.4701612453050192,0.32524798968483565
2025-10-21,0.0,0.0009847568259027106,-0.00023125256064071564,0.000753504265261995,0.8950466089319267,0.5596668843261764,0.46161789199486436,0.3253031088770288
2025-10-23,0.0,0.0008814076368377499,-0.00023125256064071564,0.0006501550761970343,0.899026472288143,0.5636612913327785,0.4635534149496578,0.3265474236563353
2025-10-24,0.0,-0.0037174505259611745,-0.00023125256064071564,-0.00394870308660189,0.8884236559226429,0.5634081868740562,0.45689049656461483,0.32647905412560324
2025-10-27,0.0,0.006625291500029773,-0.00023125256064071564,0.006394038939389057,0.914493115316125,0.5672738397646645,0.47029758726067705,0.32737299149732435
2025-10-28,0.0,-0.001149638146805021,-0.00023125256064071564,-0.0013808907074457366,0.8008071721097951,0.5810845987066012,0.4280307667313142,0.331531115684026
2025-10-29,0.0,0.0045381040946781415,-0.00023125256064071564,0.004306851534037426,0.8035028986675453,0.5792017085045144,0.4253772637365988,0.33093039937057933
2025-10-30,0.0,-0.0067571756478100875,-0.00023125256064071564,-0.006988428208450803,0.736884463888591,0.5740866955013837,0.40417759730537306,0.3295652246940898
2025-10-31,0.0,-0.006018660837397216,-0.00023125256064071564,-0.006249913398037932,0.7222667429850267,0.5701609625196112,0.40618682172503284,0.3287208879593165
2025-11-03,0.007897039524062288,0.0016036793506921665,0.0076657869634215725,0.0013724267900514509,0.7557480002138869,0.5682473527476228,0.42394603115940493,0.32702903172855774
2025-11-04,-0.006438084231671692,-0.006431586779760301,-0.006669336792312408,-0.006662839340401017,0.7120994879057785,0.5570433127434958,0.40401544470940143,0.3268302108577511
2025-11-06,-0.007171902748365766,-0.0034359080045569534,-0.007403155309006482,-0.003667160565197669,0.6849206776632202,0.5589428606729958,0.3930004572822825,0.3288124604243152
2025-11-07,0.011740841869793517,-0.0006820322478444663,0.011509589309152801,-0.0009132848084851819,0.6576279710278832,0.5428581339715616,0.3753032253555384,0.3196022202645029
2025-11-10,0.003189003009783864,0.0032185728871263475,0.0029577504491431483,0.002987320326485632,0.6668181318128867,0.5591720925852234,0.3794337687034293,0.3255529213614653
2025-11-11,-0.008124818825248403,0.0047156471705849246,-0.008356071385889119,0.004484394609944209,0.6406255911204425,0.5801565371003939,0.36522563327611757,0.29357248239158995
2025-11-12,-0.002240463520493563,0.0070384090258497345,-0.0024717160811342787,0.006807156465209019,0.536774503108673,0.597511715353662,0.31100637322532126,0.29642743130483573
2025-11-13,-0.006893551673035514,0.00012944949620363744,-0.00712480423367623,-0.0001018030644370782,0.44703337613830546,0.6015627241255966,0.2659950806130348,0.2976304608268349
2025-11-14,0.00015440373504760352,0.001194026471448284,-7.684882559311212e-05,0.0009627739108075684,0.4424558341882189,0.6244878610269783,0.26167168420510944,0.29934747887656515
2025-11-17,-0.01595871100690971,0.0039906690408659795,-0.016189963567550425,0.003759416480225264,0.29898144719387604,0.6122127972795345,0.21031088051101568,0.29241038750463894
2025-11-18,-0.00807254015743375,-0.003974806902018679,-0.008303792718074465,-0.004206059462659395,0.31364176147798545,0.6172130970087794,0.22383861161439175,0.29461833625126715
2025-11-19,0.018437331254700373,0.005503640675154298,0.018206078694059658,0.005272388114513582,0.26215570384844256,0.658146726334564,0.18431970555970745,0.3070900873735843
2025-11-20,-0.009000066087923808,0.005354541588221684,-0.009231318648564524,0.005123289027580968,0.22168847113631032,0.6468041913429237,0.15597875119598822,0.30109469054500987
2025-11-21,-0.012537372378204847,-0.0047342428227803435,-0.012768624938845563,-0.004965495383421059,0.26151403358717495,0.6573031544318942,0.18215678091957027,0.30292027472998545
2025-11-24,0.0029092897853089106,-0.004167936312968079,0.002678037224668195,-0.004399188873608795,0.2536650480914084,0.6544910324252585,0.18959721977856786,0.2988058353967877
2025-11-25,0.0005407244844746195,-0.002877529180069005,0.00030947192383390387,-0.0031087817407097207,0.3730250310649724,0.6540032041037469,0.2895112086171446,0.2977208208498564
2025-11-26,0.011840743411926313,0.012381783530362567,0.011609490851285598,0.012150530969721851,0.4452822781884864,0.668699230137847,0.34834498433055305,0.3072147197822228
2025-11-27,4.630664272475826e-05,0.0003911422381892571,-0.00018494591791595738,0.00015988967754854144,0.4597560864410417,0.6734329618843369,0.34595798732263355,0.30894326793594623
2025-11-28,0.0034136678820686495,-0.0004806903583736144,0.003182415321427934,-0.00071194291901433,0.4260561193865711,0.6702213550702146,0.31385039152557487,0.30726054128975355
2025-12-01,0.004852018478058051,-0.0010380212747401751,0.0046207659174173354,-0.0012692738353808908,0.3779720188718844,0.6720590071663858,0.2871548173739741,0.3073920607367334
2025-12-02,-0.014037747867602701,-0.005484113396941881,-0.014269000428243417,-0.005715365957582597,0.3711900376167527,0.696990089972708,0.28205962275833074,0.3204498899478372
2025-12-03,-0.018386737981624268,-0.0017746951904364927,-0.018617990542264984,-0.0020059477510772084,0.39267128172191557,0.7228888430600853,0.2831600646034685,0.32681330546545956
2025-12-04,-0.01589185490171885,0.0018375278996383138,-0.016123107462359565,0.0016062753389975981,0.36901512460429087,0.7127242726799602,0.2554138920988092,0.32015122495823
2025-12-05,0.0006032361324443958,0.005865433091659877,0.00037198357180368014,0.005634180531019162,0.36975359238694183,0.7013938501636015,0.2585979021553994,0.31597376814789946
2025-12-08,-0.024275760948470726,-0.00862653945989178,-0.02450701350911144,-0.008857792020532496,0.497112748628725,0.7614497895011597,0.33234530711344296,0.33691870478068076
2025-12-09,0.01693542986842056,-0.004657081109092687,0.016704177307779844,-0.004888333669733402,0.4214281926876061,0.7334648968744973,0.2712959351534963,0.32226875822936607
2025-12-10,-0.016534028747631324,-0.0031598875909956137,-0.01676528130827204,-0.0033911401516363293,0.46114353304886857,0.7466059434838915,0.28851978092965497,0.3265066506859732
2025-12-11,0.008636120630931554,0.0054565875164998,0.008404868070290838,0.0052253349558590845,0.4989675781307387,0.7401185517105527,0.3093926783245937,0.3414016487986036
2025-12-12,0.021945035255615197,0.005729990019651465,0.02171378269497448,0.00549873745901075,0.5713387995869558,0.7066395496288751,0.336072014370025,0.3253226370472671
2025-12-15,-0.0012637333968560371,-0.0007543469807149705,-0.0014949859574967528,-0.0009855995413556862,0.581615118054222,0.7058010776626181,0.3409666635393721,0.32284849082110945
2025-12-16,-0.0036626594727247053,-0.006424068837574293,-0.003893912033365421,-0.006655321398215008,0.579572735776367,0.7060930898806121,0.3444501046562829,0.3215852655982917
2025-12-17,-0.004763735153096693,-0.001606677033445636,-0.004994987713737409,-0.0018379295940863516,0.5958287334863634,0.6954217368553925,0.3494754697459893,0.31764062460506026
2025-12-18,0.047635481261810275,-0.00011619552256891819,0.04740422870116956,-0.00034744808320963383,0.5787988237006133,0.692675883847966,0.273381585402093,0.2960485484112963
2025-12-19,0.008580446605124692,0.005843362036054733,0.008349194044483976,0.005612109475414018,0.6000484638736766,0.6937314918271589,0.28358917032010134,0.3009153115054464
2025-12-22,0.008002880284176062,0.00793332910611566,0.007771627723535346,0.007702076545474945,0.6269904487828173,0.7003675637766613,0.29851801539627976,0.2994192117929409
2025-12-23,0.006334508612456435,0.00018148889399149937,0.00610325605181572,-4.9763666649216276e-05,0.6236719137304712,0.7241528994212637,0.29349227125241933,0.3082870029128042
2025-12-24,0.006637384365761667,-0.0013389838361685946,0.0064061318051209515,-0.0015702363968093103,0.6090177506985278,0.7063197542264226,0.2862048664491555,0.30337793388329304
2025-12-26,-0.0052051687602580055,-0.0038175521330050532,-0.005436421320898721,-0.004048804693645769,0.6499817614241014,0.731444686795457,0.3053032911951793,0.3120364350486223
2025-12-29,-0.0034898918069060647,-0.003847631310177624,-0.0037211443675467804,-0.0040788838708183395,0.6533215330509574,0.7910249469751243,0.3037240583666632,0.3312086930544085
2025-12-30,0.018883018144205233,-0.00012527898855285713,0.018651765583564517,-0.00035653154919357277,0.5761165880868933,0.7915964132203549,0.2563562984084852,0.3275731445247004
2025-12-31,0.018895162093548912,0.0073538342244390265,0.018663909532908196,0.007122581663798311,0.6541366425673534,0.8669950214495741,0.28991072980504157,0.3631620134548484
2026-01-01,0.0054344739579283985,0.0006487344669803274,0.005203221397287683,0.0004174819063396118,0.6484643657370331,0.8686736581878864,0.28701897347955113,0.36365436386947414
2026-01-02,0.010299546196697484,0.006960765170238581,0.010068293636056769,0.006729512609597865,0.7136958097071063,0.8769468744808611,0.3105909265725788,0.36806894351112285
2026-01-05,-0.003243785259712806,-0.0029720587604740167,-0.0034750378203535215,-0.0032033113211147324,0.7195637074875368,0.8894452129703418,0.31423703070533804,0.37607445177182186
2026-01-06,-0.00188007192792361,-0.0027276473171363724,-0.0021113244885643256,-0.002958899877777088,0.7471790720618507,0.9018103840835135,0.3225045078864432,0.38569828022786
2026-01-07,-0.00723944718788716,-0.001449622016468255,-0.007470699748527876,-0.0016808745771089706,0.7576125684493741,0.9034146829816383,0.32609242109442277,0.3921176858284198
2026-01-08,-0.02508911491598642,-0.010095364158449915,-0.025320367476627137,-0.010326616719090631,0.8876122009415449,0.9743195309308478,0.37987843828540196,0.4308519233580088
2026-01-09,-0.03271716983256823,-0.007479613285493514,-0.03294842239320894,-0.007710865846134229,1.0364744479409922,1.040502768680083,0.42201236077552545,0.45132579915129795
2026-01-12,0.013857893770645724,0.004164153963733375,0.013626641210005008,0.003932901403092659,1.0711523858569065,1.052336256920907,0.4316626079718289,0.4538404256294205
2026-01-13,-0.007752283187272835,-0.002246942885392733,-0.00798353574791355,-0.0024781954460334488,1.0844312794236115,1.066579719124346,0.43558636415446084,0.45509881196903734
2026-01-14,0.026365114501578413,-0.00259211846006413,0.026133861940937697,-0.0028233710207048457,1.0366048589710382,1.06544474770807,0.4014227881809225,0.453095689804399
2026-01-16,0.008133498296687858,0.0011201764399650926,0.007902245736047142,0.000888923879324377,1.0748663747680003,1.0431085210306466,0.4087652574284234,0.4480544720625043
2026-01-19,-0.004065595781097553,-0.004236324757381116,-0.004296848341738269,-0.0044675773180218314,1.15839372091997,1.041832528000229,0.4271709296990593,0.4488401588642768
2026-01-20,-0.021261083037286133,-0.013796877137441155,-0.021492335597926848,-0.01402812969808187,1.2280857282342763,1.0709093424210003,0.46802090970324767,0.46786841240893734
2026-01-21,-0.03333701023836155,-0.0029723570791637677,-0.03356826279900227,-0.0032036096398044833,1.3035607827898719,1.0875313964237352,0.4693637411609217,0.46143673323826145
2026-01-22,0.027351143949471135,0.00526285960946038,0.02711989138883042,0.005031607048819664,1.3783367793358887,1.105943100697715,0.4856815103092637,0.46327165092634853
2026-01-23,-0.028956824838293982,-0.009539381186706164,-0.029188077398934698,-0.00977063374734688,1.4695383080464943,1.1565977988573495,0.5145152063043285,0.48094333810852735
2026-01-27,-0.010740184693294963,0.005060152863462841,-0.010971437253935679,0.004828900302822126,1.4194596949907523,1.1367572762561755,0.49801879584128833,0.4708461753225804
2026-01-28,0.006123599386230749,0.006647346488174222,0.0058923468255900335,0.006416093927533506,1.4451615784699627,1.157988357382217,0.5062410552588975,0.47969182119695997
2026-01-29,-0.014780001619271288,0.0030048195489833507,-0.015011254179912004,0.002773566988342635,1.4080317268068008,1.0952598636910242,0.4911956648990498,0.45568796825263164
2026-01-30,0.008140781559381915,-0.003865234077404689,0.0079095289987412,-0.004096486638045405,1.397350610895952,1.0868427145373047,0.48434513784558286,0.449764774386094
2026-02-02,-0.0019142870926488476,-0.00917235522852089,-0.002145539653289563,-0.009403607789161605,1.37629740721487,1.044724320149224,0.4822266615119037,0.4393280610393653
2026-02-03,0.0,0.025475932330218942,-0.00023125256064071564,0.025244679769578227,1.013214387617391,0.8878530403802436,0.41566884981645225,0.40793462915522377
2026-02-04,0.0,0.0018831648283172964,-0.00023125256064071564,0.0016519122676765807,1.0075046975836985,0.8996900190118593,0.41452968198012297,0.4137630637379431
2026-02-05,0.0,-0.00516756745616076,-0.00023125256064071564,-0.0053988200168014755,0.9963003088917404,0.8755783060481593,0.40908705951256885,0.40309396088261223
2026-02-06,0.0,0.0019849016468285186,-0.00023125256064071564,0.001753649086187803,0.9906562369666982,0.8604883306233503,0.4066160158936348,0.39681017132751883
2026-02-09,0.0,0.006756581098813275,-0.00023125256064071564,0.006525328538172559,0.979284921028352,0.8459027928274697,0.40795053129377906,0.3927743085929812
2026-02-10,0.0,0.0026229876069705504,-0.00023125256064071564,0.002391735046329835,0.9763550619075546,0.8485809561613306,0.406683807861876,0.3936715196375948
2026-02-11,0.0,0.0007209990483325601,-0.00023125256064071564,0.0004897464876918445,0.9993089670370363,0.8479645102355216,0.4152812725129789,0.39375998545309493
2026-02-12,0.0,-0.00565042923620962,-0.00023125256064071564,-0.005881681796850335,1.009128679638513,0.8127023617526999,0.41797101219185684,0.3781830994695103
2026-02-13,0.0,-0.01302348257655217,-0.00023125256064071564,-0.013254735137192886,0.9385422953967546,0.7428265717047473,0.4031318542081974,0.35498860478891275
2026-02-16,0.0,0.008309432803093486,-0.00023125256064071564,0.00807818024245277,0.9140621110020092,0.7319030951296446,0.39816551857871607,0.3518197398564288
2026-02-17,0.0,0.00166066292063749,-0.00023125256064071564,0.0014294103599967745,0.944803531857132,0.6884436767841597,0.4141844321416658,0.34505699638268905
2026-02-18,0.0,0.003652002197183979,-0.00023125256064071564,0.0034207496365432633,0.9334847841737984,0.68749488519185,0.41010045318001026,0.34607962521842944
2026-02-19,0.0,-0.014136684522350174,-0.00023125256064071564,-0.01436793708299089,0.8355800782706908,0.6198371619774006,0.3839124741858127,0.320385349672362
2026-02-20,0.0,0.004592550680687868,-0.00023125256064071564,0.004361298120047152,0.8572129809728912,0.6144377688681102,0.3944027287537697,0.31810142082791115
2026-02-23,0.0,0.00554333479982394,-0.00023125256064071564,0.0053120822391832245,0.832828335415993,0.6145312362169413,0.38651133752364775,0.3190887446750521
2026-02-24,0.0,-0.011214156627970318,-0.00023125256064071564,-0.011445409188611033,0.8052676899931998,0.5997627083286778,0.3810801080688664,0.32037303974929954
2026-02-25,0.0,0.002275335490801167,-0.00023125256064071564,0.0020440829301604513,0.8062033062613706,0.6452427849684595,0.38150657335843685,0.3452573480804524
2026-02-26,0.0,0.0005513894339252978,-0.00023125256064071564,0.0003201368732845822,0.7970027386002546,0.6500669614991739,0.3683227668555849,0.3473794229941972
2026-02-27,0.0,-0.012468368500212268,-0.00023125256064071564,-0.012699621060852984,0.7544628525806597,0.6319281850816261,0.35794707477959553,0.33983469443933895
2026-03-02,0.0,-0.012429227421638323,-0.00023125256064071564,-0.012660479982279038,0.7169965702675297,0.600673292029992,0.3486857496240689,0.32694009527458123
2026-03-04,0.0,-0.015491187895474101,-0.00023125256064071564,-0.015722440456114817,0.6663125802837058,0.558672459185504,0.33602283845567327,0.3142449371373488
2026-03-05,0.0,0.011658274570576665,-0.00023125256064071564,0.01142702200993595,0.6206953216704595,0.5286727244526416,0.3222461494850712,0.301492336242508
2026-03-06,0.0,-0.012737318930444053,-0.00023125256064071564,-0.012968571491084768,0.5896505921716857,0.5071135145840212,0.31704670060989176,0.29450665619893623
2026-03-09,0.0,-0.017275692308183932,-0.00023125256064071564,-0.017506944868824648,0.5622234575447523,0.47380199224332264,0.31683732747881665,0.28271774547797407
2026-03-10,0.0,0.009719840791548862,-0.00023125256064071564,0.009488588230908146,0.5503275835950412,0.4669531663156668,0.3130660340363759,0.2814188412935186
2026-03-11,0.0,-0.01627056774308744,-0.00023125256064071564,-0.016501820303728154,0.48097414424628304,0.44264349881704845,0.2875761349772992,0.2735957688392965
2026-03-12,0.0,-0.009540396930332928,-0.00023125256064071564,-0.009771649490973644,0.48896452026045784,0.4367992328714398,0.29816977798650895,0.2723601666710792
2026-03-13,0.0,-0.02064586811222946,-0.00023125256064071564,-0.020877120672870175,0.44355490689277893,0.40799719361233083,0.286572698972164,0.26320402155893524
2026-03-16,0.0,0.011131271353117311,-0.00023125256064071564,0.010900018792476596,0.4177729702238604,0.4046981059112907,0.2742715596009718,0.2637108970324852
2026-03-17,0.0,0.007362598835607637,-0.00023125256064071564,0.007131346274966921,0.3792735395968484,0.40343778632143135,0.2556240393723714,0.2645667034926242
2026-03-18,0.0,0.008339304375208911,-0.00023125256064071564,0.008108051814568196,0.37117696305382986,0.4027740891630016,0.25286680777265624,0.2653708234245754
2026-03-19,0.0,-0.03262077926216955,-0.00023125256064071564,-0.03285203182281027,0.30540656038189806,0.3435166316900959,0.22869557228152892,0.24443973195374905
2026-03-20,0.0,0.004884308965338757,-0.00023125256064071564,0.004653056404698042,0.3027932685863839,0.3451868769971586,0.22794266749265718,0.24520754916456952
2026-03-23,0.0,-0.026037751600726855,-0.00023125256064071564,-0.02626900416136757,0.2597643366724804,0.31491596133237904,0.23470531434118513,0.23318466590020004
2026-03-24,0.0,0.017756683156527453,-0.00023125256064071564,0.017525430595886737,0.23695469789205337,0.30232217097370306,0.22101492440047077,0.228509528121124
2026-03-25,0.0,0.01719805962740728,-0.00023125256064071564,0.016966807066766565,0.21673100042186375,0.29249167869986564,0.20735050617821657,0.2252749941301955
2026-03-27,0.0,-0.02088905112938999,-0.00023125256064071564,-0.021120303690030706,0.20165842020262467,0.27679540081313025,0.19863338866418773,0.21815460621755642
2026-03-30,0.0,-0.02139385559374285,-0.00023125256064071564,-0.021625108154383565,0.18856745075803782,0.26298007574230603,0.19120416959211964,0.21231653378823542
2026-04-01,0.0,0.015583438293735208,-0.00023125256064071564,0.015352185733094492,0.18202930908357284,0.259484567265057,0.1887062486715442,0.2127880786165905
2026-04-02,0.0,0.0014858954897207788,-0.00023125256064071564,0.0012546429290800631,0.18156953982147608,0.25793046449387513,0.18843229031897812,0.21129635551162618
2026-04-06,0.0,0.01123362266767347,-0.00023125256064071564,0.011002370107032755,0.17463812080865007,0.2427939503891832,0.1884236703720285,0.2011387939722046
2026-04-07,0.0,0.0067658785769486585,-0.00023125256064071564,0.006534626016307943,0.1527503198081121,0.24204056052560946,0.16981222867078197,0.2017806870137133
2026-04-08,0.0,0.03778379295615997,-0.00023125256064071564,0.03755254039551925,0.13213023443747487,0.21128509357605404,0.16115532128145107,0.18908076165394214
2026-04-09,0.0,-0.009261439434677166,-0.00023125256064071564,-0.009492691995317881,0.12045358979252194,0.21155643246737446,0.14846834785200164,0.18926956776241127
2026-04-10,0.0,0.011587753764504383,-0.00023125256064071564,0.011356501203863667,0.1202771140068154,0.20930650788784003,0.14955632064483426,0.18838804547573126
2026-04-13,0.0,-0.008646321593950623,-0.00023125256064071564,-0.008877574154591339,0.11841299324198781,0.2086085450889343,0.14760211671746246,0.18785316897510793
